posting_id,posted_on,title,seniority,city,country,remote,salary_min_usd,salary_max_usd,company_size,skills
J70781,2023-01-01,Junior Data Analyst,junior,New York,US,remote,65000,86500,midmarket,looker|excel|statistics|tableau|sql
J72149,2023-01-01,Data Analyst,mid,Chicago,US,hybrid,76500,102000,scaleup,statistics|looker|excel|python|tableau
J72672,2023-01-01,Analytics Engineer,mid,London,GB,remote,,,midmarket,python|dbt|airflow
J73484,2023-01-01,Senior Machine Learning Engineer,senior,Bengaluru,IN,onsite,58500,78000,scaleup,python|aws|sql|pytorch
J70384,2023-01-02,Junior BI Developer,junior,San Francisco,US,remote,74500,99500,midmarket,modelling|power bi|sql|excel|dax
J70907,2023-01-02,Data Analyst,mid,Austin,US,onsite,76500,102000,enterprise,excel|looker|python|tableau
J72896,2023-01-02,Junior Data Analyst,junior,New York,US,hybrid,66500,89000,enterprise,tableau|statistics|python|excel|sql
J71263,2023-01-03,Senior Machine Learning Engineer,senior,Bengaluru,IN,hybrid,,,enterprise,kubernetes|aws|pytorch|python|sql
J72365,2023-01-03,Junior Data Platform Engineer,junior,New York,US,onsite,,,scaleup,aws|observability|terraform
J70162,2023-01-04,Senior Data Analyst,senior,Chicago,US,remote,86500,115500,scaleup,sql|python|looker|statistics|excel|tableau
J70848,2023-01-04,Junior Research Scientist,junior,London,GB,hybrid,84000,112000,scaleup,pytorch|jax|research|statistics
J72504,2023-01-04,Junior Data Analyst,junior,Bengaluru,IN,remote,18000,24000,scaleup,sql|statistics|python|excel
J70406,2023-01-05,Junior Data Analyst,junior,Bengaluru,IN,onsite,18000,24000,scaleup,python|excel|looker
J70564,2023-01-05,Senior Data Analyst,senior,Toronto,CA,remote,75500,100500,enterprise,sql|tableau|statistics|excel|looker
J70829,2023-01-05,Staff Machine Learning Engineer,staff,Austin,US,hybrid,195500,261000,startup,pytorch|mlflow|kubernetes|sql|aws|python
J71044,2023-01-05,Senior Data Analyst,senior,Bengaluru,IN,remote,31000,41500,enterprise,excel|looker|statistics|python
J71424,2023-01-05,Data Analyst,mid,San Francisco,US,remote,96500,129000,scaleup,statistics|python|excel|sql|tableau
J71833,2023-01-05,Junior BI Developer,junior,Chicago,US,remote,59500,79500,startup,power bi|dax|modelling|excel|sql
J72692,2023-01-05,Data Engineer,mid,Bengaluru,IN,remote,,,enterprise,python|aws|kafka|terraform
J73004,2023-01-05,Senior Data Analyst,senior,London,GB,remote,76500,102000,startup,looker|python|statistics|sql|excel|tableau
J72147,2023-01-07,Data Platform Engineer,mid,San Francisco,US,hybrid,164000,218500,startup,observability|aws|kubernetes|python
J72162,2023-01-07,Data Platform Engineer,mid,London,GB,hybrid,104000,138500,midmarket,python|spark|terraform|aws|observability
J72782,2023-01-08,Data Analyst,mid,New York,US,remote,93000,124000,scaleup,excel|tableau|statistics|sql|python|looker
J72972,2023-01-08,Data Engineer,mid,San Francisco,US,onsite,142000,189000,enterprise,terraform|aws|sql|spark|python|kafka
J73195,2023-01-08,Senior Data Scientist,senior,Bengaluru,IN,hybrid,45000,60000,startup,statistics|experimentation|pytorch|pandas|sql
J71720,2023-01-09,Junior Data Engineer,junior,Chicago,US,onsite,76500,102000,midmarket,sql|terraform|spark|python|aws|airflow
J73313,2023-01-09,Junior Analytics Engineer,junior,Bengaluru,IN,hybrid,,,midmarket,sql|python|git|dbt
J71776,2023-01-10,Lead Machine Learning Engineer,lead,New York,US,hybrid,251000,334500,scaleup,python|mlflow|kubernetes
J72533,2023-01-10,Senior Data Engineer,senior,São Paulo,BR,remote,,,scaleup,python|spark|aws|sql|kafka|terraform
J70445,2023-01-11,Senior Analytics Engineer,senior,London,GB,remote,113000,150500,scaleup,airflow|snowflake|sql|python|git
J71025,2023-01-11,Machine Learning Engineer,mid,San Francisco,US,hybrid,155000,206500,midmarket,pytorch|kubernetes|aws
J72631,2023-01-11,Junior Data Engineer,junior,San Francisco,US,remote,115000,153500,scaleup,sql|python|spark|terraform
J72172,2023-01-12,Senior Data Analyst,senior,Berlin,DE,remote,68000,90500,scaleup,sql|statistics|looker|excel
J73435,2023-01-12,Senior Analytics Engineer,senior,Chicago,US,hybrid,120000,160000,midmarket,python|dbt|snowflake|airflow|sql
J70030,2023-01-13,Research Scientist,mid,London,GB,remote,,,midmarket,pytorch|research|jax|python|statistics
J70379,2023-01-13,Junior Data Analyst,junior,Amsterdam,NL,hybrid,40500,54000,startup,tableau|looker|python
J70496,2023-01-13,Senior Data Engineer,senior,Amsterdam,NL,hybrid,114500,152500,enterprise,aws|kafka|airflow|python
J70512,2023-01-13,Data Analyst,mid,New York,US,onsite,93000,124000,scaleup,excel|tableau|sql
J70531,2023-01-13,Data Scientist,mid,New York,US,hybrid,128500,171500,enterprise,pandas|sql|pytorch|statistics|experimentation
J70834,2023-01-13,Senior Data Engineer,senior,Bengaluru,IN,hybrid,43000,57500,midmarket,kafka|sql|spark|python|aws
J71888,2023-01-13,Data Scientist,mid,Amsterdam,NL,onsite,86000,114500,scaleup,pandas|statistics|python|pytorch
J72137,2023-01-13,Staff Data Engineer,staff,London,GB,hybrid,139500,186000,midmarket,kafka|python|sql
J72660,2023-01-13,Senior Data Engineer,senior,New York,US,hybrid,174500,233000,enterprise,kafka|spark|terraform|aws|sql
J70556,2023-01-14,BI Developer,mid,Toronto,CA,remote,,,scaleup,dax|excel|power bi|sql|modelling
J70723,2023-01-14,Analytics Engineer,mid,Bengaluru,IN,hybrid,34000,45500,enterprise,airflow|dbt|python
J72028,2023-01-14,Data Engineer,mid,New York,US,onsite,126000,168500,scaleup,aws|kafka|terraform
J71551,2023-01-15,Junior BI Developer,junior,Toronto,CA,onsite,,,enterprise,modelling|sql|power bi|dax
J72169,2023-01-15,Senior Machine Learning Engineer,senior,Bengaluru,IN,hybrid,,,scaleup,pytorch|python|mlflow
J73008,2023-01-15,Data Scientist,mid,Chicago,US,remote,115000,153000,enterprise,python|statistics|pandas
J71541,2023-01-16,Senior Data Engineer,senior,London,GB,remote,,,enterprise,spark|aws|sql|airflow|python
J70107,2023-01-17,Data Analyst,mid,New York,US,remote,96500,128500,enterprise,sql|excel|statistics|looker
J70735,2023-01-17,Junior Data Scientist,junior,Toronto,CA,remote,64000,85000,midmarket,python|pandas|pytorch|sql|statistics|experimentation
J71085,2023-01-17,Lead Data Analyst,lead,Berlin,DE,hybrid,97500,130000,midmarket,statistics|looker|python|sql
J72399,2023-01-17,Lead Data Analyst,lead,Berlin,DE,hybrid,,,enterprise,looker|excel|statistics|tableau|sql|python
J72773,2023-01-17,Data Scientist,mid,Chicago,US,remote,,,enterprise,statistics|pytorch|pandas|experimentation
J72944,2023-01-17,BI Developer,mid,Bengaluru,IN,hybrid,25500,34500,enterprise,dax|excel|power bi|modelling
J70988,2023-01-18,Junior Analytics Engineer,junior,São Paulo,BR,remote,27500,36500,startup,snowflake|git|python
J71366,2023-01-18,BI Developer,mid,New York,US,hybrid,95500,127000,scaleup,dax|excel|modelling|power bi
J72663,2023-01-18,Junior Data Analyst,junior,London,GB,onsite,,,midmarket,statistics|sql|python|looker|excel|tableau
J73351,2023-01-18,Data Analyst,mid,London,GB,hybrid,,,scaleup,sql|statistics|looker|tableau
J70241,2023-01-19,Staff Data Scientist,staff,San Francisco,US,hybrid,215000,286500,midmarket,python|pytorch|pandas|sql|statistics|experimentation
J71633,2023-01-19,Staff Data Analyst,staff,New York,US,hybrid,132000,175500,midmarket,python|excel|looker|tableau|statistics|sql
J71779,2023-01-19,Junior Machine Learning Engineer,junior,Toronto,CA,hybrid,82500,110000,startup,kubernetes|aws|sql|mlflow
J71954,2023-01-19,Data Engineer,mid,Amsterdam,NL,onsite,,,enterprise,aws|terraform|sql|spark
J72327,2023-01-19,BI Developer,mid,Bengaluru,IN,hybrid,,,enterprise,excel|sql|power bi
J73060,2023-01-19,Machine Learning Engineer,mid,Amsterdam,NL,onsite,98000,130500,midmarket,kubernetes|pytorch|sql|mlflow
J73092,2023-01-19,Senior Data Engineer,senior,New York,US,hybrid,165500,221000,scaleup,spark|kafka|terraform|python|aws
J70624,2023-01-20,Junior Data Scientist,junior,Amsterdam,NL,remote,72000,96000,scaleup,pandas|sql|statistics|python
J71785,2023-01-20,Senior Data Analyst,senior,Chicago,US,hybrid,96000,128000,startup,sql|statistics|python|looker|excel
J71470,2023-01-21,Research Scientist,mid,Chicago,US,remote,143000,191000,scaleup,statistics|research|pytorch|jax
J72315,2023-01-21,Lead Data Platform Engineer,lead,Bengaluru,IN,hybrid,64500,86000,scaleup,python|observability|terraform|aws
J70259,2023-01-22,Data Analyst,mid,Toronto,CA,onsite,55000,73500,enterprise,excel|looker|tableau|python|sql|statistics
J70369,2023-01-22,Junior Data Engineer,junior,Austin,US,onsite,86000,115000,scaleup,terraform|kafka|airflow
J71818,2023-01-22,Senior BI Developer,senior,San Francisco,US,onsite,126000,168000,midmarket,sql|excel|dax|power bi
J72519,2023-01-22,Machine Learning Engineer,mid,New York,US,hybrid,150500,200500,scaleup,aws|kubernetes|pytorch|sql|python
J72576,2023-01-22,Data Engineer,mid,Toronto,CA,hybrid,82000,109500,startup,sql|kafka|airflow|spark|python
J73480,2023-01-22,Junior Data Engineer,junior,Berlin,DE,hybrid,,,enterprise,spark|terraform|airflow|kafka
J70998,2023-01-23,Senior Analytics Engineer,senior,São Paulo,BR,hybrid,,,scaleup,sql|airflow|dbt|git|python
J71712,2023-01-23,Data Analyst,mid,São Paulo,BR,hybrid,27000,36000,enterprise,excel|python|statistics|sql
J72640,2023-01-24,Senior Data Scientist,senior,New York,US,remote,191500,255500,enterprise,python|statistics|sql
J72709,2023-01-24,Junior Data Scientist,junior,San Francisco,US,remote,113500,151000,midmarket,pandas|statistics|pytorch|python|experimentation|sql
J70609,2023-01-25,Staff Machine Learning Engineer,staff,San Francisco,US,onsite,247000,329000,midmarket,sql|python|mlflow
J70835,2023-01-25,Junior Analytics Engineer,junior,Berlin,DE,onsite,57500,77000,enterprise,python|git|snowflake|dbt|sql
J72953,2023-01-25,Data Engineer,mid,Bengaluru,IN,onsite,,,scaleup,airflow|kafka|aws|python
J71335,2023-01-26,Senior Data Engineer,senior,London,GB,remote,,,startup,kafka|sql|terraform
J70054,2023-01-27,Senior Data Analyst,senior,New York,US,onsite,110500,147500,enterprise,tableau|python|statistics|looker
J71221,2023-01-27,Data Analyst,mid,São Paulo,BR,onsite,,,scaleup,sql|python|statistics
J72070,2023-01-27,Senior Data Scientist,senior,San Francisco,US,hybrid,169000,225500,midmarket,python|pytorch|pandas
J72868,2023-01-27,Staff Data Analyst,staff,São Paulo,BR,hybrid,47000,62500,startup,tableau|statistics|python|sql|looker|excel
J72993,2023-01-28,Staff Analytics Engineer,staff,Bengaluru,IN,hybrid,52500,70000,scaleup,airflow|git|sql|snowflake|dbt|python
J73440,2023-01-28,Staff Data Engineer,staff,San Francisco,US,remote,208000,277500,scaleup,sql|terraform|python|kafka|spark
J70549,2023-01-29,Lead Analytics Engineer,lead,Bengaluru,IN,hybrid,,,scaleup,snowflake|sql|git|airflow|dbt|python
J71130,2023-01-29,Senior Data Platform Engineer,senior,Bengaluru,IN,hybrid,,,scaleup,observability|spark|python|terraform|aws|kubernetes
J72563,2023-01-29,Lead Data Scientist,lead,Austin,US,onsite,,,enterprise,python|sql|experimentation|pandas|pytorch
J72071,2023-01-30,Junior Data Analyst,junior,London,GB,hybrid,,,startup,python|tableau|looker|statistics
J72749,2023-01-30,Data Scientist,mid,London,GB,hybrid,90500,121000,enterprise,pytorch|experimentation|statistics
J73298,2023-01-30,Staff Machine Learning Engineer,staff,New York,US,onsite,251000,335000,startup,python|mlflow|pytorch|kubernetes
J70245,2023-01-31,Junior Analytics Engineer,junior,Toronto,CA,remote,55000,73500,scaleup,python|snowflake|airflow|git|sql
J70427,2023-01-31,Junior Data Analyst,junior,São Paulo,BR,onsite,,,scaleup,statistics|sql|excel|python|looker
J70490,2023-01-31,Analytics Engineer,mid,Bengaluru,IN,remote,,,startup,airflow|python|git|dbt|snowflake
J72990,2023-01-31,Junior BI Developer,junior,London,GB,remote,52500,70000,enterprise,excel|power bi|modelling
J73189,2023-01-31,Staff Data Engineer,staff,New York,US,hybrid,192500,256500,startup,terraform|airflow|aws|python|kafka
J73338,2023-01-31,Senior Research Scientist,senior,Chicago,US,hybrid,171000,228000,scaleup,jax|statistics|research|python|pytorch
J72080,2023-02-01,Data Scientist,mid,Chicago,US,onsite,106500,141500,enterprise,experimentation|statistics|python|pytorch|sql
J72232,2023-02-01,Data Scientist,mid,Toronto,CA,remote,98500,131000,scaleup,sql|python|statistics
J73161,2023-02-01,Junior Data Engineer,junior,San Francisco,US,hybrid,109000,145500,scaleup,aws|sql|terraform|python|kafka
J70696,2023-02-02,Data Engineer,mid,Bengaluru,IN,hybrid,36000,47500,startup,spark|kafka|airflow|sql|aws
J70911,2023-02-02,Data Analyst,mid,Berlin,DE,remote,,,startup,looker|excel|statistics
J71381,2023-02-02,Analytics Engineer,mid,Toronto,CA,hybrid,81000,108000,enterprise,python|dbt|airflow|snowflake|sql
J71426,2023-02-02,Machine Learning Engineer,mid,San Francisco,US,onsite,,,enterprise,python|aws|sql|kubernetes|pytorch
J72350,2023-02-02,Staff BI Developer,staff,Austin,US,remote,131500,175500,scaleup,modelling|excel|sql|power bi
J70962,2023-02-03,Junior BI Developer,junior,Toronto,CA,hybrid,45500,60500,scaleup,sql|excel|dax
J72313,2023-02-03,Junior Machine Learning Engineer,junior,Berlin,DE,onsite,,,enterprise,python|kubernetes|aws|sql|pytorch
J72453,2023-02-03,Data Analyst,mid,San Francisco,US,hybrid,86000,115000,enterprise,sql|looker|statistics|tableau|excel|python
J73039,2023-02-03,Data Engineer,mid,Chicago,US,hybrid,103500,137500,scaleup,aws|airflow|sql|terraform|spark
J70540,2023-02-04,Junior Analytics Engineer,junior,Austin,US,onsite,74000,98500,midmarket,sql|dbt|snowflake|git
J70746,2023-02-04,Senior Data Engineer,senior,Berlin,DE,remote,112000,149000,midmarket,kafka|aws|spark|sql|python|airflow
J72038,2023-02-04,Staff Data Analyst,staff,New York,US,hybrid,129000,172000,midmarket,python|statistics|looker|sql|tableau
J72351,2023-02-04,Data Engineer,mid,Amsterdam,NL,hybrid,95500,127000,startup,spark|terraform|sql|airflow
J72969,2023-02-04,Senior Machine Learning Engineer,senior,San Francisco,US,hybrid,198500,264500,midmarket,aws|python|mlflow|sql|kubernetes
J73081,2023-02-04,Junior Machine Learning Engineer,junior,Chicago,US,hybrid,86500,115500,midmarket,python|aws|pytorch
J70160,2023-02-05,Junior Data Analyst,junior,London,GB,hybrid,47000,62500,enterprise,statistics|python|looker|tableau|sql
J70971,2023-02-05,Junior BI Developer,junior,São Paulo,BR,hybrid,,,scaleup,excel|sql|modelling|power bi|dax
J71184,2023-02-05,Junior Analytics Engineer,junior,London,GB,remote,59500,79000,enterprise,sql|python|git|airflow
J71650,2023-02-05,Staff BI Developer,staff,Bengaluru,IN,hybrid,42000,56000,enterprise,power bi|dax|modelling
J72054,2023-02-05,Staff Data Platform Engineer,staff,San Francisco,US,hybrid,241000,321500,startup,aws|kubernetes|python|observability
J72822,2023-02-05,Staff Data Analyst,staff,New York,US,hybrid,141500,189000,midmarket,statistics|excel|python|sql|tableau
J70705,2023-02-06,Lead Data Engineer,lead,San Francisco,US,hybrid,216000,288000,scaleup,terraform|kafka|airflow|sql|spark|python
J71913,2023-02-06,Junior Data Analyst,junior,Amsterdam,NL,hybrid,,,enterprise,statistics|sql|tableau|python|looker
J71920,2023-02-06,Data Engineer,mid,São Paulo,BR,hybrid,,,scaleup,aws|airflow|kafka|sql
J72500,2023-02-06,Data Engineer,mid,New York,US,hybrid,126500,168500,enterprise,aws|sql|airflow|python|kafka
J71373,2023-02-07,Staff Data Analyst,staff,San Francisco,US,onsite,147500,196500,scaleup,python|tableau|sql|looker
J72110,2023-02-08,Junior Data Scientist,junior,London,GB,hybrid,69500,93000,scaleup,pytorch|python|statistics|sql|pandas
J70232,2023-02-09,Analytics Engineer,mid,London,GB,hybrid,,,scaleup,airflow|sql|python|dbt
J70621,2023-02-09,Data Engineer,mid,New York,US,onsite,128500,171500,scaleup,aws|python|terraform|sql|kafka|spark
J71556,2023-02-09,Lead Data Platform Engineer,lead,San Francisco,US,hybrid,270500,360500,enterprise,observability|python|terraform
J72664,2023-02-09,Data Engineer,mid,Amsterdam,NL,hybrid,82500,110000,scaleup,terraform|sql|aws|kafka
J70830,2023-02-11,Junior Analytics Engineer,junior,Austin,US,remote,71000,94500,enterprise,git|dbt|airflow|python|snowflake
J70866,2023-02-11,Junior Data Analyst,junior,Toronto,CA,remote,,,enterprise,tableau|looker|excel|python|statistics
J70996,2023-02-11,Staff Data Engineer,staff,Austin,US,hybrid,165500,221000,midmarket,python|aws|spark|kafka|sql|terraform
J71095,2023-02-11,Junior Data Engineer,junior,Amsterdam,NL,remote,68000,91000,scaleup,terraform|sql|kafka|python
J72336,2023-02-11,Senior Data Scientist,senior,Berlin,DE,hybrid,116500,155500,scaleup,statistics|pandas|python|pytorch|experimentation
J73430,2023-02-11,Staff Machine Learning Engineer,staff,Amsterdam,NL,hybrid,,,midmarket,sql|pytorch|python|mlflow
J71401,2023-02-12,Junior Data Engineer,junior,New York,US,hybrid,94500,126000,midmarket,aws|kafka|sql
J70012,2023-02-13,Junior Data Analyst,junior,San Francisco,US,hybrid,70000,93000,startup,statistics|looker|tableau|excel|python|sql
J70574,2023-02-13,Machine Learning Engineer,mid,Amsterdam,NL,remote,102000,136000,midmarket,aws|python|pytorch
J71305,2023-02-13,Staff Data Analyst,staff,London,GB,hybrid,100500,134000,startup,tableau|sql|python|looker
J71341,2023-02-13,Senior Data Scientist,senior,Chicago,US,hybrid,140500,187500,startup,experimentation|pandas|python|pytorch|sql|statistics
J71647,2023-02-13,Junior Data Scientist,junior,Toronto,CA,hybrid,71500,95500,enterprise,pytorch|sql|statistics|python|experimentation|pandas
J72418,2023-02-13,Junior Machine Learning Engineer,junior,Berlin,DE,hybrid,,,startup,python|kubernetes|aws|sql|mlflow|pytorch
J73126,2023-02-13,Senior Data Analyst,senior,Berlin,DE,remote,,,enterprise,looker|sql|tableau|python|statistics|excel
J71743,2023-02-14,Junior Data Analyst,junior,London,GB,hybrid,42500,56500,scaleup,python|tableau|sql|excel
J71138,2023-02-15,BI Developer,mid,Austin,US,onsite,74000,98500,scaleup,excel|sql|power bi
J72425,2023-02-15,Senior Data Platform Engineer,senior,Bengaluru,IN,hybrid,50500,67500,midmarket,observability|terraform|kubernetes
J72705,2023-02-15,Staff Data Analyst,staff,São Paulo,BR,hybrid,46500,62000,enterprise,statistics|tableau|looker|python|excel|sql
J70016,2023-02-16,Junior Data Scientist,junior,Chicago,US,onsite,85500,114000,startup,sql|python|experimentation|pytorch|pandas
J70041,2023-02-16,Junior Analytics Engineer,junior,São Paulo,BR,remote,,,scaleup,airflow|git|snowflake|python|dbt
J70948,2023-02-16,Data Platform Engineer,mid,Bengaluru,IN,remote,38000,50500,enterprise,observability|spark|aws
J71364,2023-02-16,Junior Data Engineer,junior,Chicago,US,hybrid,,,midmarket,sql|aws|terraform
J72148,2023-02-16,Research Scientist,mid,Bengaluru,IN,hybrid,,,scaleup,python|statistics|jax
J70337,2023-02-17,Senior Data Engineer,senior,Toronto,CA,onsite,102500,137000,enterprise,terraform|python|kafka
J70498,2023-02-17,Junior BI Developer,junior,Chicago,US,hybrid,55500,74000,enterprise,dax|modelling|sql|power bi
J71273,2023-02-17,Senior Data Analyst,senior,Bengaluru,IN,onsite,29500,39500,startup,statistics|tableau|sql
J72620,2023-02-17,Junior Data Engineer,junior,Chicago,US,hybrid,80500,107500,enterprise,python|aws|terraform
J72743,2023-02-17,Senior Machine Learning Engineer,senior,Bengaluru,IN,remote,60000,80000,scaleup,sql|python|pytorch|aws|kubernetes
J71822,2023-02-18,Senior Data Scientist,senior,Chicago,US,hybrid,150500,200500,midmarket,python|experimentation|pandas
J72437,2023-02-18,Senior Data Engineer,senior,São Paulo,BR,hybrid,56000,74500,midmarket,kafka|spark|airflow|terraform|python|aws
J73139,2023-02-18,Senior Analytics Engineer,senior,Berlin,DE,hybrid,,,startup,git|sql|python|airflow
J72613,2023-02-19,Data Engineer,mid,San Francisco,US,hybrid,129000,172000,enterprise,spark|sql|python|airflow
J71500,2023-02-20,BI Developer,mid,London,GB,hybrid,,,startup,modelling|excel|sql|power bi
J72786,2023-02-20,Senior Data Platform Engineer,senior,Amsterdam,NL,hybrid,114500,152500,scaleup,aws|spark|terraform
J73288,2023-02-20,Senior Analytics Engineer,senior,Amsterdam,NL,hybrid,,,enterprise,dbt|python|airflow|snowflake|git|sql
J70051,2023-02-21,Data Analyst,mid,Toronto,CA,onsite,62000,82500,midmarket,statistics|python|tableau|sql|looker|excel
J70060,2023-02-21,Senior BI Developer,senior,London,GB,onsite,,,enterprise,modelling|dax|excel|sql|power bi
J70165,2023-02-21,Staff BI Developer,staff,Bengaluru,IN,onsite,39500,53000,midmarket,sql|excel|dax
J70481,2023-02-21,Data Analyst,mid,New York,US,remote,88000,117500,midmarket,tableau|excel|statistics|sql|looker|python
J70617,2023-02-21,Analytics Engineer,mid,New York,US,remote,129000,172000,enterprise,git|snowflake|sql|airflow|python
J73041,2023-02-21,Analytics Engineer,mid,New York,US,hybrid,121000,161500,scaleup,airflow|git|dbt|snowflake|python
J70787,2023-02-22,Senior Data Scientist,senior,Austin,US,hybrid,132000,176000,startup,pandas|python|pytorch
J70887,2023-02-22,Junior Data Engineer,junior,New York,US,onsite,101000,135000,enterprise,spark|python|airflow|sql|aws|terraform
J72674,2023-02-22,Data Engineer,mid,Austin,US,hybrid,104500,139500,midmarket,python|airflow|aws|kafka|terraform|spark
J70181,2023-02-23,Lead Data Engineer,lead,London,GB,onsite,140000,187000,midmarket,aws|airflow|terraform|sql|python|spark
J70750,2023-02-23,Data Analyst,mid,San Francisco,US,hybrid,100000,133500,startup,sql|python|statistics|looker
J71339,2023-02-23,Senior Data Analyst,senior,New York,US,remote,104500,139500,startup,python|statistics|looker|excel|tableau|sql
J72349,2023-02-23,Analytics Engineer,mid,New York,US,hybrid,127500,170000,enterprise,python|sql|airflow|snowflake|git|dbt
J73174,2023-02-23,Senior Machine Learning Engineer,senior,Toronto,CA,onsite,141000,188000,enterprise,kubernetes|sql|python|mlflow|pytorch
J71050,2023-02-24,Data Scientist,mid,London,GB,onsite,98500,131500,midmarket,statistics|experimentation|sql
J71630,2023-02-24,Staff Data Scientist,staff,Berlin,DE,remote,139500,186000,midmarket,python|experimentation|statistics|pandas
J72971,2023-02-24,Staff Data Analyst,staff,Amsterdam,NL,onsite,,,startup,looker|sql|statistics|python
J70210,2023-02-25,Junior Data Scientist,junior,São Paulo,BR,hybrid,34500,45500,enterprise,statistics|python|experimentation|sql
J70381,2023-02-25,Data Engineer,mid,Austin,US,remote,106500,142000,enterprise,kafka|terraform|airflow|python|sql
J71506,2023-02-25,Staff Research Scientist,staff,Bengaluru,IN,onsite,,,startup,statistics|pytorch|jax|python
J72126,2023-02-25,Data Engineer,mid,Chicago,US,hybrid,,,midmarket,kafka|airflow|python|terraform|spark
J72560,2023-02-25,Data Scientist,mid,London,GB,hybrid,,,scaleup,pandas|python|sql|experimentation|pytorch
J70580,2023-02-26,Data Engineer,mid,San Francisco,US,hybrid,135500,180500,enterprise,aws|python|terraform
J70822,2023-02-26,Data Engineer,mid,Bengaluru,IN,hybrid,38500,51000,scaleup,python|kafka|aws|airflow|sql
J71035,2023-02-26,Staff Data Analyst,staff,New York,US,hybrid,133000,177500,scaleup,tableau|looker|excel|python|statistics|sql
J73097,2023-02-26,Senior Data Analyst,senior,Amsterdam,NL,hybrid,,,enterprise,statistics|tableau|excel|looker|python|sql
J70982,2023-02-27,Junior BI Developer,junior,Chicago,US,hybrid,61500,82500,scaleup,sql|modelling|power bi
J71277,2023-02-28,Lead Data Analyst,lead,Berlin,DE,remote,100000,133500,midmarket,looker|tableau|statistics
J72058,2023-02-28,Junior Data Engineer,junior,Bengaluru,IN,remote,28000,37500,scaleup,sql|kafka|airflow|python|aws
J72366,2023-02-28,Senior Data Scientist,senior,San Francisco,US,onsite,172500,230500,startup,python|sql|pandas|pytorch|experimentation|statistics
J71284,2023-03-01,Senior Data Engineer,senior,Bengaluru,IN,hybrid,44500,59000,startup,kafka|aws|sql|terraform|python
J71421,2023-03-01,Staff Machine Learning Engineer,staff,Amsterdam,NL,remote,179000,239000,midmarket,aws|pytorch|mlflow|kubernetes
J71706,2023-03-01,Senior Analytics Engineer,senior,Toronto,CA,hybrid,101000,135000,enterprise,git|airflow|dbt|sql
J72499,2023-03-01,Analytics Engineer,mid,São Paulo,BR,onsite,41500,55000,startup,sql|python|git|airflow|dbt|snowflake
J70149,2023-03-02,Senior Data Analyst,senior,Berlin,DE,hybrid,,,midmarket,statistics|looker|python|tableau|excel
J70167,2023-03-02,Machine Learning Engineer,mid,San Francisco,US,remote,161500,215500,midmarket,pytorch|mlflow|aws|python|kubernetes|sql
J71615,2023-03-02,Data Engineer,mid,New York,US,remote,132500,177000,midmarket,python|kafka|aws|sql
J71700,2023-03-02,Senior Machine Learning Engineer,senior,Berlin,DE,hybrid,125500,167500,enterprise,kubernetes|mlflow|aws|python|pytorch|sql
J71802,2023-03-02,Junior Data Scientist,junior,Berlin,DE,hybrid,59000,78500,midmarket,sql|statistics|pandas|pytorch
J71882,2023-03-02,Staff Machine Learning Engineer,staff,Amsterdam,NL,onsite,153500,204500,enterprise,kubernetes|python|mlflow
J72043,2023-03-02,Machine Learning Engineer,mid,San Francisco,US,hybrid,155000,207000,enterprise,mlflow|sql|pytorch|aws
J72050,2023-03-02,Data Engineer,mid,Bengaluru,IN,remote,35500,47500,scaleup,kafka|python|terraform|airflow|spark
J73441,2023-03-02,Senior Data Engineer,senior,London,GB,onsite,124500,166000,scaleup,aws|kafka|spark
J71212,2023-03-03,Junior Data Analyst,junior,New York,US,onsite,,,scaleup,excel|statistics|sql
J71590,2023-03-03,Lead Data Engineer,lead,London,GB,remote,142000,189500,startup,python|terraform|sql|airflow
J70252,2023-03-04,Senior Data Analyst,senior,Amsterdam,NL,hybrid,75500,100500,enterprise,excel|tableau|sql|statistics
J73152,2023-03-04,Senior Data Engineer,senior,Bengaluru,IN,hybrid,48000,64500,enterprise,spark|terraform|kafka|python|aws
J72297,2023-03-05,Junior BI Developer,junior,London,GB,hybrid,45000,60000,startup,modelling|excel|dax|sql
J73070,2023-03-05,Data Analyst,mid,San Francisco,US,onsite,87500,116500,midmarket,python|sql|looker
J72095,2023-03-06,Data Analyst,mid,São Paulo,BR,hybrid,,,midmarket,tableau|statistics|python|excel|sql|looker
J72280,2023-03-06,Lead Data Engineer,lead,Bengaluru,IN,remote,,,enterprise,terraform|aws|python
J70056,2023-03-07,Senior Research Scientist,senior,Bengaluru,IN,onsite,,,enterprise,statistics|python|pytorch|research|jax
J70373,2023-03-07,Senior Data Engineer,senior,New York,US,remote,175000,233000,enterprise,airflow|python|spark|aws|sql
J71081,2023-03-07,Staff Machine Learning Engineer,staff,Amsterdam,NL,onsite,152000,203000,startup,python|mlflow|aws|sql|pytorch
J71471,2023-03-07,Lead Data Analyst,lead,Bengaluru,IN,onsite,,,enterprise,sql|statistics|tableau|excel
J72150,2023-03-07,Junior Data Platform Engineer,junior,Chicago,US,onsite,84500,112500,startup,python|kubernetes|aws|spark|observability|terraform
J70422,2023-03-08,Junior BI Developer,junior,San Francisco,US,hybrid,,,scaleup,sql|power bi|excel|modelling|dax
J72021,2023-03-08,Senior Data Engineer,senior,London,GB,remote,,,scaleup,spark|terraform|python|aws|sql
J72325,2023-03-08,Analytics Engineer,mid,Amsterdam,NL,hybrid,,,midmarket,dbt|airflow|sql|snowflake|git|python
J72421,2023-03-08,Senior Research Scientist,senior,New York,US,hybrid,216500,288500,startup,jax|statistics|research|python
J73024,2023-03-08,Junior Data Analyst,junior,Austin,US,remote,51000,68000,enterprise,sql|looker|statistics|excel|tableau
J71509,2023-03-09,Analytics Engineer,mid,San Francisco,US,hybrid,132500,177000,scaleup,dbt|git|python|airflow
J71929,2023-03-09,Junior Data Analyst,junior,San Francisco,US,onsite,70000,93500,enterprise,python|excel|looker|statistics
J70295,2023-03-10,Junior Data Engineer,junior,New York,US,hybrid,99500,133000,enterprise,aws|kafka|python
J70827,2023-03-10,Senior Analytics Engineer,senior,San Francisco,US,onsite,165500,221000,scaleup,git|sql|airflow
J71208,2023-03-10,Data Scientist,mid,Chicago,US,onsite,114500,152500,startup,statistics|sql|pandas|experimentation
J71742,2023-03-10,Staff Data Analyst,staff,San Francisco,US,hybrid,143500,191000,enterprise,excel|statistics|looker|python
J72125,2023-03-10,Analytics Engineer,mid,Toronto,CA,hybrid,79000,105500,midmarket,dbt|airflow|snowflake|python
J73030,2023-03-10,BI Developer,mid,San Francisco,US,hybrid,108500,145000,enterprise,modelling|power bi|excel|sql|dax
J70626,2023-03-11,Junior Data Engineer,junior,San Francisco,US,remote,98000,130500,midmarket,airflow|kafka|aws|sql
J70990,2023-03-11,Data Engineer,mid,San Francisco,US,remote,132500,176500,enterprise,sql|terraform|airflow
J71210,2023-03-11,Senior Data Scientist,senior,London,GB,hybrid,115500,154500,startup,python|pandas|pytorch
J72343,2023-03-12,Analytics Engineer,mid,São Paulo,BR,hybrid,41500,55500,scaleup,sql|python|airflow|snowflake|dbt|git
J72447,2023-03-12,Senior Machine Learning Engineer,senior,New York,US,onsite,184000,245000,midmarket,kubernetes|mlflow|pytorch
J70079,2023-03-13,Data Scientist,mid,Toronto,CA,onsite,,,midmarket,sql|pytorch|python|statistics|experimentation|pandas
J70949,2023-03-13,Senior BI Developer,senior,New York,US,hybrid,112000,149000,enterprise,power bi|sql|modelling
J71188,2023-03-13,Junior Data Analyst,junior,New York,US,onsite,64000,85000,scaleup,sql|statistics|tableau|excel
J70670,2023-03-14,Staff Analytics Engineer,staff,São Paulo,BR,hybrid,65000,86500,scaleup,airflow|sql|dbt|git|snowflake|python
J72442,2023-03-14,Senior Data Analyst,senior,New York,US,remote,118500,158000,midmarket,looker|python|tableau|excel|statistics
J72687,2023-03-14,Junior Data Analyst,junior,Berlin,DE,onsite,,,scaleup,sql|excel|statistics|python
J72730,2023-03-14,Junior Data Analyst,junior,San Francisco,US,onsite,67500,89500,startup,tableau|python|statistics|excel|looker|sql
J72824,2023-03-14,Senior Data Engineer,senior,Toronto,CA,remote,112000,149500,scaleup,spark|aws|terraform|sql|airflow|kafka
J70156,2023-03-15,Senior Data Analyst,senior,New York,US,onsite,112000,149500,midmarket,tableau|looker|python|sql
J71409,2023-03-15,Senior Data Analyst,senior,Bengaluru,IN,onsite,30000,40000,midmarket,sql|excel|python|statistics|looker
J72407,2023-03-15,Data Engineer,mid,Toronto,CA,hybrid,,,startup,sql|python|aws
J73229,2023-03-15,Data Analyst,mid,Toronto,CA,onsite,59500,79500,scaleup,python|looker|excel|statistics|sql
J70516,2023-03-16,BI Developer,mid,London,GB,remote,63000,84000,enterprise,sql|power bi|dax
J71853,2023-03-16,Senior Data Engineer,senior,Berlin,DE,remote,100500,134000,scaleup,python|terraform|spark|kafka|airflow
J72257,2023-03-17,Senior Data Analyst,senior,Austin,US,hybrid,95000,126500,scaleup,sql|python|tableau|excel
J70920,2023-03-18,Junior Machine Learning Engineer,junior,London,GB,hybrid,82500,110000,scaleup,pytorch|python|kubernetes|mlflow|sql
J71669,2023-03-18,Staff Analytics Engineer,staff,Toronto,CA,remote,132500,176500,enterprise,python|snowflake|sql|git|dbt|airflow
J72722,2023-03-18,Data Engineer,mid,San Francisco,US,hybrid,144500,192500,scaleup,airflow|python|sql|terraform
J73021,2023-03-18,Senior Data Engineer,senior,Chicago,US,onsite,135500,180500,midmarket,kafka|spark|sql|python
J70520,2023-03-19,Data Analyst,mid,London,GB,hybrid,,,startup,looker|excel|tableau|sql
J71103,2023-03-19,Staff Analytics Engineer,staff,San Francisco,US,hybrid,185500,247500,scaleup,sql|snowflake|dbt|python
J72360,2023-03-19,Senior BI Developer,senior,Chicago,US,onsite,104500,139500,midmarket,power bi|dax|sql|excel
J72536,2023-03-19,Staff Machine Learning Engineer,staff,New York,US,onsite,227000,302500,scaleup,sql|pytorch|mlflow|aws|kubernetes|python
J70929,2023-03-20,Data Analyst,mid,London,GB,hybrid,58500,78500,scaleup,sql|excel|tableau|statistics|looker|python
J72310,2023-03-20,Research Scientist,mid,New York,US,hybrid,162500,216500,startup,research|statistics|python|pytorch
J70636,2023-03-21,Junior Data Analyst,junior,Bengaluru,IN,hybrid,18500,25000,startup,sql|statistics|looker|python|tableau
J70888,2023-03-21,Senior Data Analyst,senior,Bengaluru,IN,remote,33000,44000,enterprise,excel|tableau|looker|python|sql
J71873,2023-03-21,Data Analyst,mid,São Paulo,BR,remote,27500,37000,scaleup,statistics|looker|tableau|excel|sql
J72090,2023-03-21,Senior Data Scientist,senior,San Francisco,US,hybrid,187000,249500,scaleup,python|pandas|statistics
J72942,2023-03-21,Data Scientist,mid,London,GB,hybrid,,,midmarket,statistics|pandas|python|sql|pytorch|experimentation
J73099,2023-03-21,Junior Analytics Engineer,junior,San Francisco,US,remote,102000,136000,scaleup,dbt|airflow|snowflake
J72140,2023-03-22,Senior Data Analyst,senior,Bengaluru,IN,hybrid,32000,42500,scaleup,python|excel|tableau|looker|sql
J72827,2023-03-22,Staff Analytics Engineer,staff,Amsterdam,NL,hybrid,,,scaleup,python|snowflake|dbt
J72849,2023-03-22,Data Analyst,mid,Berlin,DE,remote,,,enterprise,tableau|statistics|looker|python
J70021,2023-03-23,Data Analyst,mid,Berlin,DE,onsite,52500,70000,scaleup,statistics|looker|tableau|python|sql|excel
J70794,2023-03-23,Data Analyst,mid,Amsterdam,NL,onsite,57500,77000,enterprise,python|looker|excel|statistics
J70845,2023-03-23,Junior Data Analyst,junior,Amsterdam,NL,onsite,44000,58500,scaleup,sql|python|tableau|statistics
J70953,2023-03-23,Senior Machine Learning Engineer,senior,São Paulo,BR,hybrid,61000,81000,startup,kubernetes|mlflow|python|pytorch
J71272,2023-03-23,Analytics Engineer,mid,São Paulo,BR,onsite,38000,50500,midmarket,snowflake|git|dbt|airflow
J71806,2023-03-23,Data Analyst,mid,São Paulo,BR,hybrid,28000,37500,enterprise,excel|tableau|python|looker|sql
J72319,2023-03-23,Staff Data Analyst,staff,Bengaluru,IN,remote,,,enterprise,sql|python|statistics
J70394,2023-03-24,Junior Data Engineer,junior,Amsterdam,NL,hybrid,66000,87500,enterprise,airflow|aws|sql|terraform|python|spark
J70493,2023-03-24,Senior Data Engineer,senior,New York,US,hybrid,153500,204500,enterprise,spark|airflow|kafka|terraform|aws|python
J70693,2023-03-24,Senior Data Scientist,senior,Austin,US,remote,154500,206000,enterprise,pytorch|sql|experimentation|pandas|statistics|python
J70884,2023-03-24,Data Scientist,mid,London,GB,onsite,94500,126000,midmarket,experimentation|pytorch|statistics|pandas|sql
J73247,2023-03-24,Research Scientist,mid,Chicago,US,onsite,141000,188000,scaleup,pytorch|jax|python|research|statistics
J73197,2023-03-25,Junior Data Analyst,junior,Chicago,US,hybrid,,,midmarket,python|looker|tableau|excel
J70268,2023-03-26,Senior Data Engineer,senior,Bengaluru,IN,remote,46000,61500,midmarket,terraform|kafka|aws|python
J70072,2023-03-27,Data Analyst,mid,San Francisco,US,onsite,85500,114000,midmarket,statistics|tableau|sql|looker
J71810,2023-03-27,Junior Analytics Engineer,junior,San Francisco,US,remote,95500,127500,enterprise,sql|git|airflow|dbt|snowflake
J72115,2023-03-27,Senior Analytics Engineer,senior,Austin,US,onsite,129500,172500,midmarket,airflow|snowflake|git|sql
J72285,2023-03-27,Data Analyst,mid,New York,US,hybrid,91500,122000,midmarket,excel|python|sql|tableau|statistics
J70083,2023-03-28,Staff Data Analyst,staff,New York,US,hybrid,138500,184500,midmarket,statistics|sql|python|tableau|looker
J71487,2023-03-28,Senior Machine Learning Engineer,senior,New York,US,onsite,205000,273000,startup,python|kubernetes|aws|mlflow|pytorch
J72097,2023-03-28,Staff Analytics Engineer,staff,Berlin,DE,onsite,110500,147500,midmarket,dbt|airflow|sql|python|snowflake|git
J73158,2023-03-28,Senior Data Analyst,senior,Bengaluru,IN,remote,,,enterprise,tableau|excel|looker|sql
J71380,2023-03-29,Junior BI Developer,junior,London,GB,hybrid,,,midmarket,modelling|dax|sql
J71455,2023-03-29,Data Engineer,mid,London,GB,remote,88000,117500,midmarket,terraform|sql|python|airflow|spark
J71682,2023-03-29,Staff Data Analyst,staff,Toronto,CA,onsite,93500,124500,scaleup,excel|statistics|sql|python|looker
J72321,2023-03-29,Data Analyst,mid,San Francisco,US,remote,93000,124000,enterprise,tableau|looker|excel|python|sql
J72434,2023-03-29,Data Engineer,mid,Bengaluru,IN,hybrid,,,startup,aws|kafka|spark|python|terraform
J72909,2023-03-29,Analytics Engineer,mid,Austin,US,onsite,93500,124500,enterprise,snowflake|dbt|airflow|sql
J72966,2023-03-29,Junior Data Analyst,junior,Bengaluru,IN,hybrid,,,enterprise,excel|sql|python|statistics
J70211,2023-03-30,Senior Data Engineer,senior,Toronto,CA,onsite,,,startup,sql|spark|terraform|python|kafka|aws
J71522,2023-03-30,Machine Learning Engineer,mid,Amsterdam,NL,hybrid,,,midmarket,aws|python|pytorch|mlflow|sql|kubernetes
J71989,2023-03-30,Senior Data Engineer,senior,New York,US,onsite,155000,207000,midmarket,spark|kafka|sql|terraform
J71313,2023-03-31,Analytics Engineer,mid,New York,US,hybrid,117000,156000,startup,snowflake|python|git|dbt|sql
J72240,2023-03-31,Staff Machine Learning Engineer,staff,Amsterdam,NL,remote,,,scaleup,mlflow|kubernetes|sql|python
J71321,2023-04-01,Junior BI Developer,junior,San Francisco,US,onsite,73500,98000,midmarket,sql|power bi|modelling|excel
J71744,2023-04-01,Junior Data Analyst,junior,New York,US,hybrid,61500,82000,scaleup,python|sql|statistics|excel|tableau|looker
J72632,2023-04-01,Data Scientist,mid,Bengaluru,IN,hybrid,,,startup,experimentation|pytorch|statistics
J71016,2023-04-02,Senior Data Analyst,senior,Amsterdam,NL,hybrid,78000,104000,startup,excel|tableau|python|looker|sql|statistics
J71454,2023-04-02,Junior Machine Learning Engineer,junior,New York,US,hybrid,111000,148000,scaleup,aws|mlflow|pytorch|sql|kubernetes
J72355,2023-04-02,Staff Data Scientist,staff,Bengaluru,IN,remote,63500,85000,midmarket,experimentation|statistics|python
J73446,2023-04-03,Data Scientist,mid,San Francisco,US,hybrid,144000,192000,enterprise,statistics|experimentation|pytorch
J70374,2023-04-04,Senior Data Analyst,senior,San Francisco,US,hybrid,119000,159000,scaleup,statistics|sql|excel|python
J70576,2023-04-04,Junior Data Analyst,junior,Chicago,US,hybrid,55500,73500,midmarket,excel|looker|python
J70699,2023-04-04,Senior Analytics Engineer,senior,San Francisco,US,hybrid,147500,197000,scaleup,git|snowflake|dbt
J70862,2023-04-04,Senior Machine Learning Engineer,senior,London,GB,remote,,,midmarket,python|pytorch|kubernetes|aws|sql
J71608,2023-04-04,Senior Data Analyst,senior,Berlin,DE,hybrid,67000,89000,enterprise,looker|statistics|python|tableau|excel
J71594,2023-04-05,Junior Data Platform Engineer,junior,San Francisco,US,remote,118000,157500,scaleup,observability|terraform|aws|python|kubernetes|spark
J72764,2023-04-05,Senior Data Scientist,senior,Berlin,DE,hybrid,103500,138000,midmarket,sql|python|pandas
J73225,2023-04-05,Data Engineer,mid,Bengaluru,IN,onsite,34500,46000,scaleup,aws|spark|python|airflow|kafka|sql
J71329,2023-04-06,Analytics Engineer,mid,London,GB,remote,85500,114000,enterprise,sql|git|airflow|python|dbt
J71579,2023-04-06,Data Analyst,mid,San Francisco,US,hybrid,89000,118500,scaleup,excel|statistics|python
J71775,2023-04-06,Senior Machine Learning Engineer,senior,London,GB,hybrid,142500,190000,scaleup,aws|mlflow|pytorch|kubernetes|python
J71910,2023-04-06,Staff Data Scientist,staff,Amsterdam,NL,onsite,,,enterprise,pytorch|python|sql|experimentation|statistics
J72410,2023-04-06,Lead Machine Learning Engineer,lead,San Francisco,US,onsite,285000,380000,midmarket,aws|python|mlflow|pytorch|sql
J72870,2023-04-06,Senior Analytics Engineer,senior,San Francisco,US,remote,156500,209000,enterprise,git|dbt|airflow|python|sql
J72994,2023-04-06,Data Engineer,mid,Berlin,DE,onsite,88500,117500,midmarket,python|kafka|terraform|sql|aws
J70802,2023-04-07,Lead Data Scientist,lead,Berlin,DE,onsite,139000,185500,enterprise,pytorch|python|statistics|experimentation|sql|pandas
J70885,2023-04-07,Lead Data Analyst,lead,Austin,US,hybrid,110500,147000,midmarket,excel|tableau|python|sql
J71782,2023-04-07,BI Developer,mid,London,GB,hybrid,,,enterprise,excel|modelling|sql|dax|power bi
J71870,2023-04-07,Machine Learning Engineer,mid,New York,US,hybrid,169000,225000,enterprise,pytorch|aws|sql|python|mlflow
J70421,2023-04-08,Senior Data Platform Engineer,senior,São Paulo,BR,hybrid,60500,80500,scaleup,kubernetes|python|aws|terraform|observability
J70583,2023-04-08,Junior Data Analyst,junior,London,GB,onsite,45500,61000,scaleup,python|tableau|looker|statistics
J71789,2023-04-08,Analytics Engineer,mid,Berlin,DE,hybrid,74500,99500,midmarket,dbt|snowflake|sql|git
J73027,2023-04-08,Data Analyst,mid,Toronto,CA,hybrid,59500,79000,startup,tableau|statistics|looker|sql
J73089,2023-04-08,Data Scientist,mid,Chicago,US,onsite,101500,135500,startup,python|experimentation|pandas|statistics|sql
J73426,2023-04-08,Senior Data Scientist,senior,São Paulo,BR,hybrid,53500,71500,startup,experimentation|pandas|pytorch
J71740,2023-04-09,Data Engineer,mid,Chicago,US,remote,109000,145500,midmarket,python|kafka|terraform
J72459,2023-04-09,Data Analyst,mid,Bengaluru,IN,remote,26000,35000,scaleup,sql|statistics|excel|python|looker
J73073,2023-04-09,Machine Learning Engineer,mid,New York,US,onsite,145500,194000,enterprise,pytorch|python|aws|kubernetes
J70305,2023-04-10,Junior Data Analyst,junior,London,GB,hybrid,44000,58500,enterprise,looker|statistics|excel
J70956,2023-04-10,Staff Data Platform Engineer,staff,Berlin,DE,onsite,128500,171500,startup,terraform|aws|spark|kubernetes|python|observability
J71232,2023-04-10,Lead Data Analyst,lead,Toronto,CA,hybrid,,,scaleup,tableau|excel|sql|statistics
J71340,2023-04-10,Senior BI Developer,senior,Chicago,US,onsite,103000,137500,scaleup,excel|power bi|dax|sql|modelling
J71498,2023-04-10,Junior Data Platform Engineer,junior,Austin,US,hybrid,,,startup,aws|python|observability|terraform|spark|kubernetes
J72135,2023-04-10,Senior Data Analyst,senior,London,GB,onsite,82000,109500,scaleup,looker|python|tableau
J72759,2023-04-10,Lead Data Engineer,lead,San Francisco,US,onsite,221000,295000,midmarket,kafka|sql|python|spark|airflow
J71877,2023-04-11,Lead Data Engineer,lead,London,GB,remote,157000,209500,midmarket,spark|terraform|python|airflow|kafka|sql
J70103,2023-04-12,Data Analyst,mid,Amsterdam,NL,remote,58000,77500,midmarket,statistics|tableau|looker
J71027,2023-04-12,Junior Data Scientist,junior,Toronto,CA,hybrid,72500,97000,enterprise,pytorch|experimentation|python|sql|pandas
J71266,2023-04-12,Junior Data Scientist,junior,San Francisco,US,remote,120500,161000,scaleup,pandas|experimentation|sql|python
J72305,2023-04-13,Data Analyst,mid,New York,US,remote,94500,126500,midmarket,looker|excel|tableau|sql
J72342,2023-04-13,BI Developer,mid,Amsterdam,NL,onsite,63500,85000,startup,power bi|dax|sql
J70102,2023-04-14,Data Platform Engineer,mid,Chicago,US,hybrid,,,scaleup,spark|aws|observability|python|terraform
J70676,2023-04-14,Data Scientist,mid,São Paulo,BR,onsite,47500,63500,scaleup,pytorch|experimentation|sql|statistics
J70797,2023-04-14,Senior Analytics Engineer,senior,New York,US,remote,141500,188500,enterprise,git|python|dbt|sql|airflow
J72077,2023-04-14,Data Analyst,mid,San Francisco,US,hybrid,88500,118500,enterprise,looker|excel|sql|tableau|python|statistics
J72183,2023-04-14,Junior Analytics Engineer,junior,Austin,US,hybrid,,,scaleup,sql|snowflake|dbt|git|python|airflow
J72573,2023-04-14,Lead Data Engineer,lead,Amsterdam,NL,onsite,151500,202500,midmarket,kafka|terraform|sql
J70503,2023-04-15,Junior Analytics Engineer,junior,Chicago,US,remote,66500,89000,enterprise,airflow|sql|snowflake|git|python
J70760,2023-04-15,Staff Analytics Engineer,staff,San Francisco,US,hybrid,,,enterprise,git|snowflake|sql|airflow|dbt
J70900,2023-04-15,Senior Data Engineer,senior,London,GB,hybrid,114000,152000,scaleup,aws|spark|kafka
J72451,2023-04-15,Data Scientist,mid,Berlin,DE,hybrid,,,scaleup,experimentation|python|sql|pandas|pytorch|statistics
J70229,2023-04-16,Senior Data Analyst,senior,Bengaluru,IN,hybrid,32000,42500,startup,python|excel|tableau|looker
J70945,2023-04-16,Lead Data Platform Engineer,lead,Austin,US,onsite,181500,241500,enterprise,spark|kubernetes|aws|python
J71014,2023-04-16,Data Engineer,mid,Chicago,US,hybrid,110500,147000,enterprise,kafka|sql|terraform
J71418,2023-04-16,Senior Analytics Engineer,senior,Bengaluru,IN,remote,43000,57500,enterprise,airflow|snowflake|sql
J72102,2023-04-16,Lead Analytics Engineer,lead,Berlin,DE,onsite,121000,161500,midmarket,python|dbt|git|airflow|sql
J72931,2023-04-16,Data Scientist,mid,São Paulo,BR,onsite,48000,63500,scaleup,experimentation|pandas|sql|pytorch|python
J70267,2023-04-17,Data Analyst,mid,Berlin,DE,hybrid,,,startup,excel|python|sql|tableau
J71107,2023-04-17,Junior Data Platform Engineer,junior,Austin,US,remote,91000,121500,enterprise,spark|kubernetes|observability
J71478,2023-04-17,Data Analyst,mid,Berlin,DE,remote,,,enterprise,statistics|excel|tableau
J72381,2023-04-17,BI Developer,mid,San Francisco,US,onsite,108500,145000,scaleup,power bi|modelling|excel|sql
J72395,2023-04-17,Junior BI Developer,junior,Austin,US,hybrid,60500,80500,scaleup,modelling|excel|sql
J72574,2023-04-17,Staff Data Scientist,staff,San Francisco,US,remote,250000,333000,enterprise,statistics|sql|experimentation|pandas|pytorch
J73418,2023-04-17,Senior Data Analyst,senior,San Francisco,US,hybrid,125500,167500,enterprise,looker|sql|excel|tableau|statistics|python
J70775,2023-04-18,Lead Data Scientist,lead,San Francisco,US,hybrid,,,scaleup,sql|experimentation|statistics|pandas
J72032,2023-04-18,Senior Machine Learning Engineer,senior,Berlin,DE,hybrid,130000,173000,midmarket,mlflow|aws|kubernetes
J72328,2023-04-18,Junior Data Analyst,junior,New York,US,onsite,63000,84000,scaleup,tableau|statistics|excel
J72834,2023-04-18,Analytics Engineer,mid,Berlin,DE,hybrid,78000,104000,startup,python|git|snowflake|sql
J71384,2023-04-19,Data Analyst,mid,San Francisco,US,remote,100000,133000,startup,looker|tableau|excel
J71434,2023-04-19,Data Engineer,mid,São Paulo,BR,onsite,43000,57500,startup,kafka|airflow|aws
J73175,2023-04-19,Senior Data Analyst,senior,Bengaluru,IN,hybrid,,,startup,excel|sql|statistics
J73398,2023-04-19,Data Scientist,mid,New York,US,hybrid,138500,184500,startup,experimentation|pandas|statistics
J70141,2023-04-20,Junior BI Developer,junior,New York,US,hybrid,76500,102000,scaleup,power bi|excel|dax
J71616,2023-04-20,Staff Data Scientist,staff,São Paulo,BR,hybrid,71000,95000,scaleup,pandas|experimentation|sql
J72691,2023-04-20,Lead Data Platform Engineer,lead,San Francisco,US,hybrid,246500,328500,scaleup,aws|terraform|python
J73376,2023-04-20,Junior Research Scientist,junior,New York,US,remote,,,scaleup,statistics|research|pytorch|python|jax
J70407,2023-04-21,Staff Data Platform Engineer,staff,San Francisco,US,hybrid,221000,294500,enterprise,observability|kubernetes|spark|aws|python|terraform
J70539,2023-04-21,Data Engineer,mid,New York,US,remote,145500,194000,enterprise,python|airflow|aws|terraform|sql
J71811,2023-04-21,Junior Data Analyst,junior,New York,US,onsite,64000,85500,scaleup,tableau|excel|python|looker|statistics|sql
J73186,2023-04-21,Staff Machine Learning Engineer,staff,Berlin,DE,hybrid,156500,208500,enterprise,aws|kubernetes|sql
J73187,2023-04-21,Junior Data Analyst,junior,Austin,US,remote,58500,77500,midmarket,excel|statistics|looker|python|tableau|sql
J72830,2023-04-22,Data Analyst,mid,Bengaluru,IN,hybrid,24000,32000,enterprise,looker|sql|statistics|python|tableau
J73327,2023-04-22,Senior BI Developer,senior,London,GB,onsite,86000,115000,enterprise,dax|sql|modelling
J73332,2023-04-22,Data Platform Engineer,mid,Bengaluru,IN,remote,42500,57000,startup,aws|spark|kubernetes|python
J71680,2023-04-24,Senior Data Engineer,senior,São Paulo,BR,hybrid,52500,70000,midmarket,aws|terraform|sql|airflow|spark
J72188,2023-04-24,Machine Learning Engineer,mid,Berlin,DE,remote,105000,140500,midmarket,kubernetes|aws|mlflow|sql|python|pytorch
J70581,2023-04-25,Junior Data Engineer,junior,San Francisco,US,onsite,111000,148000,scaleup,terraform|python|aws|kafka|airflow
J70815,2023-04-25,Data Analyst,mid,Toronto,CA,remote,,,enterprise,excel|looker|sql
J72076,2023-04-25,Junior Data Scientist,junior,Austin,US,remote,83000,111000,enterprise,pandas|pytorch|sql|statistics|experimentation
J70110,2023-04-26,Junior BI Developer,junior,New York,US,remote,76000,101500,startup,excel|power bi|modelling|sql|dax
J70184,2023-04-26,Senior Data Scientist,senior,Amsterdam,NL,hybrid,112500,150000,midmarket,python|statistics|pytorch
J71536,2023-04-26,Senior Machine Learning Engineer,senior,Chicago,US,hybrid,164000,219000,midmarket,kubernetes|pytorch|mlflow
J72521,2023-04-26,Junior Data Engineer,junior,San Francisco,US,hybrid,109500,146000,enterprise,python|aws|airflow|kafka
J72768,2023-04-26,Senior BI Developer,senior,Chicago,US,remote,,,enterprise,power bi|sql|modelling|dax
J73483,2023-04-26,Junior Data Engineer,junior,Bengaluru,IN,onsite,28500,38000,enterprise,python|sql|aws|airflow
J70686,2023-04-27,Lead Data Engineer,lead,San Francisco,US,onsite,242000,323000,scaleup,terraform|python|sql|airflow
J70823,2023-04-27,Machine Learning Engineer,mid,Berlin,DE,hybrid,91500,122500,enterprise,python|kubernetes|mlflow|aws
J71151,2023-04-27,Senior Analytics Engineer,senior,Berlin,DE,remote,103500,138000,enterprise,python|airflow|dbt|sql
J73331,2023-04-27,Senior Data Engineer,senior,Berlin,DE,remote,111000,148500,scaleup,airflow|terraform|kafka|python
J70015,2023-04-28,Data Analyst,mid,San Francisco,US,onsite,86000,114500,midmarket,python|statistics|sql|tableau|excel|looker
J72874,2023-04-28,Staff Data Analyst,staff,Amsterdam,NL,onsite,91500,122000,scaleup,tableau|looker|excel|sql|python|statistics
J70022,2023-04-29,Senior Analytics Engineer,senior,São Paulo,BR,hybrid,53000,70500,enterprise,python|git|snowflake|dbt|sql
J70678,2023-04-29,Senior Data Analyst,senior,São Paulo,BR,remote,35000,46500,startup,excel|looker|statistics|tableau|sql
J73110,2023-04-29,Senior Data Scientist,senior,London,GB,onsite,111500,148500,scaleup,sql|python|statistics|pandas
J70324,2023-04-30,Senior BI Developer,senior,London,GB,onsite,,,startup,dax|modelling|excel|sql|power bi
J70869,2023-04-30,Senior Data Analyst,senior,Toronto,CA,hybrid,74000,98500,enterprise,python|tableau|statistics|looker|sql
J71149,2023-04-30,Staff Data Scientist,staff,San Francisco,US,remote,246500,328500,enterprise,pandas|statistics|python
J72287,2023-04-30,Data Analyst,mid,São Paulo,BR,onsite,,,enterprise,excel|statistics|looker
J70412,2023-05-01,Senior Data Analyst,senior,Austin,US,onsite,98500,131000,scaleup,python|sql|looker|excel
J72828,2023-05-01,Junior Data Analyst,junior,Bengaluru,IN,remote,19000,25500,startup,looker|sql|python|excel
J70126,2023-05-02,Senior Data Analyst,senior,Toronto,CA,onsite,73000,97500,enterprise,looker|sql|python|excel
J70839,2023-05-02,Data Platform Engineer,mid,New York,US,remote,161500,215000,enterprise,aws|spark|terraform|python|observability|kubernetes
J72368,2023-05-02,Staff Data Platform Engineer,staff,London,GB,hybrid,158500,211500,scaleup,terraform|observability|spark
J72517,2023-05-02,Junior Data Analyst,junior,Austin,US,hybrid,49500,66000,scaleup,tableau|statistics|python|excel|sql
J71787,2023-05-03,Data Analyst,mid,New York,US,hybrid,87000,116000,scaleup,excel|tableau|sql|python|statistics
J71392,2023-05-04,Data Engineer,mid,Bengaluru,IN,remote,38000,50500,midmarket,python|sql|aws
J72176,2023-05-04,Data Scientist,mid,New York,US,remote,142500,190000,scaleup,pytorch|pandas|python|sql|statistics
J73297,2023-05-04,Senior Data Analyst,senior,Berlin,DE,hybrid,71000,94500,enterprise,looker|tableau|excel|python|sql|statistics
J73390,2023-05-04,Senior Data Analyst,senior,San Francisco,US,remote,122000,162500,startup,sql|looker|python|tableau
J72282,2023-05-05,Lead Data Analyst,lead,Berlin,DE,hybrid,87000,116000,midmarket,sql|looker|statistics|excel
J70414,2023-05-06,Junior Data Analyst,junior,Bengaluru,IN,hybrid,17500,23500,enterprise,tableau|excel|statistics|looker|sql
J71064,2023-05-06,Senior Data Analyst,senior,New York,US,remote,110000,146500,scaleup,python|sql|excel|tableau|looker
J71140,2023-05-06,Data Scientist,mid,Chicago,US,remote,113000,150500,midmarket,experimentation|python|statistics|pandas|pytorch|sql
J72760,2023-05-06,Junior Data Engineer,junior,San Francisco,US,remote,102500,136500,enterprise,sql|aws|kafka
J70272,2023-05-07,Senior Data Platform Engineer,senior,Chicago,US,hybrid,138500,184500,startup,python|spark|terraform|observability
J70724,2023-05-07,Data Analyst,mid,Bengaluru,IN,remote,23000,30500,enterprise,tableau|sql|statistics|python|looker|excel
J72134,2023-05-07,Senior Data Scientist,senior,Berlin,DE,onsite,102500,136500,startup,pytorch|python|statistics|experimentation
J72180,2023-05-07,Senior Data Scientist,senior,Amsterdam,NL,remote,,,midmarket,statistics|python|pandas|experimentation|sql
J72922,2023-05-07,Junior Data Scientist,junior,Toronto,CA,hybrid,,,scaleup,pytorch|statistics|experimentation|python
J70365,2023-05-08,Data Scientist,mid,New York,US,remote,131500,175000,midmarket,experimentation|pytorch|statistics
J70395,2023-05-08,Data Analyst,mid,New York,US,remote,87000,116500,enterprise,excel|statistics|tableau|sql
J70780,2023-05-08,Machine Learning Engineer,mid,London,GB,onsite,118000,157500,startup,kubernetes|aws|pytorch|python|sql|mlflow
J71651,2023-05-08,Analytics Engineer,mid,San Francisco,US,hybrid,121000,161500,startup,sql|git|airflow|dbt|python|snowflake
J72580,2023-05-08,Senior Data Analyst,senior,Amsterdam,NL,onsite,,,midmarket,statistics|tableau|looker|sql
J72658,2023-05-08,Senior Data Scientist,senior,Chicago,US,remote,145000,193000,startup,experimentation|pytorch|sql|python|statistics|pandas
J73375,2023-05-08,Junior Data Platform Engineer,junior,Amsterdam,NL,hybrid,76500,102000,enterprise,spark|python|terraform|aws|observability|kubernetes
J73462,2023-05-08,Senior Data Scientist,senior,Berlin,DE,hybrid,,,startup,experimentation|pandas|statistics
J72224,2023-05-09,Senior Machine Learning Engineer,senior,Austin,US,hybrid,157500,210000,startup,mlflow|aws|pytorch|python
J72921,2023-05-09,Junior Data Analyst,junior,New York,US,hybrid,,,startup,sql|tableau|python|looker|statistics
J73389,2023-05-09,Data Analyst,mid,Toronto,CA,onsite,62500,83500,enterprise,excel|sql|python|looker|tableau
J72586,2023-05-10,Data Scientist,mid,Chicago,US,hybrid,112000,149500,scaleup,experimentation|python|statistics|sql
J73106,2023-05-10,Analytics Engineer,mid,Amsterdam,NL,hybrid,82000,109500,enterprise,python|sql|snowflake|airflow|dbt|git
J70013,2023-05-11,Junior Data Scientist,junior,Chicago,US,onsite,88500,118000,startup,statistics|pandas|sql|experimentation|pytorch|python
J70818,2023-05-11,Junior Data Analyst,junior,Berlin,DE,remote,,,enterprise,tableau|excel|looker
J71194,2023-05-11,Junior Data Engineer,junior,San Francisco,US,hybrid,,,enterprise,sql|python|spark|airflow|terraform
J71411,2023-05-11,Junior Data Engineer,junior,Berlin,DE,hybrid,59000,79000,enterprise,python|terraform|aws|kafka|airflow|sql
J72019,2023-05-11,Senior Data Scientist,senior,Chicago,US,onsite,133000,177500,midmarket,python|statistics|experimentation
J70300,2023-05-12,Analytics Engineer,mid,New York,US,hybrid,108500,144500,enterprise,python|airflow|git|dbt
J72904,2023-05-12,Senior Data Scientist,senior,Berlin,DE,hybrid,,,scaleup,experimentation|python|sql|pandas|statistics
J71938,2023-05-13,Data Scientist,mid,London,GB,onsite,,,enterprise,python|experimentation|statistics|sql|pytorch
J72515,2023-05-13,Research Scientist,mid,New York,US,remote,161500,215500,startup,research|statistics|pytorch|jax
J70632,2023-05-14,Research Scientist,mid,New York,US,onsite,162000,216000,scaleup,python|pytorch|jax
J70716,2023-05-14,Junior BI Developer,junior,San Francisco,US,hybrid,81500,108500,startup,dax|modelling|sql
J71000,2023-05-14,Senior Data Analyst,senior,San Francisco,US,remote,,,enterprise,sql|tableau|python
J72618,2023-05-14,Data Engineer,mid,Toronto,CA,onsite,,,scaleup,sql|spark|terraform|python
J71091,2023-05-15,Staff Data Scientist,staff,London,GB,hybrid,147000,196000,scaleup,pandas|statistics|experimentation|python|sql
J71114,2023-05-15,Lead Data Analyst,lead,San Francisco,US,onsite,164500,219500,midmarket,statistics|looker|excel|python
J71172,2023-05-15,Junior Data Engineer,junior,New York,US,hybrid,102500,136500,scaleup,terraform|python|spark|sql|aws|airflow
J71965,2023-05-15,Machine Learning Engineer,mid,São Paulo,BR,onsite,55000,73500,scaleup,pytorch|aws|mlflow|sql|kubernetes|python
J72683,2023-05-15,Senior Data Analyst,senior,San Francisco,US,onsite,112000,149500,enterprise,python|tableau|excel|statistics|looker|sql
J72975,2023-05-15,Senior Data Platform Engineer,senior,London,GB,onsite,125500,167500,scaleup,observability|spark|terraform
J73380,2023-05-15,Staff Data Analyst,staff,Austin,US,hybrid,121000,161500,midmarket,tableau|excel|looker
J70994,2023-05-16,Senior Data Scientist,senior,London,GB,onsite,121500,162000,scaleup,sql|experimentation|python|statistics|pandas
J71604,2023-05-16,Senior Data Engineer,senior,Toronto,CA,hybrid,116000,155000,enterprise,airflow|sql|kafka
J71729,2023-05-16,Lead Data Platform Engineer,lead,New York,US,onsite,246500,328500,midmarket,aws|observability|spark|terraform|kubernetes
J71240,2023-05-17,Analytics Engineer,mid,Chicago,US,onsite,95500,127000,startup,sql|snowflake|airflow|python
J72590,2023-05-17,Data Platform Engineer,mid,San Francisco,US,remote,156000,208000,midmarket,spark|observability|kubernetes|aws
J72609,2023-05-17,Data Scientist,mid,São Paulo,BR,onsite,49500,65500,scaleup,sql|python|experimentation|statistics|pandas
J70031,2023-05-18,Senior Data Scientist,senior,Bengaluru,IN,hybrid,48000,64000,startup,pytorch|pandas|experimentation
J70244,2023-05-18,Staff Data Analyst,staff,Amsterdam,NL,hybrid,,,midmarket,excel|sql|statistics
J71895,2023-05-18,Data Scientist,mid,Bengaluru,IN,hybrid,,,enterprise,experimentation|pandas|pytorch|statistics|python|sql
J72330,2023-05-18,Junior Data Engineer,junior,London,GB,remote,65500,87000,scaleup,terraform|sql|airflow|aws
J73115,2023-05-18,Senior Data Analyst,senior,Berlin,DE,hybrid,,,enterprise,looker|python|tableau
J73124,2023-05-18,Senior Data Scientist,senior,Berlin,DE,hybrid,118500,158000,enterprise,experimentation|sql|python
J71087,2023-05-19,Data Analyst,mid,San Francisco,US,hybrid,87500,116500,midmarket,looker|python|sql
J72646,2023-05-19,Machine Learning Engineer,mid,Austin,US,hybrid,130500,174500,midmarket,kubernetes|pytorch|python
J73422,2023-05-21,Staff Data Scientist,staff,Berlin,DE,hybrid,135000,180000,midmarket,statistics|experimentation|pandas|sql
J70985,2023-05-22,Lead Data Analyst,lead,San Francisco,US,onsite,142500,190000,scaleup,python|sql|excel|statistics|tableau
J71505,2023-05-22,Senior Data Engineer,senior,Berlin,DE,hybrid,97000,129500,enterprise,aws|kafka|sql|terraform|airflow
J72353,2023-05-22,Data Scientist,mid,Bengaluru,IN,hybrid,36500,48500,startup,pytorch|sql|pandas|experimentation|statistics|python
J72582,2023-05-22,Data Scientist,mid,Bengaluru,IN,onsite,,,scaleup,python|experimentation|sql|pytorch
J72821,2023-05-22,Senior Data Analyst,senior,Amsterdam,NL,hybrid,72500,96500,enterprise,looker|excel|python|statistics|sql
J72928,2023-05-22,Data Scientist,mid,New York,US,remote,139000,185000,scaleup,statistics|pandas|python|pytorch|sql
J73163,2023-05-22,Junior Machine Learning Engineer,junior,Amsterdam,NL,hybrid,82500,110000,scaleup,kubernetes|aws|python|sql|mlflow
J70235,2023-05-23,Staff Data Scientist,staff,San Francisco,US,remote,219500,292500,midmarket,experimentation|statistics|python
J72979,2023-05-23,Junior Data Analyst,junior,Chicago,US,hybrid,51000,68000,scaleup,python|statistics|looker
J70256,2023-05-24,Senior Data Analyst,senior,Amsterdam,NL,onsite,78000,104000,midmarket,sql|looker|python|tableau|statistics
J70969,2023-05-24,Junior Data Engineer,junior,Toronto,CA,hybrid,65000,87000,scaleup,python|spark|kafka|terraform|aws|airflow
J71090,2023-05-24,Senior Data Analyst,senior,New York,US,remote,111000,148000,startup,sql|python|statistics|tableau|excel
J73228,2023-05-24,Lead Machine Learning Engineer,lead,Berlin,DE,hybrid,171000,228500,midmarket,pytorch|kubernetes|mlflow|aws
J70157,2023-05-25,Junior Data Analyst,junior,Bengaluru,IN,remote,,,midmarket,sql|looker|tableau|excel|python
J71159,2023-05-25,Junior Data Engineer,junior,New York,US,hybrid,,,midmarket,terraform|sql|kafka|spark|python
J71215,2023-05-25,Analytics Engineer,mid,Berlin,DE,onsite,,,enterprise,git|airflow|dbt|python
J71370,2023-05-25,Junior Data Analyst,junior,Berlin,DE,onsite,43500,58000,startup,statistics|tableau|excel|sql
J71082,2023-05-26,Data Analyst,mid,New York,US,onsite,89000,119000,midmarket,tableau|sql|statistics|python|excel|looker
J72502,2023-05-26,Data Scientist,mid,Amsterdam,NL,remote,93000,124000,midmarket,sql|pytorch|statistics|pandas|experimentation
J73333,2023-05-26,Staff Data Analyst,staff,San Francisco,US,onsite,143500,191500,scaleup,looker|sql|excel|python|statistics
J73495,2023-05-26,Data Analyst,mid,Austin,US,remote,,,midmarket,excel|sql|tableau|statistics|looker
J70119,2023-05-27,Analytics Engineer,mid,Austin,US,remote,100000,133000,startup,snowflake|python|dbt|sql|git|airflow
J70132,2023-05-27,Data Scientist,mid,Berlin,DE,onsite,,,enterprise,experimentation|sql|statistics
J70216,2023-05-27,Data Engineer,mid,San Francisco,US,hybrid,142500,190000,enterprise,sql|kafka|airflow|python|aws|terraform
J71417,2023-05-27,Data Scientist,mid,Bengaluru,IN,hybrid,39000,52000,enterprise,python|pandas|sql|statistics
J72926,2023-05-27,Data Analyst,mid,Chicago,US,hybrid,68000,90500,scaleup,looker|tableau|sql|python|statistics
J73168,2023-05-27,BI Developer,mid,Austin,US,hybrid,80000,107000,enterprise,excel|sql|modelling|dax|power bi
J71589,2023-05-28,Junior Data Analyst,junior,San Francisco,US,hybrid,70500,94000,scaleup,looker|excel|statistics|python
J72016,2023-05-29,Lead Research Scientist,lead,New York,US,hybrid,285000,380000,startup,research|pytorch|jax
J72417,2023-05-29,BI Developer,mid,Berlin,DE,onsite,58000,77500,startup,power bi|sql|dax|excel
J72492,2023-05-29,Senior Data Analyst,senior,New York,US,onsite,108500,144500,scaleup,looker|statistics|excel|python|sql|tableau
J72876,2023-05-29,Senior Data Scientist,senior,London,GB,remote,,,scaleup,sql|pandas|statistics|pytorch|python
J70046,2023-05-30,Senior Data Platform Engineer,senior,San Francisco,US,hybrid,209000,278500,midmarket,observability|spark|kubernetes
J70382,2023-05-30,Staff Data Engineer,staff,San Francisco,US,remote,,,midmarket,terraform|sql|aws|kafka|python|spark
J71991,2023-05-31,Senior Data Scientist,senior,London,GB,hybrid,116000,154500,midmarket,pandas|pytorch|statistics|sql|experimentation
J72688,2023-06-01,Junior Data Scientist,junior,Berlin,DE,hybrid,59500,79000,scaleup,python|pandas|sql|pytorch|statistics|experimentation
J73180,2023-06-01,Senior Data Analyst,senior,London,GB,hybrid,82500,110500,enterprise,excel|tableau|looker
J71855,2023-06-02,Senior Data Engineer,senior,Bengaluru,IN,onsite,42500,56500,scaleup,terraform|aws|python
J72334,2023-06-02,Junior Data Analyst,junior,New York,US,remote,64000,85500,enterprise,tableau|statistics|sql
J72852,2023-06-02,Staff Data Platform Engineer,staff,Chicago,US,onsite,189500,252500,scaleup,terraform|aws|observability|kubernetes
J73300,2023-06-02,Junior Research Scientist,junior,Austin,US,hybrid,,,scaleup,pytorch|research|statistics|python|jax
J70286,2023-06-03,Junior Machine Learning Engineer,junior,New York,US,remote,,,scaleup,python|sql|kubernetes|mlflow|aws|pytorch
J70095,2023-06-04,Junior Analytics Engineer,junior,Chicago,US,hybrid,,,startup,git|airflow|snowflake
J71199,2023-06-04,Lead Machine Learning Engineer,lead,Bengaluru,IN,hybrid,65500,87500,scaleup,aws|mlflow|kubernetes|pytorch|sql
J71259,2023-06-04,Senior Data Analyst,senior,São Paulo,BR,remote,,,scaleup,excel|sql|looker|python|tableau|statistics
J73193,2023-06-05,Analytics Engineer,mid,São Paulo,BR,onsite,36000,48000,enterprise,airflow|snowflake|dbt|sql|git|python
J70310,2023-06-06,Junior Machine Learning Engineer,junior,San Francisco,US,hybrid,130500,174500,startup,pytorch|kubernetes|mlflow|python|sql|aws
J70346,2023-06-06,Lead Data Engineer,lead,Austin,US,remote,192500,257000,enterprise,sql|airflow|kafka|terraform|python|aws
J70353,2023-06-07,Data Scientist,mid,Berlin,DE,hybrid,,,midmarket,sql|pytorch|pandas|experimentation
J70963,2023-06-07,Machine Learning Engineer,mid,San Francisco,US,hybrid,,,scaleup,python|mlflow|sql|pytorch|kubernetes|aws
J71872,2023-06-07,Senior Machine Learning Engineer,senior,Chicago,US,hybrid,162500,216500,enterprise,python|sql|kubernetes|mlflow|pytorch|aws
J72055,2023-06-07,Junior Data Engineer,junior,London,GB,remote,69000,92000,startup,spark|aws|python
J72293,2023-06-07,Staff Data Platform Engineer,staff,Berlin,DE,onsite,151500,201500,enterprise,observability|python|spark|kubernetes|terraform
J72654,2023-06-07,Junior BI Developer,junior,Toronto,CA,remote,50500,67500,enterprise,power bi|sql|dax
J73071,2023-06-07,Lead Data Engineer,lead,New York,US,hybrid,197000,262500,midmarket,airflow|aws|kafka|python
J72356,2023-06-08,Data Engineer,mid,San Francisco,US,onsite,142000,189500,enterprise,kafka|terraform|sql
J70099,2023-06-09,Senior Data Analyst,senior,Bengaluru,IN,hybrid,30000,40000,midmarket,python|looker|excel
J72981,2023-06-09,Junior Data Analyst,junior,Bengaluru,IN,onsite,17000,22500,startup,tableau|python|statistics|excel
J70984,2023-06-10,Lead Data Platform Engineer,lead,New York,US,remote,223000,297500,scaleup,observability|python|terraform
J71088,2023-06-10,Senior BI Developer,senior,Chicago,US,remote,100500,133500,midmarket,power bi|dax|sql
J71233,2023-06-10,Junior Data Scientist,junior,Toronto,CA,hybrid,66500,88500,enterprise,experimentation|pandas|python|sql|pytorch|statistics
J71654,2023-06-10,Junior Data Engineer,junior,Toronto,CA,hybrid,59500,79000,scaleup,spark|terraform|airflow|python
J72945,2023-06-10,Junior Data Analyst,junior,Bengaluru,IN,hybrid,17500,23500,midmarket,python|looker|statistics|tableau
J73066,2023-06-10,Senior Data Analyst,senior,London,GB,onsite,,,startup,python|sql|looker|excel|statistics|tableau
J73342,2023-06-10,Data Scientist,mid,San Francisco,US,hybrid,156000,207500,scaleup,pandas|experimentation|pytorch|sql|statistics|python
J72159,2023-06-11,Senior Research Scientist,senior,London,GB,onsite,137500,183000,startup,pytorch|jax|research|statistics|python
J71260,2023-06-12,Staff Data Engineer,staff,Amsterdam,NL,hybrid,135500,181000,enterprise,python|aws|terraform|kafka|airflow|spark
J72274,2023-06-12,Research Scientist,mid,New York,US,hybrid,175500,234500,enterprise,research|pytorch|statistics
J72636,2023-06-12,Data Scientist,mid,Bengaluru,IN,remote,38500,51500,startup,experimentation|sql|statistics
J72796,2023-06-12,Junior Data Scientist,junior,London,GB,remote,68000,91000,enterprise,statistics|experimentation|python|pytorch
J70035,2023-06-13,Data Engineer,mid,Bengaluru,IN,remote,40000,53000,midmarket,terraform|spark|sql
J70129,2023-06-13,Machine Learning Engineer,mid,Toronto,CA,hybrid,,,enterprise,pytorch|sql|python|mlflow
J72214,2023-06-13,Data Engineer,mid,Bengaluru,IN,remote,39000,52000,midmarket,aws|spark|sql|kafka
J72338,2023-06-13,Junior Data Scientist,junior,Bengaluru,IN,hybrid,25500,34500,enterprise,sql|statistics|pandas|python|experimentation
J72518,2023-06-13,Lead Research Scientist,lead,Chicago,US,remote,238500,318000,enterprise,pytorch|jax|statistics|python
J73022,2023-06-13,Data Analyst,mid,Bengaluru,IN,hybrid,24000,32000,scaleup,sql|statistics|looker|tableau|python
J73241,2023-06-13,Senior Data Analyst,senior,Toronto,CA,hybrid,77500,103500,midmarket,statistics|looker|excel|python|tableau|sql
J70193,2023-06-14,Analytics Engineer,mid,Toronto,CA,remote,,,enterprise,airflow|python|snowflake|git|sql
J72211,2023-06-14,Senior Data Scientist,senior,San Francisco,US,onsite,174000,232000,enterprise,pandas|pytorch|sql
J72804,2023-06-14,Senior Data Analyst,senior,San Francisco,US,hybrid,121500,162000,enterprise,looker|tableau|python|sql
J73149,2023-06-14,Junior Data Scientist,junior,Toronto,CA,onsite,,,scaleup,python|statistics|pytorch|pandas
J71175,2023-06-15,Data Scientist,mid,Berlin,DE,onsite,82500,110000,enterprise,sql|experimentation|pytorch
J71519,2023-06-15,Senior Data Analyst,senior,New York,US,remote,122000,163000,enterprise,statistics|sql|python|excel|looker|tableau
J72041,2023-06-15,Staff Data Analyst,staff,Toronto,CA,remote,,,enterprise,sql|excel|tableau|python
J72588,2023-06-15,Data Analyst,mid,New York,US,remote,91000,121500,scaleup,excel|statistics|tableau
J72736,2023-06-15,Data Analyst,mid,Toronto,CA,remote,58500,78000,midmarket,sql|python|statistics|excel|looker
J73236,2023-06-15,Data Engineer,mid,San Francisco,US,onsite,134000,179000,enterprise,spark|kafka|airflow|python|sql|aws
J71327,2023-06-16,Senior Data Engineer,senior,Austin,US,remote,139500,185500,startup,python|spark|sql|terraform|aws|airflow
J71444,2023-06-16,Analytics Engineer,mid,New York,US,onsite,119000,158500,midmarket,dbt|airflow|git|sql|snowflake
J71843,2023-06-16,Senior Data Engineer,senior,Berlin,DE,hybrid,,,midmarket,python|sql|spark|terraform|aws
J71831,2023-06-17,Junior Analytics Engineer,junior,Bengaluru,IN,onsite,,,scaleup,python|snowflake|airflow|dbt
J70791,2023-06-18,Senior Data Analyst,senior,Amsterdam,NL,remote,80000,107000,startup,sql|statistics|looker|excel
J71267,2023-06-18,Junior Analytics Engineer,junior,San Francisco,US,remote,103000,137500,enterprise,git|snowflake|sql|airflow|python|dbt
J73006,2023-06-18,Machine Learning Engineer,mid,Austin,US,onsite,129000,172000,enterprise,sql|aws|mlflow|python|pytorch
J70043,2023-06-19,Data Engineer,mid,Chicago,US,hybrid,110500,147500,scaleup,kafka|terraform|spark
J70179,2023-06-19,Analytics Engineer,mid,Austin,US,onsite,99500,133000,midmarket,git|airflow|python
J71245,2023-06-19,Staff Analytics Engineer,staff,New York,US,remote,192000,256000,midmarket,python|sql|dbt|git|snowflake
J71668,2023-06-19,Research Scientist,mid,London,GB,hybrid,116500,155500,scaleup,python|pytorch|research|statistics|jax
J72438,2023-06-19,Senior Data Platform Engineer,senior,San Francisco,US,remote,194000,258500,enterprise,kubernetes|spark|aws|observability|terraform|python
J73059,2023-06-19,Senior Data Analyst,senior,Bengaluru,IN,hybrid,,,startup,sql|looker|excel|statistics|python|tableau
J73260,2023-06-19,Junior BI Developer,junior,São Paulo,BR,hybrid,24500,33000,startup,excel|sql|power bi
J73409,2023-06-19,Senior Data Engineer,senior,New York,US,remote,168500,225000,midmarket,aws|airflow|kafka
J71268,2023-06-20,Data Platform Engineer,mid,Chicago,US,hybrid,,,midmarket,observability|kubernetes|spark|terraform
J71371,2023-06-20,Staff Data Analyst,staff,Bengaluru,IN,onsite,,,enterprise,tableau|looker|statistics|excel|sql|python
J72444,2023-06-20,Junior Data Engineer,junior,Bengaluru,IN,onsite,27500,36500,enterprise,spark|airflow|sql|terraform|kafka|aws
J72973,2023-06-20,Junior Data Analyst,junior,New York,US,remote,69500,92500,midmarket,looker|tableau|python|statistics
J73233,2023-06-20,Data Platform Engineer,mid,Bengaluru,IN,hybrid,39500,53000,scaleup,spark|python|observability|kubernetes|terraform
J73404,2023-06-20,Senior Data Scientist,senior,Berlin,DE,remote,,,scaleup,sql|experimentation|pytorch|pandas|statistics
J73469,2023-06-20,Data Engineer,mid,New York,US,remote,141000,187500,enterprise,aws|terraform|kafka
J70937,2023-06-21,Senior Machine Learning Engineer,senior,Chicago,US,hybrid,162000,216000,enterprise,sql|pytorch|python|kubernetes
J72794,2023-06-21,Staff Data Analyst,staff,Chicago,US,hybrid,108000,144500,startup,statistics|sql|python|excel
J72934,2023-06-21,Senior Data Engineer,senior,New York,US,remote,162000,216000,midmarket,aws|spark|airflow|kafka
J73482,2023-06-21,Junior Machine Learning Engineer,junior,Berlin,DE,onsite,69000,92000,enterprise,aws|mlflow|python|sql|kubernetes|pytorch
J70350,2023-06-22,Senior Data Analyst,senior,London,GB,onsite,82500,110000,enterprise,statistics|tableau|excel|python|sql
J70435,2023-06-22,Data Analyst,mid,London,GB,hybrid,63500,84500,midmarket,statistics|looker|tableau|python|sql
J70597,2023-06-22,Senior Data Analyst,senior,Berlin,DE,hybrid,73500,98000,enterprise,looker|excel|tableau|python|sql
J72707,2023-06-23,Staff Data Analyst,staff,New York,US,hybrid,133500,178000,midmarket,sql|tableau|looker|python|statistics
J72832,2023-06-23,Senior Data Analyst,senior,Chicago,US,hybrid,93000,124000,scaleup,statistics|excel|looker|sql
J72278,2023-06-24,Machine Learning Engineer,mid,New York,US,remote,170000,226500,startup,aws|sql|mlflow
J73315,2023-06-24,Lead Data Engineer,lead,Bengaluru,IN,hybrid,63000,84000,midmarket,terraform|aws|sql|airflow|python|kafka
J70642,2023-06-25,Junior Machine Learning Engineer,junior,Berlin,DE,remote,,,midmarket,sql|mlflow|aws|kubernetes|python
J70890,2023-06-25,Senior Data Analyst,senior,Berlin,DE,hybrid,73500,98500,enterprise,statistics|sql|tableau
J71270,2023-06-25,Analytics Engineer,mid,London,GB,hybrid,81000,108000,enterprise,airflow|snowflake|python|sql
J71528,2023-06-25,Senior Data Platform Engineer,senior,Chicago,US,remote,161500,215000,scaleup,aws|python|terraform
J73319,2023-06-25,Staff Data Engineer,staff,New York,US,remote,213500,284500,midmarket,python|airflow|spark|kafka|sql
J73223,2023-06-26,Data Analyst,mid,San Francisco,US,hybrid,97500,130000,enterprise,looker|statistics|tableau|python|sql|excel
J73384,2023-06-26,Analytics Engineer,mid,Bengaluru,IN,remote,,,scaleup,python|airflow|sql|snowflake|dbt|git
J73485,2023-06-26,Research Scientist,mid,San Francisco,US,onsite,167000,222500,midmarket,jax|pytorch|python|statistics|research
J71834,2023-06-27,Senior Analytics Engineer,senior,São Paulo,BR,hybrid,47000,62500,enterprise,git|airflow|python
J70136,2023-06-28,Data Analyst,mid,Chicago,US,onsite,71000,94500,startup,sql|looker|excel|statistics|python|tableau
J70344,2023-06-28,Senior Data Engineer,senior,London,GB,onsite,,,scaleup,airflow|terraform|kafka
J70755,2023-06-28,Data Scientist,mid,New York,US,remote,136500,182000,scaleup,pandas|python|experimentation|pytorch
J72711,2023-06-28,Junior Analytics Engineer,junior,Amsterdam,NL,onsite,54000,72500,scaleup,sql|dbt|python|airflow
J70034,2023-06-29,Senior BI Developer,senior,Bengaluru,IN,hybrid,34000,45500,startup,modelling|sql|excel|power bi
J70966,2023-06-29,Machine Learning Engineer,mid,San Francisco,US,hybrid,160500,214000,midmarket,sql|kubernetes|aws
J72817,2023-06-29,Senior Data Engineer,senior,Bengaluru,IN,remote,45000,59500,enterprise,sql|airflow|python
J70492,2023-06-30,Staff Data Scientist,staff,Chicago,US,remote,183000,244000,enterprise,pandas|python|pytorch|sql
J70769,2023-06-30,Data Analyst,mid,Amsterdam,NL,hybrid,60500,80500,midmarket,python|excel|statistics|tableau
J71063,2023-06-30,Staff Data Engineer,staff,Amsterdam,NL,hybrid,147500,196500,scaleup,spark|airflow|kafka
J71449,2023-06-30,Staff Data Engineer,staff,Amsterdam,NL,hybrid,142500,189500,scaleup,aws|spark|airflow|kafka|terraform
J72116,2023-06-30,Data Analyst,mid,New York,US,remote,95000,127000,scaleup,statistics|sql|tableau|looker
J72206,2023-06-30,Data Engineer,mid,Bengaluru,IN,onsite,,,midmarket,sql|aws|terraform|spark|python
J72290,2023-06-30,Junior Machine Learning Engineer,junior,San Francisco,US,hybrid,122000,163000,scaleup,python|sql|aws
J70612,2023-07-01,Data Analyst,mid,Amsterdam,NL,hybrid,61500,82000,scaleup,excel|python|sql|tableau
J71526,2023-07-01,BI Developer,mid,Amsterdam,NL,hybrid,,,startup,dax|excel|power bi|modelling
J71662,2023-07-01,Staff Analytics Engineer,staff,London,GB,hybrid,123000,164000,scaleup,snowflake|git|dbt|airflow|python
J73061,2023-07-01,Junior Machine Learning Engineer,junior,London,GB,hybrid,,,enterprise,sql|aws|mlflow|python|pytorch
J71171,2023-07-02,Senior Data Scientist,senior,New York,US,remote,188000,251000,enterprise,pytorch|pandas|experimentation
J71092,2023-07-03,Senior BI Developer,senior,London,GB,hybrid,,,enterprise,excel|modelling|power bi|sql|dax
J71346,2023-07-03,Staff BI Developer,staff,San Francisco,US,hybrid,166500,222000,scaleup,excel|dax|modelling|power bi|sql
J71866,2023-07-03,Senior Analytics Engineer,senior,Bengaluru,IN,onsite,43500,57500,midmarket,sql|python|airflow|git|snowflake|dbt
J72221,2023-07-03,Data Analyst,mid,Bengaluru,IN,remote,23500,31000,startup,sql|looker|python|statistics|tableau|excel
J72498,2023-07-03,Machine Learning Engineer,mid,Toronto,CA,remote,,,midmarket,kubernetes|pytorch|aws
J71214,2023-07-04,Junior BI Developer,junior,London,GB,hybrid,49000,65000,midmarket,modelling|power bi|excel
J71891,2023-07-04,Staff Analytics Engineer,staff,New York,US,hybrid,193000,257500,startup,airflow|sql|git|dbt
J71892,2023-07-04,Junior Research Scientist,junior,Berlin,DE,hybrid,70500,94000,scaleup,jax|pytorch|research|statistics
J72991,2023-07-04,Junior Analytics Engineer,junior,San Francisco,US,remote,102000,136000,startup,airflow|git|dbt|sql|snowflake
J70001,2023-07-05,Junior Data Scientist,junior,Berlin,DE,hybrid,59000,79000,enterprise,pytorch|pandas|statistics|python
J70222,2023-07-05,Senior Machine Learning Engineer,senior,Chicago,US,remote,177500,237000,midmarket,aws|mlflow|sql|python
J71653,2023-07-05,BI Developer,mid,San Francisco,US,remote,99000,132000,scaleup,dax|power bi|modelling|excel
J71715,2023-07-05,Junior Data Analyst,junior,New York,US,hybrid,66000,87500,enterprise,statistics|sql|looker|python|excel
J72600,2023-07-06,Staff Data Analyst,staff,Berlin,DE,onsite,,,startup,excel|tableau|statistics|looker
J72756,2023-07-06,Staff Data Engineer,staff,Amsterdam,NL,onsite,147000,196000,enterprise,sql|aws|python|kafka
J71990,2023-07-07,Data Analyst,mid,London,GB,hybrid,,,midmarket,excel|python|looker
J73049,2023-07-07,Senior Analytics Engineer,senior,London,GB,hybrid,,,startup,snowflake|python|sql|airflow
J71182,2023-07-08,Lead Research Scientist,lead,San Francisco,US,onsite,307000,409000,enterprise,jax|statistics|research|python
J71567,2023-07-09,Junior Data Analyst,junior,London,GB,remote,48000,64000,enterprise,statistics|looker|tableau|python
J71754,2023-07-09,Data Analyst,mid,London,GB,hybrid,58500,78000,scaleup,statistics|looker|excel|python
J72617,2023-07-09,Senior Machine Learning Engineer,senior,London,GB,hybrid,137000,183000,scaleup,pytorch|kubernetes|sql|mlflow
J72918,2023-07-09,Junior Data Analyst,junior,Toronto,CA,hybrid,,,startup,looker|sql|python|statistics|excel
J72996,2023-07-09,Senior BI Developer,senior,New York,US,remote,130500,174000,startup,power bi|dax|modelling|sql
J73075,2023-07-09,Junior Data Scientist,junior,San Francisco,US,remote,,,enterprise,experimentation|sql|pytorch|python|statistics
J70627,2023-07-10,Lead Data Engineer,lead,New York,US,hybrid,197500,263500,midmarket,aws|spark|terraform|kafka|sql
J71484,2023-07-10,Data Scientist,mid,Austin,US,remote,115500,154000,enterprise,experimentation|python|pandas|pytorch|statistics|sql
J71649,2023-07-10,Data Analyst,mid,Berlin,DE,hybrid,50500,67500,enterprise,statistics|looker|python
J71908,2023-07-10,Junior Data Engineer,junior,San Francisco,US,hybrid,95000,127000,enterprise,terraform|python|sql|kafka|airflow
J72483,2023-07-11,Staff Analytics Engineer,staff,São Paulo,BR,hybrid,,,enterprise,airflow|snowflake|git|sql|python
J70250,2023-07-12,Data Analyst,mid,San Francisco,US,onsite,87500,117000,scaleup,sql|looker|tableau
J71246,2023-07-12,Lead Data Engineer,lead,Berlin,DE,remote,130000,173500,startup,aws|sql|python|airflow
J71462,2023-07-12,Junior Data Scientist,junior,Berlin,DE,onsite,,,midmarket,python|experimentation|sql|statistics|pandas|pytorch
J72781,2023-07-12,Junior Analytics Engineer,junior,Austin,US,remote,73500,97500,scaleup,python|git|airflow|sql
J73045,2023-07-12,Junior Data Analyst,junior,New York,US,onsite,61500,82000,enterprise,python|statistics|tableau|sql|excel
J73109,2023-07-12,Data Scientist,mid,Chicago,US,remote,112500,150500,startup,pytorch|statistics|sql|python
J71857,2023-07-13,Junior Data Scientist,junior,Amsterdam,NL,onsite,62500,83500,midmarket,statistics|experimentation|pytorch|pandas
J71074,2023-07-14,Senior Data Scientist,senior,San Francisco,US,hybrid,199000,265500,midmarket,experimentation|pandas|python|statistics|sql
J72014,2023-07-14,Senior Data Engineer,senior,New York,US,remote,181500,242000,enterprise,airflow|aws|spark|terraform|sql
J72890,2023-07-14,Junior Data Engineer,junior,Amsterdam,NL,remote,69500,92500,midmarket,airflow|spark|kafka|python
J73266,2023-07-14,Data Engineer,mid,Toronto,CA,hybrid,85000,113500,scaleup,aws|spark|python
J70816,2023-07-15,Senior Data Analyst,senior,London,GB,remote,83500,111500,enterprise,python|statistics|tableau|excel
J71052,2023-07-15,Staff BI Developer,staff,New York,US,hybrid,154500,206000,midmarket,excel|dax|sql
J71542,2023-07-15,Junior Data Platform Engineer,junior,Berlin,DE,remote,,,startup,python|observability|terraform|aws|kubernetes|spark
J70970,2023-07-16,Senior Analytics Engineer,senior,Chicago,US,onsite,120500,161000,enterprise,dbt|snowflake|git|python|sql
J71056,2023-07-16,Senior Data Analyst,senior,New York,US,hybrid,,,startup,sql|tableau|python|excel|statistics|looker
J73165,2023-07-16,Senior Data Analyst,senior,Bengaluru,IN,remote,32500,43000,enterprise,excel|sql|python|looker
J70629,2023-07-17,Data Scientist,mid,New York,US,hybrid,130500,173500,scaleup,sql|pytorch|statistics
J71492,2023-07-17,Junior Data Analyst,junior,London,GB,remote,,,midmarket,statistics|tableau|python|looker
J71790,2023-07-17,Data Analyst,mid,San Francisco,US,onsite,92000,122500,scaleup,python|looker|statistics|excel|sql
J72261,2023-07-17,BI Developer,mid,New York,US,remote,99000,131500,midmarket,dax|excel|power bi|modelling|sql
J72391,2023-07-17,Senior Data Engineer,senior,São Paulo,BR,remote,54000,71500,enterprise,aws|sql|python|spark
J70243,2023-07-18,BI Developer,mid,Bengaluru,IN,onsite,26500,35500,startup,modelling|sql|excel
J70264,2023-07-18,Senior Data Analyst,senior,Toronto,CA,remote,76000,101500,startup,sql|tableau|python
J71694,2023-07-18,Lead Machine Learning Engineer,lead,Bengaluru,IN,hybrid,64500,86500,midmarket,kubernetes|aws|python|sql
J72220,2023-07-18,Senior Data Scientist,senior,London,GB,hybrid,121500,161500,scaleup,statistics|python|experimentation
J72656,2023-07-18,Staff Analytics Engineer,staff,New York,US,remote,185500,247500,scaleup,dbt|sql|python|snowflake
J73481,2023-07-18,Data Analyst,mid,San Francisco,US,hybrid,99000,132500,enterprise,statistics|tableau|python
J71905,2023-07-19,Senior Data Analyst,senior,Chicago,US,remote,98000,130500,startup,python|excel|statistics|sql
J72415,2023-07-19,Lead Machine Learning Engineer,lead,Chicago,US,hybrid,216500,288500,enterprise,mlflow|aws|python
J72936,2023-07-19,Staff Data Engineer,staff,Bengaluru,IN,hybrid,,,scaleup,aws|kafka|spark|sql
J70190,2023-07-21,Data Platform Engineer,mid,London,GB,remote,103500,138000,scaleup,terraform|aws|spark|kubernetes
J71598,2023-07-21,Senior Data Engineer,senior,New York,US,hybrid,162500,217000,startup,kafka|python|aws|sql|terraform
J71827,2023-07-21,Lead Machine Learning Engineer,lead,San Francisco,US,remote,296000,395000,enterprise,aws|kubernetes|sql|python|mlflow
J72543,2023-07-21,Data Scientist,mid,San Francisco,US,remote,155500,207500,startup,sql|statistics|experimentation|python
J70275,2023-07-22,Senior Data Engineer,senior,San Francisco,US,hybrid,171500,229000,scaleup,aws|python|kafka
J70681,2023-07-22,Data Analyst,mid,San Francisco,US,onsite,99000,132000,enterprise,excel|tableau|statistics
J73361,2023-07-22,Staff Data Engineer,staff,Berlin,DE,onsite,124000,165000,enterprise,aws|airflow|terraform|sql
J70605,2023-07-23,Junior Analytics Engineer,junior,New York,US,onsite,,,midmarket,snowflake|git|python|sql|dbt
J70812,2023-07-23,Senior Data Scientist,senior,San Francisco,US,remote,,,enterprise,pytorch|experimentation|pandas|statistics|python
J72029,2023-07-23,Analytics Engineer,mid,Bengaluru,IN,hybrid,,,enterprise,python|airflow|snowflake|git|dbt|sql
J72970,2023-07-23,Junior Data Scientist,junior,Austin,US,hybrid,,,midmarket,experimentation|sql|pandas
J73201,2023-07-23,Machine Learning Engineer,mid,London,GB,hybrid,114500,152500,startup,sql|mlflow|aws|kubernetes|pytorch
J70187,2023-07-24,Data Scientist,mid,São Paulo,BR,hybrid,43500,58000,midmarket,sql|python|statistics|pandas|experimentation|pytorch
J70738,2023-07-24,Data Platform Engineer,mid,San Francisco,US,hybrid,152500,203500,startup,aws|spark|terraform
J71297,2023-07-24,Junior Machine Learning Engineer,junior,Austin,US,hybrid,,,scaleup,mlflow|aws|python|kubernetes|pytorch
J71433,2023-07-24,Data Engineer,mid,San Francisco,US,hybrid,144500,192500,scaleup,python|airflow|spark|kafka|terraform
J71939,2023-07-24,Junior Data Analyst,junior,San Francisco,US,remote,70500,94000,scaleup,python|sql|excel|statistics|tableau
J72684,2023-07-24,Data Engineer,mid,São Paulo,BR,hybrid,45500,61000,midmarket,terraform|aws|airflow
J73137,2023-07-24,Senior Data Scientist,senior,Bengaluru,IN,hybrid,,,midmarket,statistics|pytorch|pandas|experimentation|python|sql
J70057,2023-07-25,Senior Data Analyst,senior,San Francisco,US,onsite,122000,163000,midmarket,statistics|looker|tableau|excel|python
J71040,2023-07-25,Senior BI Developer,senior,San Francisco,US,remote,124000,165500,startup,modelling|power bi|sql
J71688,2023-07-25,Staff Data Scientist,staff,New York,US,onsite,216500,288500,scaleup,sql|pytorch|pandas|statistics|python|experimentation
J72344,2023-07-25,Junior Data Platform Engineer,junior,San Francisco,US,onsite,122500,163000,midmarket,spark|terraform|python|observability|aws|kubernetes
J70004,2023-07-26,Junior Data Scientist,junior,San Francisco,US,onsite,105500,140500,startup,statistics|sql|pytorch|python|experimentation|pandas
J70094,2023-07-26,Junior Data Engineer,junior,San Francisco,US,remote,106000,141500,enterprise,airflow|terraform|kafka|spark
J71777,2023-07-26,Senior Data Engineer,senior,Berlin,DE,hybrid,,,enterprise,airflow|aws|python
J72006,2023-07-26,Data Engineer,mid,Austin,US,remote,109000,145500,scaleup,kafka|airflow|python
J72235,2023-07-26,Data Scientist,mid,Bengaluru,IN,onsite,,,enterprise,pytorch|pandas|statistics|sql
J72675,2023-07-26,Lead Data Analyst,lead,San Francisco,US,remote,167500,223000,midmarket,sql|tableau|looker
J70895,2023-07-27,Junior Data Analyst,junior,London,GB,hybrid,42000,56000,midmarket,looker|excel|python|sql|statistics|tableau
J71652,2023-07-27,Data Analyst,mid,London,GB,hybrid,62500,83500,enterprise,excel|statistics|python|tableau|sql|looker
J71960,2023-07-27,Analytics Engineer,mid,Austin,US,onsite,95000,126500,midmarket,dbt|git|airflow
J70497,2023-07-28,Data Scientist,mid,Berlin,DE,remote,,,scaleup,statistics|pytorch|pandas|sql|python
J70820,2023-07-28,Staff Data Analyst,staff,San Francisco,US,remote,157500,209500,scaleup,sql|tableau|python|excel
J70902,2023-07-28,Data Analyst,mid,London,GB,hybrid,,,enterprise,excel|looker|statistics
J71683,2023-07-29,Lead Data Engineer,lead,Berlin,DE,onsite,,,enterprise,aws|airflow|terraform|kafka
J71211,2023-07-30,Data Scientist,mid,New York,US,onsite,140000,186500,scaleup,pandas|sql|statistics|python|pytorch|experimentation
J71985,2023-07-30,Senior Analytics Engineer,senior,Berlin,DE,remote,,,midmarket,git|sql|airflow|dbt|python
J72195,2023-07-30,Senior Data Analyst,senior,Chicago,US,hybrid,89500,119500,startup,statistics|python|looker|excel
J73254,2023-07-30,Staff BI Developer,staff,São Paulo,BR,remote,48500,64500,startup,sql|power bi|modelling|excel|dax
J70399,2023-08-01,Senior Data Analyst,senior,New York,US,remote,116000,154500,enterprise,statistics|looker|python|tableau
J73275,2023-08-01,Senior Data Analyst,senior,Bengaluru,IN,remote,30500,40500,scaleup,excel|sql|looker|tableau|python|statistics
J73413,2023-08-01,Staff Data Analyst,staff,Bengaluru,IN,hybrid,39500,52500,startup,tableau|excel|python|sql|looker
J71879,2023-08-02,Junior Data Scientist,junior,New York,US,hybrid,99000,132000,enterprise,statistics|pandas|sql|experimentation
J71974,2023-08-02,Senior Analytics Engineer,senior,Amsterdam,NL,onsite,99000,132500,enterprise,python|git|sql|airflow|snowflake
J70740,2023-08-03,Senior Data Scientist,senior,São Paulo,BR,remote,,,midmarket,experimentation|pytorch|statistics
J70608,2023-08-04,Data Engineer,mid,Chicago,US,onsite,98500,131000,enterprise,spark|python|terraform|sql|aws|airflow
J72503,2023-08-04,Data Engineer,mid,San Francisco,US,remote,,,midmarket,kafka|python|aws|sql
J70177,2023-08-05,Machine Learning Engineer,mid,Austin,US,hybrid,134500,179500,scaleup,kubernetes|pytorch|python|aws
J70537,2023-08-05,Data Analyst,mid,São Paulo,BR,hybrid,31000,41000,startup,excel|python|sql|statistics|tableau
J70980,2023-08-05,Data Analyst,mid,London,GB,onsite,,,scaleup,looker|statistics|tableau
J72346,2023-08-05,Lead Machine Learning Engineer,lead,San Francisco,US,hybrid,269500,359500,scaleup,mlflow|pytorch|kubernetes|python|aws|sql
J72925,2023-08-05,Junior Data Analyst,junior,New York,US,remote,,,scaleup,excel|statistics|tableau|sql|python
J73192,2023-08-05,Junior Analytics Engineer,junior,Amsterdam,NL,remote,58500,77500,midmarket,dbt|snowflake|git|python|sql
J73204,2023-08-06,Junior Data Analyst,junior,Chicago,US,onsite,55500,74000,enterprise,excel|statistics|python|looker|tableau
J73450,2023-08-06,Data Platform Engineer,mid,San Francisco,US,onsite,153500,205000,scaleup,kubernetes|python|spark|aws
J72141,2023-08-07,Lead Machine Learning Engineer,lead,London,GB,remote,,,startup,aws|kubernetes|pytorch|python
J70071,2023-08-08,Data Platform Engineer,mid,São Paulo,BR,remote,47500,63000,enterprise,spark|aws|kubernetes|python|observability
J71517,2023-08-08,Lead Data Engineer,lead,New York,US,hybrid,207500,277000,midmarket,kafka|sql|terraform|python|aws
J71219,2023-08-10,Senior Data Analyst,senior,Amsterdam,NL,hybrid,,,startup,tableau|sql|excel|statistics|looker|python
J72541,2023-08-10,Lead Data Platform Engineer,lead,San Francisco,US,onsite,258000,344000,scaleup,python|terraform|spark|observability|kubernetes|aws
J73088,2023-08-10,Staff Data Analyst,staff,Chicago,US,hybrid,113000,151000,scaleup,looker|tableau|excel
J71264,2023-08-11,Lead Analytics Engineer,lead,Amsterdam,NL,remote,,,scaleup,airflow|sql|python|git
J72130,2023-08-11,Junior Data Engineer,junior,São Paulo,BR,hybrid,,,startup,python|kafka|sql|aws|airflow
J71216,2023-08-13,Junior Data Scientist,junior,Amsterdam,NL,onsite,,,enterprise,experimentation|statistics|python|sql|pandas|pytorch
J72655,2023-08-13,Data Scientist,mid,London,GB,hybrid,91500,122000,enterprise,sql|experimentation|pandas|statistics
J70442,2023-08-14,Machine Learning Engineer,mid,Bengaluru,IN,remote,42000,56000,scaleup,pytorch|python|mlflow|kubernetes|aws|sql
J71606,2023-08-14,Lead Machine Learning Engineer,lead,Amsterdam,NL,remote,171000,228000,startup,pytorch|sql|kubernetes|python|aws|mlflow
J72333,2023-08-14,Analytics Engineer,mid,Bengaluru,IN,onsite,31500,42000,scaleup,airflow|dbt|python|snowflake|sql|git
J72537,2023-08-14,Data Analyst,mid,Toronto,CA,remote,,,scaleup,excel|tableau|statistics
J73037,2023-08-14,Staff Data Platform Engineer,staff,New York,US,onsite,223000,297500,enterprise,python|kubernetes|observability|terraform
J73096,2023-08-14,Data Scientist,mid,Amsterdam,NL,onsite,99000,132000,midmarket,pandas|experimentation|sql|statistics
J70462,2023-08-15,Staff Data Scientist,staff,London,GB,remote,,,scaleup,python|pandas|statistics|sql|pytorch
J70667,2023-08-15,Senior Data Engineer,senior,New York,US,remote,166500,222000,midmarket,kafka|airflow|aws|python|spark
J71464,2023-08-15,Data Analyst,mid,London,GB,onsite,57000,76000,midmarket,python|excel|looker
J72314,2023-08-15,Data Engineer,mid,Berlin,DE,remote,81500,108500,scaleup,python|airflow|terraform|aws|kafka
J70471,2023-08-16,Data Platform Engineer,mid,San Francisco,US,hybrid,166000,221500,scaleup,python|observability|kubernetes|spark|terraform|aws
J70633,2023-08-16,Staff Analytics Engineer,staff,San Francisco,US,hybrid,179500,239500,midmarket,git|python|sql|snowflake
J71575,2023-08-16,Junior Data Analyst,junior,New York,US,onsite,70000,93500,scaleup,excel|python|statistics
J73026,2023-08-16,Data Engineer,mid,Berlin,DE,hybrid,,,scaleup,terraform|sql|airflow|kafka
J73486,2023-08-16,Lead Data Platform Engineer,lead,São Paulo,BR,hybrid,79500,106000,enterprise,spark|terraform|aws
J70587,2023-08-17,Senior Analytics Engineer,senior,Bengaluru,IN,onsite,,,scaleup,git|sql|airflow|snowflake
J70800,2023-08-17,Staff Data Scientist,staff,New York,US,onsite,201000,268000,enterprise,statistics|experimentation|sql|pytorch
J71896,2023-08-17,Junior Data Analyst,junior,São Paulo,BR,onsite,,,enterprise,python|excel|statistics|looker
J72891,2023-08-17,Lead Data Scientist,lead,Amsterdam,NL,remote,,,startup,sql|pytorch|python|experimentation|pandas|statistics
J70933,2023-08-18,Senior Analytics Engineer,senior,Bengaluru,IN,onsite,40000,53500,midmarket,dbt|airflow|git|sql|python|snowflake
J72479,2023-08-18,Senior Analytics Engineer,senior,Austin,US,onsite,123500,164500,enterprise,dbt|sql|python|git|snowflake|airflow
J72787,2023-08-18,Senior Data Platform Engineer,senior,San Francisco,US,onsite,192500,256500,scaleup,kubernetes|terraform|aws|spark|python|observability
J73285,2023-08-18,Data Scientist,mid,Austin,US,hybrid,120000,160000,scaleup,sql|statistics|pandas|python|pytorch
J70212,2023-08-19,Junior Machine Learning Engineer,junior,San Francisco,US,onsite,129500,172500,enterprise,kubernetes|sql|python|mlflow|pytorch
J70916,2023-08-20,Data Engineer,mid,Amsterdam,NL,hybrid,,,enterprise,spark|sql|aws|airflow
J71174,2023-08-20,Data Analyst,mid,London,GB,remote,62500,83500,scaleup,sql|python|excel|tableau
J70203,2023-08-22,Machine Learning Engineer,mid,San Francisco,US,onsite,156500,209000,midmarket,pytorch|kubernetes|sql
J70562,2023-08-22,Analytics Engineer,mid,London,GB,hybrid,77500,103500,scaleup,git|python|snowflake|dbt
J73365,2023-08-22,Senior Data Analyst,senior,Bengaluru,IN,remote,31500,42000,enterprise,sql|python|statistics
J70446,2023-08-23,Lead Analytics Engineer,lead,New York,US,hybrid,,,startup,dbt|sql|airflow
J71750,2023-08-23,Junior Data Analyst,junior,Bengaluru,IN,remote,,,scaleup,tableau|sql|statistics|python
J72100,2023-08-23,Junior Data Analyst,junior,Bengaluru,IN,hybrid,,,midmarket,looker|tableau|python
J72144,2023-08-23,Junior Data Analyst,junior,London,GB,hybrid,42000,56000,enterprise,excel|tableau|statistics|sql|python
J73427,2023-08-23,Data Analyst,mid,São Paulo,BR,onsite,,,scaleup,python|tableau|excel|looker
J71476,2023-08-24,Junior Data Analyst,junior,Bengaluru,IN,remote,,,scaleup,tableau|looker|excel|python|statistics|sql
J71759,2023-08-24,Senior Data Engineer,senior,New York,US,remote,183000,244000,scaleup,terraform|sql|python|spark|airflow
J72165,2023-08-24,Data Scientist,mid,Bengaluru,IN,hybrid,35500,47000,midmarket,statistics|python|experimentation|pandas
J70443,2023-08-25,Data Analyst,mid,San Francisco,US,remote,96500,128500,startup,looker|tableau|excel|statistics
J71362,2023-08-25,BI Developer,mid,Bengaluru,IN,remote,27000,36000,startup,dax|sql|excel
J70153,2023-08-26,Junior Analytics Engineer,junior,Berlin,DE,hybrid,,,scaleup,sql|git|dbt|python
J70418,2023-08-26,Lead Data Platform Engineer,lead,Austin,US,hybrid,182500,243000,enterprise,kubernetes|python|aws|spark
J71012,2023-08-26,Junior Machine Learning Engineer,junior,San Francisco,US,hybrid,118500,157500,enterprise,pytorch|python|sql|kubernetes
J71077,2023-08-26,Data Engineer,mid,Berlin,DE,onsite,79500,106000,scaleup,spark|terraform|python
J71181,2023-08-26,Lead Data Scientist,lead,Chicago,US,hybrid,173500,231000,midmarket,statistics|pandas|sql|experimentation
J72131,2023-08-26,Senior Data Engineer,senior,New York,US,hybrid,152000,203000,enterprise,terraform|sql|airflow|python|aws|spark
J72797,2023-08-26,Junior Machine Learning Engineer,junior,Berlin,DE,hybrid,,,midmarket,kubernetes|aws|sql|python|mlflow
J73068,2023-08-26,Junior Data Analyst,junior,San Francisco,US,onsite,66500,88500,startup,python|statistics|sql|tableau|looker
J73391,2023-08-26,Lead BI Developer,lead,New York,US,remote,156000,208000,midmarket,dax|modelling|excel|power bi|sql
J73499,2023-08-26,Senior Machine Learning Engineer,senior,Chicago,US,hybrid,165500,220500,enterprise,sql|kubernetes|pytorch|python
J70115,2023-08-27,Staff Analytics Engineer,staff,Austin,US,hybrid,146000,195000,enterprise,dbt|git|airflow
J70315,2023-08-27,Junior Data Analyst,junior,Amsterdam,NL,onsite,43500,58000,startup,statistics|looker|tableau|excel|python
J70575,2023-08-27,Analytics Engineer,mid,Bengaluru,IN,onsite,,,midmarket,dbt|airflow|sql|git|snowflake|python
J72383,2023-08-27,Senior Data Engineer,senior,Toronto,CA,hybrid,110000,146500,enterprise,airflow|spark|python|terraform
J72916,2023-08-27,Staff Analytics Engineer,staff,Amsterdam,NL,onsite,115500,154000,enterprise,sql|git|airflow|snowflake
J73350,2023-08-27,Data Engineer,mid,Toronto,CA,remote,,,enterprise,sql|spark|kafka
J73431,2023-08-27,Junior Data Scientist,junior,San Francisco,US,hybrid,104000,139000,startup,experimentation|sql|python|statistics
J70121,2023-08-28,Data Platform Engineer,mid,San Francisco,US,onsite,142500,190000,enterprise,aws|kubernetes|terraform|observability|spark|python
J70287,2023-08-28,Junior BI Developer,junior,San Francisco,US,hybrid,81500,108500,enterprise,modelling|power bi|dax|excel|sql
J70810,2023-08-28,BI Developer,mid,Berlin,DE,hybrid,58500,78000,scaleup,power bi|excel|modelling|sql
J71157,2023-08-28,Senior Analytics Engineer,senior,Amsterdam,NL,onsite,98500,131500,enterprise,airflow|python|sql|snowflake
J71609,2023-08-28,Senior Data Analyst,senior,São Paulo,BR,onsite,37500,50000,startup,statistics|tableau|sql|excel|python|looker
J71637,2023-08-28,Junior Data Scientist,junior,Toronto,CA,remote,,,startup,python|sql|pytorch|pandas
J72073,2023-08-28,Junior Machine Learning Engineer,junior,London,GB,onsite,85500,114000,scaleup,python|kubernetes|aws|pytorch
J70530,2023-08-29,Lead Machine Learning Engineer,lead,Chicago,US,onsite,211000,281500,scaleup,python|sql|kubernetes|mlflow
J70856,2023-08-29,Data Scientist,mid,Chicago,US,onsite,114500,153000,midmarket,statistics|python|experimentation
J73056,2023-08-29,Senior Data Analyst,senior,San Francisco,US,hybrid,117000,156000,startup,looker|excel|sql|python
J73453,2023-08-29,Lead Data Analyst,lead,São Paulo,BR,remote,,,scaleup,tableau|statistics|excel
J70363,2023-08-30,Senior Data Scientist,senior,Austin,US,remote,145500,194500,enterprise,pytorch|pandas|python
J70371,2023-08-30,Data Scientist,mid,San Francisco,US,remote,149000,198500,scaleup,pandas|statistics|sql|python|experimentation|pytorch
J70644,2023-08-30,Data Analyst,mid,Berlin,DE,hybrid,55000,73500,midmarket,statistics|excel|looker|python
J70694,2023-08-30,Staff Machine Learning Engineer,staff,Amsterdam,NL,hybrid,162000,216500,midmarket,kubernetes|python|pytorch
J71710,2023-08-30,Staff Data Analyst,staff,San Francisco,US,onsite,136000,181500,enterprise,statistics|tableau|sql|python|excel
J72554,2023-08-30,Data Engineer,mid,Chicago,US,hybrid,,,midmarket,python|airflow|spark|aws|kafka|sql
J71823,2023-09-01,Junior Data Analyst,junior,Berlin,DE,onsite,41500,55000,enterprise,excel|looker|python|sql|tableau
J72292,2023-09-01,Analytics Engineer,mid,Bengaluru,IN,onsite,32000,43000,enterprise,snowflake|python|dbt|git
J73239,2023-09-01,Staff BI Developer,staff,Toronto,CA,remote,98000,130500,scaleup,excel|dax|modelling|power bi|sql
J72363,2023-09-02,Machine Learning Engineer,mid,Bengaluru,IN,hybrid,45000,60000,enterprise,pytorch|sql|aws
J72552,2023-09-02,Staff Data Analyst,staff,San Francisco,US,remote,,,scaleup,excel|sql|python|statistics
J70317,2023-09-03,Staff Data Analyst,staff,Amsterdam,NL,onsite,86500,115500,scaleup,looker|sql|python|statistics
J71059,2023-09-03,Senior Data Engineer,senior,San Francisco,US,remote,173500,231500,scaleup,kafka|sql|python|aws
J71415,2023-09-03,Staff Data Analyst,staff,Bengaluru,IN,remote,36000,48000,scaleup,statistics|sql|tableau|python|excel|looker
J72548,2023-09-03,Senior Data Analyst,senior,New York,US,hybrid,115500,154000,enterprise,statistics|excel|looker|python|sql
J72324,2023-09-04,Senior Machine Learning Engineer,senior,Berlin,DE,remote,124500,166000,midmarket,pytorch|aws|mlflow|sql
J70749,2023-09-05,Senior Data Analyst,senior,Amsterdam,NL,onsite,,,enterprise,excel|statistics|tableau|looker
J71638,2023-09-05,Staff Data Engineer,staff,San Francisco,US,onsite,215000,286500,midmarket,aws|terraform|python|kafka
J71690,2023-09-05,Data Analyst,mid,London,GB,onsite,,,enterprise,excel|python|looker|tableau
J72209,2023-09-05,Senior Analytics Engineer,senior,New York,US,hybrid,149500,199000,startup,snowflake|airflow|git|python|sql|dbt
J72411,2023-09-05,Junior Research Scientist,junior,Bengaluru,IN,remote,35500,47000,midmarket,statistics|pytorch|research
J72422,2023-09-05,Data Scientist,mid,São Paulo,BR,hybrid,,,startup,statistics|pytorch|sql|experimentation|pandas
J72696,2023-09-05,Senior Data Engineer,senior,Berlin,DE,remote,99500,133000,enterprise,spark|airflow|aws|python|kafka|terraform
J73307,2023-09-05,Senior Data Engineer,senior,New York,US,remote,173000,230500,midmarket,spark|terraform|sql
J73491,2023-09-05,Data Scientist,mid,São Paulo,BR,hybrid,43500,58000,midmarket,python|pandas|sql|statistics
J70475,2023-09-06,Data Platform Engineer,mid,Amsterdam,NL,onsite,96000,128000,midmarket,spark|observability|aws|terraform
J72210,2023-09-06,Junior Data Engineer,junior,Berlin,DE,hybrid,,,startup,spark|python|kafka|airflow
J73237,2023-09-06,Staff BI Developer,staff,London,GB,hybrid,,,scaleup,dax|modelling|power bi|excel|sql
J73302,2023-09-06,Data Analyst,mid,Berlin,DE,hybrid,53000,70500,midmarket,looker|sql|python|tableau
J71136,2023-09-07,Data Platform Engineer,mid,Chicago,US,onsite,123500,164500,midmarket,aws|spark|kubernetes|observability|terraform|python
J72389,2023-09-07,Junior BI Developer,junior,Berlin,DE,onsite,43000,57500,startup,modelling|power bi|sql
J72835,2023-09-07,Lead Data Engineer,lead,Bengaluru,IN,onsite,,,scaleup,airflow|aws|sql|python|terraform
J73497,2023-09-07,Data Platform Engineer,mid,Austin,US,hybrid,128500,171500,midmarket,kubernetes|observability|python|terraform|spark|aws
J72699,2023-09-08,Junior Data Platform Engineer,junior,Chicago,US,onsite,86000,115000,startup,terraform|observability|aws
J73208,2023-09-08,Junior Analytics Engineer,junior,Bengaluru,IN,hybrid,23500,31000,scaleup,sql|python|dbt|snowflake|airflow|git
J73381,2023-09-08,Junior Data Analyst,junior,San Francisco,US,hybrid,,,midmarket,excel|tableau|looker
J70322,2023-09-09,Senior BI Developer,senior,Bengaluru,IN,remote,37000,49000,startup,sql|excel|modelling|power bi
J72581,2023-09-09,Junior Research Scientist,junior,Austin,US,onsite,,,midmarket,research|pytorch|jax
J72747,2023-09-09,Senior Data Analyst,senior,New York,US,remote,116000,154500,midmarket,statistics|excel|python|looker|sql
J70606,2023-09-10,Analytics Engineer,mid,Chicago,US,onsite,88500,118000,enterprise,sql|dbt|git|airflow|snowflake|python
J70718,2023-09-10,Data Scientist,mid,New York,US,hybrid,142000,189500,enterprise,statistics|pytorch|python|sql|experimentation|pandas
J71150,2023-09-10,Lead Data Analyst,lead,San Francisco,US,hybrid,150500,201000,midmarket,tableau|python|sql|statistics|looker|excel
J71465,2023-09-10,Junior Data Platform Engineer,junior,London,GB,hybrid,,,enterprise,terraform|python|spark|observability|kubernetes
J71529,2023-09-10,Junior Data Engineer,junior,São Paulo,BR,hybrid,33500,44500,startup,aws|airflow|kafka|sql|spark
J71613,2023-09-10,Senior Data Analyst,senior,Bengaluru,IN,remote,,,midmarket,python|excel|tableau|statistics|sql|looker
J72535,2023-09-10,Junior Data Engineer,junior,London,GB,remote,66000,88000,scaleup,python|aws|sql|terraform|airflow|kafka
J70009,2023-09-11,Staff Analytics Engineer,staff,London,GB,onsite,,,enterprise,sql|snowflake|airflow|python
J70233,2023-09-11,Analytics Engineer,mid,Berlin,DE,hybrid,77000,102500,scaleup,git|snowflake|sql|airflow
J71031,2023-09-11,Junior BI Developer,junior,Chicago,US,remote,63500,85000,enterprise,modelling|excel|power bi|dax
J72629,2023-09-11,Lead Data Scientist,lead,London,GB,onsite,147000,196000,startup,experimentation|python|sql|pytorch|pandas
J72542,2023-09-12,Lead Data Scientist,lead,São Paulo,BR,hybrid,,,scaleup,statistics|experimentation|pytorch|sql|python
J72767,2023-09-12,Junior Analytics Engineer,junior,Berlin,DE,hybrid,,,enterprise,git|dbt|sql|snowflake
J72948,2023-09-12,Senior Data Scientist,senior,New York,US,onsite,186000,248000,enterprise,statistics|pytorch|sql|pandas|experimentation|python
J73093,2023-09-12,Senior BI Developer,senior,São Paulo,BR,remote,,,enterprise,excel|sql|power bi|dax|modelling
J73103,2023-09-12,Staff Data Analyst,staff,Bengaluru,IN,remote,41000,54500,enterprise,sql|tableau|python
J73147,2023-09-12,Data Analyst,mid,Chicago,US,hybrid,67500,90500,scaleup,tableau|python|sql|excel
J70741,2023-09-13,Senior Analytics Engineer,senior,Austin,US,hybrid,119500,159000,scaleup,airflow|dbt|sql|git|snowflake|python
J71320,2023-09-13,Analytics Engineer,mid,Toronto,CA,onsite,76500,101500,midmarket,airflow|snowflake|git
J70968,2023-09-14,Staff Analytics Engineer,staff,Amsterdam,NL,hybrid,131500,175500,startup,snowflake|git|dbt|airflow|sql
J72744,2023-09-14,Senior Data Scientist,senior,Amsterdam,NL,remote,117000,156000,enterprise,pytorch|sql|statistics
J72861,2023-09-14,Data Analyst,mid,Austin,US,onsite,68000,91000,midmarket,excel|tableau|python|statistics|looker
J73466,2023-09-14,Junior Data Platform Engineer,junior,Austin,US,hybrid,82500,110000,midmarket,terraform|python|spark
J70159,2023-09-15,Junior Data Analyst,junior,Chicago,US,remote,52500,70000,scaleup,sql|excel|tableau|python|looker|statistics
J71042,2023-09-15,Staff Analytics Engineer,staff,Amsterdam,NL,remote,124500,166000,enterprise,airflow|snowflake|git|sql|dbt
J71190,2023-09-15,Senior Analytics Engineer,senior,London,GB,onsite,100500,133500,midmarket,dbt|snowflake|git|airflow|python|sql
J72761,2023-09-15,Junior Data Engineer,junior,São Paulo,BR,remote,,,startup,python|aws|sql|kafka|spark
J70206,2023-09-16,Staff Data Analyst,staff,Berlin,DE,onsite,,,midmarket,python|tableau|statistics|looker
J71113,2023-09-16,Machine Learning Engineer,mid,San Francisco,US,remote,163000,217500,scaleup,aws|python|mlflow
J71330,2023-09-16,Data Analyst,mid,Amsterdam,NL,remote,62500,83500,startup,tableau|python|looker|statistics|sql
J71612,2023-09-16,Data Analyst,mid,San Francisco,US,remote,101000,134500,midmarket,statistics|excel|python|looker|tableau|sql
J72386,2023-09-17,Junior Data Platform Engineer,junior,Toronto,CA,remote,67000,89500,midmarket,spark|kubernetes|terraform|observability|python|aws
J73336,2023-09-17,Junior Data Scientist,junior,Chicago,US,hybrid,81500,109000,scaleup,sql|python|experimentation
J70392,2023-09-18,Data Analyst,mid,New York,US,onsite,84000,112000,enterprise,excel|python|statistics|looker|sql
J71265,2023-09-18,Junior Data Scientist,junior,Chicago,US,hybrid,80000,106500,scaleup,python|pandas|pytorch
J71656,2023-09-18,Data Analyst,mid,Toronto,CA,remote,59000,79000,enterprise,statistics|excel|sql|tableau
J71840,2023-09-18,Analytics Engineer,mid,São Paulo,BR,onsite,,,enterprise,dbt|git|python|snowflake|airflow|sql
J70301,2023-09-19,Senior Data Analyst,senior,Berlin,DE,onsite,75500,100500,midmarket,looker|sql|python
J71955,2023-09-19,Senior Analytics Engineer,senior,New York,US,hybrid,138500,185000,scaleup,sql|airflow|git|snowflake
J72233,2023-09-19,Junior Data Analyst,junior,São Paulo,BR,hybrid,20000,27000,midmarket,sql|statistics|python|excel|tableau|looker
J72409,2023-09-19,Senior Data Platform Engineer,senior,New York,US,onsite,170500,227500,enterprise,spark|terraform|python
J73105,2023-09-19,Senior Data Analyst,senior,Amsterdam,NL,hybrid,,,enterprise,sql|excel|statistics
J70405,2023-09-20,Senior Data Platform Engineer,senior,London,GB,hybrid,,,scaleup,aws|kubernetes|spark|python|observability|terraform
J71185,2023-09-20,Staff BI Developer,staff,Berlin,DE,hybrid,87000,116000,startup,sql|power bi|modelling|dax|excel
J73274,2023-09-20,Junior Data Engineer,junior,London,GB,remote,,,midmarket,sql|python|terraform
J73424,2023-09-20,Junior Data Scientist,junior,Bengaluru,IN,hybrid,27000,36000,scaleup,sql|pytorch|python|experimentation|pandas
J70161,2023-09-21,Senior Data Engineer,senior,Bengaluru,IN,remote,45500,61000,startup,aws|kafka|spark|airflow
J70183,2023-09-21,Data Scientist,mid,Bengaluru,IN,remote,42000,55500,enterprise,statistics|sql|experimentation|python|pandas|pytorch
J70294,2023-09-21,Data Analyst,mid,New York,US,hybrid,,,scaleup,excel|sql|statistics|python|tableau|looker
J70707,2023-09-21,Staff Data Analyst,staff,Bengaluru,IN,onsite,,,startup,excel|sql|statistics|looker
J72484,2023-09-21,Junior Data Analyst,junior,San Francisco,US,onsite,63500,84500,scaleup,looker|sql|python|tableau|statistics
J73492,2023-09-21,Senior Data Analyst,senior,São Paulo,BR,hybrid,34000,45500,midmarket,excel|python|looker|sql|statistics|tableau
J70424,2023-09-22,Data Analyst,mid,San Francisco,US,remote,98500,131500,midmarket,statistics|tableau|python|excel|looker|sql
J71354,2023-09-22,Senior Analytics Engineer,senior,Toronto,CA,remote,,,enterprise,airflow|sql|dbt|python
J72598,2023-09-22,Junior Analytics Engineer,junior,New York,US,hybrid,81500,108500,enterprise,sql|dbt|git
J72917,2023-09-22,Staff Data Engineer,staff,Austin,US,remote,184500,246000,startup,kafka|sql|aws
J72980,2023-09-22,Senior Analytics Engineer,senior,Chicago,US,onsite,119000,158500,midmarket,snowflake|airflow|git|dbt|sql|python
J70389,2023-09-23,Senior Data Engineer,senior,Chicago,US,hybrid,127500,170000,startup,aws|sql|kafka|spark|airflow|terraform
J71281,2023-09-23,Senior Data Analyst,senior,New York,US,hybrid,106000,141500,scaleup,python|tableau|statistics|excel|looker
J71315,2023-09-23,Senior Data Analyst,senior,Chicago,US,hybrid,89500,119500,midmarket,tableau|sql|excel|statistics|python|looker
J70037,2023-09-24,Data Analyst,mid,London,GB,remote,60500,81000,midmarket,sql|tableau|looker
J70598,2023-09-24,Data Engineer,mid,New York,US,hybrid,132000,176000,startup,kafka|terraform|python
J71241,2023-09-24,Junior BI Developer,junior,London,GB,hybrid,,,scaleup,dax|excel|power bi
J72063,2023-09-24,Senior Data Engineer,senior,Chicago,US,onsite,137000,183000,scaleup,python|sql|spark|aws|airflow|terraform
J70919,2023-09-25,Staff Analytics Engineer,staff,Bengaluru,IN,onsite,53500,71500,enterprise,sql|snowflake|git|python|dbt|airflow
J71512,2023-09-25,Junior Data Scientist,junior,San Francisco,US,remote,,,enterprise,pandas|sql|pytorch|statistics|experimentation
J70577,2023-09-26,Data Engineer,mid,Amsterdam,NL,remote,93000,124000,scaleup,sql|airflow|spark|kafka
J70870,2023-09-26,BI Developer,mid,São Paulo,BR,remote,34000,45000,enterprise,dax|power bi|excel
J70409,2023-09-27,Junior Data Scientist,junior,Amsterdam,NL,hybrid,69500,92500,startup,pytorch|sql|experimentation|statistics|pandas|python
J71835,2023-09-27,BI Developer,mid,London,GB,hybrid,66000,88000,scaleup,modelling|power bi|excel
J72005,2023-09-27,Junior Data Scientist,junior,Amsterdam,NL,onsite,67000,89000,startup,pandas|statistics|experimentation|sql|pytorch
J72755,2023-09-27,Machine Learning Engineer,mid,Bengaluru,IN,hybrid,,,enterprise,kubernetes|mlflow|sql
J72873,2023-09-27,Senior BI Developer,senior,New York,US,onsite,124500,166000,startup,dax|sql|excel
J72186,2023-09-28,Data Analyst,mid,Berlin,DE,remote,,,scaleup,looker|python|statistics
J73252,2023-09-28,Data Analyst,mid,San Francisco,US,remote,100000,133500,enterprise,statistics|python|looker|sql|tableau|excel
J71917,2023-09-29,Junior Data Scientist,junior,Chicago,US,hybrid,83500,111000,midmarket,experimentation|pytorch|sql|statistics
J71950,2023-09-29,Lead Data Engineer,lead,Austin,US,hybrid,188000,251000,enterprise,terraform|sql|aws|kafka
J72354,2023-09-29,Senior Data Engineer,senior,New York,US,onsite,162500,216500,midmarket,sql|kafka|terraform|airflow
J73325,2023-09-29,Staff Data Analyst,staff,London,GB,hybrid,,,enterprise,looker|sql|statistics|tableau
J70727,2023-09-30,Senior Data Scientist,senior,London,GB,hybrid,122500,163500,startup,pytorch|statistics|sql|pandas|python|experimentation
J73397,2023-09-30,Data Engineer,mid,Bengaluru,IN,hybrid,36000,48000,midmarket,aws|spark|sql|terraform|airflow|kafka
J70081,2023-10-01,Analytics Engineer,mid,Amsterdam,NL,hybrid,82500,110000,enterprise,snowflake|airflow|python
J72998,2023-10-01,Senior Analytics Engineer,senior,London,GB,remote,107500,143000,enterprise,dbt|sql|git
J70117,2023-10-02,Senior Data Analyst,senior,Amsterdam,NL,remote,82500,109500,midmarket,tableau|excel|looker|python
J70175,2023-10-02,Staff Data Analyst,staff,New York,US,hybrid,132000,176000,midmarket,tableau|sql|looker
J71458,2023-10-02,Data Engineer,mid,São Paulo,BR,remote,,,enterprise,aws|python|spark
J72387,2023-10-03,Junior Data Scientist,junior,Chicago,US,hybrid,81500,109000,midmarket,python|statistics|experimentation|pytorch|pandas|sql
J70883,2023-10-04,Data Engineer,mid,Toronto,CA,hybrid,92500,123000,midmarket,sql|airflow|spark
J71099,2023-10-04,Data Engineer,mid,Bengaluru,IN,hybrid,38000,51000,enterprise,kafka|python|terraform|sql|spark
J72060,2023-10-04,Staff Data Analyst,staff,Berlin,DE,hybrid,91500,122000,enterprise,tableau|statistics|looker|python|excel
J70000,2023-10-05,Junior Data Platform Engineer,junior,Toronto,CA,hybrid,,,scaleup,python|terraform|spark
J70468,2023-10-05,Staff Data Engineer,staff,São Paulo,BR,hybrid,,,enterprise,kafka|spark|sql|aws|terraform
J71390,2023-10-05,Junior Data Platform Engineer,junior,Bengaluru,IN,hybrid,29500,39500,scaleup,spark|terraform|aws|kubernetes|python
J72269,2023-10-05,Staff Analytics Engineer,staff,Berlin,DE,onsite,122000,163000,scaleup,git|dbt|python
J72919,2023-10-05,Lead Machine Learning Engineer,lead,Toronto,CA,onsite,164500,219000,midmarket,mlflow|python|kubernetes|pytorch|sql|aws
J71786,2023-10-06,Senior Data Scientist,senior,San Francisco,US,hybrid,176500,235500,midmarket,statistics|pytorch|experimentation|pandas|sql|python
J71146,2023-10-08,Research Scientist,mid,São Paulo,BR,hybrid,59000,78500,midmarket,jax|statistics|research
J71681,2023-10-08,Data Scientist,mid,San Francisco,US,hybrid,154500,206000,scaleup,python|experimentation|pandas|sql|statistics|pytorch
J72402,2023-10-08,Junior Data Analyst,junior,Toronto,CA,hybrid,,,startup,statistics|excel|sql|python
J71661,2023-10-09,Senior BI Developer,senior,Chicago,US,hybrid,105500,140500,enterprise,modelling|power bi|dax|excel
J73040,2023-10-09,Junior Data Engineer,junior,Bengaluru,IN,onsite,,,enterprise,airflow|terraform|sql
J71161,2023-10-10,Senior Data Engineer,senior,Bengaluru,IN,hybrid,47500,63000,startup,python|kafka|aws|spark|sql
J72124,2023-10-10,Junior Data Platform Engineer,junior,London,GB,onsite,73000,97500,enterprise,kubernetes|terraform|observability
J72201,2023-10-10,Junior Data Scientist,junior,Bengaluru,IN,hybrid,26500,35000,enterprise,pytorch|experimentation|python|statistics|pandas
J72645,2023-10-10,Junior Data Analyst,junior,Amsterdam,NL,hybrid,,,scaleup,excel|statistics|tableau|sql|looker
J73444,2023-10-10,Senior BI Developer,senior,São Paulo,BR,remote,42000,56500,enterprise,dax|excel|power bi|modelling|sql
J70240,2023-10-11,Data Analyst,mid,San Francisco,US,remote,88500,118000,startup,excel|looker|statistics|sql|tableau|python
J71302,2023-10-11,Junior Data Platform Engineer,junior,San Francisco,US,remote,123000,164500,enterprise,observability|python|kubernetes|aws
J72566,2023-10-11,Data Analyst,mid,Bengaluru,IN,onsite,25000,33500,scaleup,python|statistics|sql|excel
J70708,2023-10-12,Data Analyst,mid,Bengaluru,IN,hybrid,25000,33000,scaleup,python|excel|sql
J71089,2023-10-12,Junior Data Analyst,junior,London,GB,remote,,,startup,looker|statistics|excel|sql
J71450,2023-10-12,Data Scientist,mid,Austin,US,hybrid,120000,160000,midmarket,pandas|sql|pytorch|experimentation|python|statistics
J71593,2023-10-12,Machine Learning Engineer,mid,Austin,US,hybrid,121500,162000,enterprise,pytorch|python|aws|kubernetes|mlflow
J71936,2023-10-12,Data Engineer,mid,Bengaluru,IN,hybrid,39000,51500,midmarket,terraform|spark|kafka|airflow|aws|sql
J72778,2023-10-12,BI Developer,mid,San Francisco,US,hybrid,,,startup,sql|power bi|dax|excel
J70325,2023-10-13,Staff Analytics Engineer,staff,London,GB,hybrid,129000,172500,scaleup,snowflake|airflow|git
J70610,2023-10-13,Senior Machine Learning Engineer,senior,New York,US,remote,202000,269500,startup,python|kubernetes|sql|mlflow|aws|pytorch
J70743,2023-10-13,Junior Analytics Engineer,junior,São Paulo,BR,onsite,,,scaleup,python|dbt|git|sql|airflow
J70831,2023-10-13,Senior Data Engineer,senior,New York,US,onsite,157500,210000,enterprise,python|aws|spark|sql|airflow|terraform
J70898,2023-10-13,Senior Data Analyst,senior,London,GB,onsite,82500,110000,scaleup,python|sql|tableau|looker|statistics|excel
J71033,2023-10-13,Senior Data Analyst,senior,Berlin,DE,onsite,65000,86500,scaleup,looker|tableau|python|excel|sql|statistics
J71230,2023-10-13,Research Scientist,mid,London,GB,hybrid,116000,155000,enterprise,pytorch|jax|statistics|research|python
J71414,2023-10-13,Lead Data Engineer,lead,Bengaluru,IN,hybrid,58500,78000,scaleup,python|spark|sql
J72706,2023-10-13,BI Developer,mid,London,GB,remote,,,scaleup,modelling|power bi|sql
J72772,2023-10-13,Senior Data Engineer,senior,London,GB,remote,118500,158000,scaleup,aws|terraform|airflow|sql|python|kafka
J70505,2023-10-14,Staff BI Developer,staff,Chicago,US,hybrid,120000,160000,enterprise,excel|modelling|power bi|sql|dax
J72637,2023-10-14,Senior Data Analyst,senior,São Paulo,BR,onsite,35500,47000,scaleup,statistics|python|sql|excel
J72939,2023-10-14,Junior Data Engineer,junior,São Paulo,BR,remote,,,scaleup,aws|airflow|python|sql|terraform|kafka
J70476,2023-10-15,Staff Research Scientist,staff,New York,US,hybrid,236500,315500,enterprise,pytorch|statistics|research|python|jax
J70796,2023-10-15,Data Analyst,mid,London,GB,onsite,63500,84500,startup,statistics|excel|python|tableau|looker
J71369,2023-10-15,BI Developer,mid,London,GB,hybrid,66500,88500,enterprise,dax|sql|power bi|excel
J70148,2023-10-16,Senior Machine Learning Engineer,senior,London,GB,remote,141500,189000,midmarket,kubernetes|pytorch|python
J70801,2023-10-16,Lead Data Engineer,lead,Berlin,DE,hybrid,141500,189000,startup,aws|sql|python
J73341,2023-10-16,Staff Data Engineer,staff,San Francisco,US,hybrid,231000,307500,scaleup,spark|airflow|python
J70335,2023-10-17,Junior Data Analyst,junior,Chicago,US,remote,51000,67500,midmarket,looker|python|sql|tableau|excel|statistics
J72161,2023-10-17,Lead Data Engineer,lead,San Francisco,US,onsite,216500,288500,midmarket,terraform|kafka|airflow|spark|aws
J72803,2023-10-17,Senior Data Scientist,senior,Amsterdam,NL,onsite,119000,159000,enterprise,experimentation|sql|pytorch|python
J73074,2023-10-17,Lead BI Developer,lead,São Paulo,BR,hybrid,54000,72000,scaleup,sql|dax|excel
J73371,2023-10-17,Lead Machine Learning Engineer,lead,Chicago,US,hybrid,220500,294500,midmarket,kubernetes|python|pytorch|sql|mlflow|aws
J70975,2023-10-18,Senior Data Platform Engineer,senior,London,GB,remote,123500,164500,enterprise,aws|observability|terraform|python|spark
J71922,2023-10-18,Staff Data Engineer,staff,London,GB,remote,136500,182000,enterprise,sql|airflow|python|kafka|spark|aws
J71530,2023-10-19,Senior Analytics Engineer,senior,New York,US,remote,158500,211000,scaleup,git|airflow|snowflake|sql|python
J71816,2023-10-19,Data Platform Engineer,mid,Austin,US,hybrid,115500,154000,startup,kubernetes|aws|terraform|spark|observability
J72513,2023-10-19,Senior Data Scientist,senior,Austin,US,hybrid,152500,203500,scaleup,sql|python|experimentation
J70049,2023-10-20,Junior Data Engineer,junior,São Paulo,BR,remote,,,scaleup,aws|airflow|terraform|spark
J70416,2023-10-20,Data Scientist,mid,London,GB,remote,,,startup,experimentation|sql|statistics|pytorch
J71385,2023-10-20,Staff Research Scientist,staff,Berlin,DE,remote,160000,213000,scaleup,research|python|jax|pytorch|statistics
J70457,2023-10-21,Senior Machine Learning Engineer,senior,Bengaluru,IN,onsite,,,midmarket,pytorch|sql|python|aws
J71293,2023-10-21,Lead Data Engineer,lead,London,GB,remote,148500,198000,startup,python|aws|sql
J70124,2023-10-22,Data Scientist,mid,Bengaluru,IN,remote,,,startup,python|statistics|experimentation
J71011,2023-10-22,Data Platform Engineer,mid,Austin,US,onsite,113000,151000,startup,kubernetes|python|terraform|observability
J71483,2023-10-22,Senior Data Analyst,senior,Chicago,US,onsite,,,enterprise,sql|statistics|tableau|python|excel|looker
J72099,2023-10-22,Senior Analytics Engineer,senior,New York,US,remote,162500,217000,enterprise,airflow|git|python|snowflake|sql
J72440,2023-10-22,Senior Data Analyst,senior,Chicago,US,onsite,,,midmarket,statistics|python|excel|sql|looker|tableau
J72851,2023-10-22,Junior BI Developer,junior,Chicago,US,hybrid,58000,77000,startup,excel|modelling|power bi
J73133,2023-10-22,Lead Data Scientist,lead,Berlin,DE,hybrid,,,startup,statistics|python|sql|pandas|pytorch
J70756,2023-10-23,Staff Data Engineer,staff,San Francisco,US,hybrid,221000,294500,enterprise,aws|kafka|spark|terraform|sql|python
J71516,2023-10-23,Lead Data Scientist,lead,San Francisco,US,remote,261000,348000,midmarket,pandas|experimentation|statistics
J72988,2023-10-23,Senior Data Analyst,senior,Berlin,DE,remote,75500,101000,enterprise,tableau|statistics|excel
J73084,2023-10-23,Senior Data Analyst,senior,Chicago,US,onsite,93000,124000,scaleup,statistics|looker|excel|tableau|sql|python
J70400,2023-10-24,Analytics Engineer,mid,Chicago,US,remote,106000,141000,scaleup,airflow|dbt|snowflake|python
J70591,2023-10-24,Data Analyst,mid,Amsterdam,NL,hybrid,,,midmarket,looker|python|excel|sql|statistics|tableau
J70721,2023-10-24,Senior BI Developer,senior,Austin,US,hybrid,96000,128000,midmarket,modelling|excel|dax
J71249,2023-10-24,Junior Data Analyst,junior,San Francisco,US,remote,77000,102500,midmarket,statistics|excel|looker
J71918,2023-10-24,Staff Data Platform Engineer,staff,Chicago,US,hybrid,169500,226000,enterprise,kubernetes|spark|observability|aws|python
J72553,2023-10-24,Senior Data Scientist,senior,Toronto,CA,hybrid,113000,150500,enterprise,python|pytorch|experimentation|pandas|sql
J70370,2023-10-25,Staff BI Developer,staff,London,GB,hybrid,108000,144000,scaleup,dax|modelling|excel|sql
J70826,2023-10-25,Senior Data Engineer,senior,São Paulo,BR,hybrid,57500,76500,midmarket,spark|airflow|python|terraform|sql|aws
J71258,2023-10-25,Data Platform Engineer,mid,Chicago,US,hybrid,,,midmarket,aws|python|observability
J71546,2023-10-25,Junior Data Scientist,junior,Bengaluru,IN,onsite,,,scaleup,experimentation|python|statistics|pandas|sql|pytorch
J72358,2023-10-25,Junior Data Analyst,junior,San Francisco,US,hybrid,66500,89000,scaleup,python|sql|excel|statistics|tableau
J70127,2023-10-26,Junior Data Engineer,junior,Amsterdam,NL,onsite,,,enterprise,spark|python|aws|terraform|sql|kafka
J70993,2023-10-26,Data Engineer,mid,Amsterdam,NL,hybrid,92500,123500,enterprise,sql|terraform|aws|airflow|python|spark
J71561,2023-10-26,Junior Data Scientist,junior,New York,US,onsite,103000,137000,enterprise,pytorch|statistics|pandas|sql|experimentation|python
J71760,2023-10-26,Senior Analytics Engineer,senior,Chicago,US,hybrid,115500,154000,scaleup,git|python|sql
J71862,2023-10-26,Data Analyst,mid,Toronto,CA,hybrid,,,enterprise,python|sql|tableau|looker|statistics|excel
J70073,2023-10-27,Data Engineer,mid,San Francisco,US,hybrid,135500,180500,enterprise,spark|python|airflow|sql|kafka|aws
J70680,2023-10-27,Senior Data Scientist,senior,London,GB,hybrid,,,midmarket,experimentation|pytorch|pandas
J71261,2023-10-27,Junior Data Scientist,junior,Berlin,DE,hybrid,63500,85000,midmarket,pytorch|sql|python|pandas
J72667,2023-10-27,Staff Data Analyst,staff,London,GB,onsite,96500,128500,midmarket,looker|sql|python
J73142,2023-10-27,Senior BI Developer,senior,London,GB,onsite,84500,112500,scaleup,modelling|power bi|sql
J70182,2023-10-28,Data Analyst,mid,London,GB,remote,68000,90500,startup,python|sql|statistics|looker|excel|tableau
J71239,2023-10-28,Senior Data Engineer,senior,São Paulo,BR,hybrid,54000,72000,scaleup,terraform|kafka|sql
J70218,2023-10-30,Lead Machine Learning Engineer,lead,Berlin,DE,hybrid,157000,209000,scaleup,kubernetes|sql|mlflow|aws
J71412,2023-10-30,Machine Learning Engineer,mid,San Francisco,US,hybrid,173500,231000,midmarket,kubernetes|mlflow|pytorch|python|aws
J71133,2023-10-31,Data Analyst,mid,San Francisco,US,remote,88500,117500,scaleup,sql|looker|tableau|statistics|python
J71686,2023-11-01,Data Engineer,mid,Amsterdam,NL,hybrid,85000,113500,scaleup,python|kafka|sql|terraform|spark
J73475,2023-11-01,Research Scientist,mid,London,GB,hybrid,116500,155000,startup,jax|research|pytorch|statistics|python
J70197,2023-11-02,Junior Data Analyst,junior,Bengaluru,IN,remote,,,scaleup,excel|statistics|looker|python|tableau|sql
J72859,2023-11-02,Senior Data Platform Engineer,senior,Berlin,DE,remote,116000,154500,midmarket,kubernetes|observability|terraform|python|aws
J70804,2023-11-03,Junior Analytics Engineer,junior,Berlin,DE,hybrid,,,startup,snowflake|dbt|python|airflow|git
J72030,2023-11-03,Analytics Engineer,mid,Toronto,CA,remote,74500,99500,scaleup,git|sql|dbt
J72840,2023-11-03,Lead Data Analyst,lead,San Francisco,US,hybrid,160500,214500,scaleup,sql|statistics|python
J73132,2023-11-03,Machine Learning Engineer,mid,Berlin,DE,hybrid,106500,142000,startup,pytorch|sql|aws|mlflow|kubernetes|python
J73280,2023-11-03,Senior Data Engineer,senior,Chicago,US,hybrid,141000,188000,enterprise,terraform|sql|airflow|python|aws
J73463,2023-11-03,Junior Research Scientist,junior,Bengaluru,IN,hybrid,,,enterprise,research|jax|pytorch
J70857,2023-11-04,Junior Research Scientist,junior,Amsterdam,NL,remote,,,midmarket,statistics|pytorch|jax
J70868,2023-11-04,Senior Data Scientist,senior,Toronto,CA,hybrid,123500,164500,enterprise,pytorch|python|sql
J71377,2023-11-04,BI Developer,mid,Berlin,DE,hybrid,55500,74500,scaleup,excel|sql|dax|power bi
J72455,2023-11-04,Data Platform Engineer,mid,Berlin,DE,hybrid,95000,126500,scaleup,kubernetes|spark|observability|python|terraform|aws
J70074,2023-11-05,Senior Data Scientist,senior,Chicago,US,hybrid,129500,172500,scaleup,pytorch|statistics|sql
J70080,2023-11-05,Senior Data Scientist,senior,Chicago,US,onsite,142500,190000,scaleup,experimentation|statistics|pandas|python|sql|pytorch
J70084,2023-11-05,Machine Learning Engineer,mid,London,GB,onsite,103000,137500,scaleup,kubernetes|mlflow|aws
J71440,2023-11-05,Staff Research Scientist,staff,New York,US,hybrid,248000,331000,scaleup,python|jax|research|pytorch|statistics
J72142,2023-11-05,Junior Machine Learning Engineer,junior,Toronto,CA,hybrid,74500,99500,midmarket,python|kubernetes|mlflow|aws|pytorch|sql
J70386,2023-11-06,Junior Data Scientist,junior,Austin,US,remote,,,enterprise,statistics|experimentation|pytorch|sql
J71658,2023-11-06,Data Engineer,mid,New York,US,hybrid,129500,172500,startup,airflow|kafka|aws
J71836,2023-11-06,Senior Data Analyst,senior,London,GB,hybrid,,,startup,excel|sql|statistics
J72625,2023-11-06,Junior Data Platform Engineer,junior,London,GB,onsite,,,enterprise,terraform|observability|python|aws|spark|kubernetes
J73432,2023-11-06,Junior Analytics Engineer,junior,San Francisco,US,onsite,92500,123000,scaleup,python|git|snowflake|dbt
J70174,2023-11-07,Senior Analytics Engineer,senior,Chicago,US,hybrid,111500,149000,midmarket,python|airflow|sql|git|dbt|snowflake
J71026,2023-11-07,Senior Data Analyst,senior,New York,US,hybrid,116500,155000,enterprise,statistics|sql|excel|python|tableau|looker
J71620,2023-11-07,Data Platform Engineer,mid,Toronto,CA,hybrid,91000,121000,midmarket,observability|python|aws
J71961,2023-11-07,BI Developer,mid,Berlin,DE,remote,57500,76500,midmarket,excel|modelling|sql|power bi
J70487,2023-11-08,BI Developer,mid,Amsterdam,NL,hybrid,,,enterprise,dax|power bi|excel|sql
J72448,2023-11-08,BI Developer,mid,Bengaluru,IN,hybrid,28000,37500,midmarket,sql|modelling|dax
J71901,2023-11-09,Data Analyst,mid,Toronto,CA,hybrid,61500,81500,enterprise,excel|sql|statistics|python|tableau|looker
J73113,2023-11-09,Data Scientist,mid,Amsterdam,NL,hybrid,85000,113000,startup,statistics|sql|pytorch|pandas|experimentation
J70703,2023-11-10,Senior Data Scientist,senior,Amsterdam,NL,remote,114000,152000,startup,pytorch|python|pandas|sql|statistics
J72127,2023-11-10,Lead Analytics Engineer,lead,New York,US,onsite,192000,256000,enterprise,sql|dbt|python|airflow
J72565,2023-11-10,Data Engineer,mid,San Francisco,US,remote,134500,179500,startup,spark|terraform|sql|airflow|python|kafka
J70837,2023-11-11,Junior Machine Learning Engineer,junior,San Francisco,US,hybrid,124000,165000,scaleup,kubernetes|sql|pytorch|mlflow|aws|python
J71005,2023-11-11,Data Engineer,mid,Berlin,DE,remote,90000,120000,midmarket,python|aws|sql|terraform|spark
J72516,2023-11-11,Senior Data Engineer,senior,Chicago,US,remote,129500,172500,startup,terraform|spark|sql
J73207,2023-11-11,Data Engineer,mid,Berlin,DE,onsite,82500,110000,scaleup,airflow|sql|spark|terraform|aws|python
J71256,2023-11-12,Lead Data Scientist,lead,Chicago,US,remote,197000,262500,scaleup,statistics|python|pytorch|pandas|experimentation
J71494,2023-11-12,Data Engineer,mid,Bengaluru,IN,onsite,36500,48500,enterprise,airflow|kafka|terraform|aws
J70778,2023-11-13,Data Platform Engineer,mid,São Paulo,BR,hybrid,51500,68500,startup,aws|kubernetes|spark|python|observability
J70871,2023-11-13,Junior Analytics Engineer,junior,New York,US,onsite,,,enterprise,git|python|snowflake|dbt|airflow|sql
J72689,2023-11-13,Data Analyst,mid,Chicago,US,remote,72000,96500,enterprise,excel|looker|sql|python
J70257,2023-11-14,Data Engineer,mid,Bengaluru,IN,remote,40000,53000,midmarket,aws|spark|airflow
J71617,2023-11-14,Machine Learning Engineer,mid,Bengaluru,IN,hybrid,,,midmarket,aws|pytorch|python|sql|kubernetes
J72101,2023-11-14,Analytics Engineer,mid,San Francisco,US,onsite,121500,161500,startup,python|snowflake|sql|git|dbt|airflow
J70572,2023-11-15,Junior Data Analyst,junior,Toronto,CA,hybrid,,,enterprise,tableau|statistics|sql|python|looker|excel
J71767,2023-11-15,Junior Machine Learning Engineer,junior,Austin,US,onsite,101500,135000,scaleup,pytorch|python|kubernetes|aws
J73317,2023-11-15,Staff Data Analyst,staff,Bengaluru,IN,remote,,,enterprise,sql|statistics|python|looker|excel
J73414,2023-11-15,Data Scientist,mid,Chicago,US,hybrid,115500,154000,scaleup,sql|python|experimentation|statistics
J73448,2023-11-15,Junior Data Analyst,junior,San Francisco,US,remote,65500,87500,enterprise,statistics|python|looker|tableau|excel|sql
J71474,2023-11-16,Senior Analytics Engineer,senior,San Francisco,US,hybrid,166000,221500,midmarket,snowflake|sql|python|git|airflow
J72357,2023-11-16,Data Scientist,mid,San Francisco,US,hybrid,140000,187000,enterprise,sql|pandas|statistics|python|experimentation
J72443,2023-11-17,Data Analyst,mid,Berlin,DE,remote,,,scaleup,python|sql|looker|excel|tableau|statistics
J73009,2023-11-17,Senior Machine Learning Engineer,senior,Toronto,CA,hybrid,,,startup,kubernetes|pytorch|mlflow
J71158,2023-11-18,Senior BI Developer,senior,New York,US,remote,120500,160500,startup,modelling|power bi|excel|dax|sql
J72228,2023-11-18,Senior Analytics Engineer,senior,San Francisco,US,remote,164500,219500,midmarket,snowflake|python|git|sql|airflow
J72943,2023-11-18,Data Analyst,mid,New York,US,onsite,95000,126500,scaleup,statistics|tableau|python
J70502,2023-11-19,Data Engineer,mid,San Francisco,US,hybrid,147000,196000,midmarket,terraform|kafka|spark|python
J71518,2023-11-19,Senior Data Scientist,senior,Chicago,US,hybrid,140500,187500,startup,sql|pandas|pytorch|experimentation|statistics
J72511,2023-11-19,Data Analyst,mid,São Paulo,BR,hybrid,30000,40000,midmarket,excel|tableau|python|statistics|sql
J73287,2023-11-19,Data Analyst,mid,Bengaluru,IN,remote,26000,34500,midmarket,excel|sql|python|statistics
J72067,2023-11-20,Senior Data Analyst,senior,Bengaluru,IN,onsite,31500,42000,enterprise,tableau|excel|python|looker
J73347,2023-11-20,Data Analyst,mid,New York,US,onsite,84000,112000,midmarket,tableau|excel|looker
J72901,2023-11-21,Data Analyst,mid,New York,US,onsite,95000,126500,enterprise,looker|excel|tableau|python
J70253,2023-11-22,Lead Data Scientist,lead,Chicago,US,hybrid,173500,231500,scaleup,pytorch|python|experimentation|sql|pandas|statistics
J70543,2023-11-22,Data Analyst,mid,San Francisco,US,onsite,91000,121500,enterprise,python|statistics|sql
J73270,2023-11-22,Data Scientist,mid,São Paulo,BR,hybrid,,,enterprise,pytorch|sql|experimentation|statistics|pandas|python
J72668,2023-11-23,Lead BI Developer,lead,Austin,US,hybrid,134000,178500,scaleup,dax|power bi|modelling|excel|sql
J72838,2023-11-23,Data Analyst,mid,São Paulo,BR,hybrid,,,scaleup,excel|python|tableau|looker|sql
J72066,2023-11-24,Junior Data Analyst,junior,Berlin,DE,hybrid,,,scaleup,excel|looker|tableau|statistics|sql|python
J72775,2023-11-24,Senior Data Scientist,senior,New York,US,hybrid,186000,248000,scaleup,pytorch|python|sql|statistics|experimentation
J73112,2023-11-24,Senior Data Scientist,senior,Berlin,DE,onsite,103500,138500,scaleup,python|sql|pytorch
J73296,2023-11-24,Junior Data Analyst,junior,London,GB,onsite,47500,63000,startup,statistics|looker|sql
J73353,2023-11-24,Data Platform Engineer,mid,New York,US,hybrid,155500,207000,enterprise,observability|aws|python
J70854,2023-11-25,Machine Learning Engineer,mid,Bengaluru,IN,onsite,,,midmarket,mlflow|pytorch|python|aws|kubernetes|sql
J71160,2023-11-25,Junior Analytics Engineer,junior,London,GB,onsite,56000,74500,enterprise,snowflake|sql|airflow|git
J71885,2023-11-25,Data Analyst,mid,San Francisco,US,remote,104000,139000,startup,looker|excel|python|statistics
J73334,2023-11-25,Junior Machine Learning Engineer,junior,São Paulo,BR,onsite,40000,53500,startup,pytorch|python|mlflow|aws|sql|kubernetes
J70198,2023-11-26,Analytics Engineer,mid,New York,US,onsite,111500,148500,midmarket,snowflake|airflow|dbt|sql
J72946,2023-11-26,Junior Data Analyst,junior,Bengaluru,IN,hybrid,,,scaleup,looker|python|sql|excel|statistics|tableau
J70430,2023-11-27,BI Developer,mid,New York,US,remote,99500,133000,enterprise,dax|sql|power bi|modelling
J71269,2023-11-27,Data Engineer,mid,Chicago,US,remote,115000,153500,midmarket,python|kafka|spark
J72831,2023-11-27,Senior Data Engineer,senior,San Francisco,US,hybrid,190000,253500,midmarket,terraform|sql|python|kafka|spark
J70649,2023-11-28,Data Engineer,mid,Toronto,CA,onsite,,,startup,kafka|python|sql|airflow|spark
J71275,2023-11-28,Lead Data Scientist,lead,Berlin,DE,remote,,,scaleup,pytorch|python|experimentation|pandas|statistics|sql
J73194,2023-11-28,Senior Research Scientist,senior,São Paulo,BR,hybrid,67500,90500,startup,jax|python|pytorch|statistics
J72488,2023-11-29,Junior Machine Learning Engineer,junior,Austin,US,onsite,94500,126000,midmarket,sql|python|pytorch|kubernetes
J72602,2023-11-29,Data Analyst,mid,Berlin,DE,hybrid,,,startup,sql|statistics|python|tableau|looker
J71679,2023-11-30,Analytics Engineer,mid,Bengaluru,IN,hybrid,33500,44500,scaleup,dbt|python|sql|git|airflow
J71959,2023-11-30,Data Scientist,mid,Amsterdam,NL,onsite,,,scaleup,experimentation|pandas|pytorch|sql|python|statistics
J72023,2023-11-30,Senior Data Engineer,senior,New York,US,hybrid,171500,228500,startup,spark|kafka|sql|airflow|terraform
J72189,2023-11-30,Junior Data Analyst,junior,San Francisco,US,hybrid,74500,99500,midmarket,sql|looker|python|tableau|statistics
J70091,2023-12-01,Analytics Engineer,mid,London,GB,hybrid,83500,111500,midmarket,snowflake|python|sql
J71435,2023-12-01,Lead Data Engineer,lead,Bengaluru,IN,remote,,,enterprise,airflow|kafka|aws|python|terraform
J72765,2023-12-01,Staff Data Analyst,staff,Chicago,US,onsite,108000,143500,enterprise,excel|python|tableau|looker|sql
J70082,2023-12-02,Data Scientist,mid,Berlin,DE,remote,92000,122500,midmarket,sql|statistics|experimentation|pandas|python|pytorch
J71515,2023-12-02,Data Scientist,mid,Berlin,DE,hybrid,81000,108000,midmarket,statistics|python|sql|pytorch|pandas|experimentation
J72182,2023-12-02,Junior Data Scientist,junior,New York,US,hybrid,95500,127000,midmarket,python|pytorch|pandas|sql|statistics
J72413,2023-12-03,Staff Data Engineer,staff,San Francisco,US,remote,223000,297000,midmarket,python|sql|airflow|kafka|spark|aws
J70489,2023-12-04,Staff Analytics Engineer,staff,Austin,US,hybrid,153500,204500,scaleup,git|airflow|sql|snowflake|dbt
J70821,2023-12-04,Senior Data Analyst,senior,Chicago,US,remote,96000,128000,enterprise,python|looker|sql
J71925,2023-12-04,Data Platform Engineer,mid,New York,US,hybrid,149000,198500,startup,spark|kubernetes|aws|terraform|observability|python
J71357,2023-12-05,Machine Learning Engineer,mid,New York,US,hybrid,149000,199000,scaleup,aws|kubernetes|mlflow
J71727,2023-12-05,Data Analyst,mid,San Francisco,US,hybrid,,,scaleup,sql|excel|looker|tableau
J72364,2023-12-05,Senior Data Engineer,senior,London,GB,hybrid,112000,149000,scaleup,python|spark|airflow|sql|kafka
J72547,2023-12-05,Junior Machine Learning Engineer,junior,Toronto,CA,onsite,78500,104500,enterprise,aws|sql|mlflow|pytorch|python|kubernetes
J70201,2023-12-06,Senior Data Analyst,senior,San Francisco,US,hybrid,119000,158500,scaleup,statistics|sql|python|looker|excel
J71684,2023-12-06,Data Analyst,mid,Bengaluru,IN,hybrid,22500,30000,startup,looker|excel|python|tableau|statistics
J71725,2023-12-06,Data Platform Engineer,mid,Amsterdam,NL,hybrid,91500,122000,startup,python|terraform|aws|spark|observability
J72913,2023-12-06,Lead Data Scientist,lead,London,GB,hybrid,161500,215500,enterprise,experimentation|pandas|python|statistics|pytorch
J73415,2023-12-06,Data Analyst,mid,New York,US,onsite,90500,120500,midmarket,statistics|python|sql|excel
J70714,2023-12-07,Senior Data Engineer,senior,San Francisco,US,onsite,190000,253500,scaleup,aws|terraform|airflow|kafka|sql
J73002,2023-12-07,Senior Data Analyst,senior,New York,US,hybrid,102500,137000,midmarket,statistics|python|excel|tableau|looker|sql
J73101,2023-12-07,Senior BI Developer,senior,San Francisco,US,hybrid,123000,164000,midmarket,excel|dax|power bi|sql|modelling
J73160,2023-12-07,Junior Analytics Engineer,junior,New York,US,hybrid,,,startup,airflow|python|snowflake|git
J70734,2023-12-08,Senior Data Engineer,senior,New York,US,hybrid,177500,236500,startup,airflow|kafka|terraform|spark
J72441,2023-12-08,Data Scientist,mid,London,GB,remote,,,scaleup,statistics|python|pandas|pytorch
J70020,2023-12-09,Senior Machine Learning Engineer,senior,Berlin,DE,hybrid,130500,174000,scaleup,mlflow|python|aws|pytorch|kubernetes
J70061,2023-12-09,Data Scientist,mid,Chicago,US,remote,124000,165000,scaleup,experimentation|pandas|python|statistics|pytorch|sql
J70085,2023-12-09,Data Engineer,mid,Bengaluru,IN,hybrid,36500,48500,scaleup,airflow|python|kafka|terraform
J70460,2023-12-09,Data Scientist,mid,Amsterdam,NL,hybrid,95500,127500,enterprise,statistics|python|sql|pandas|pytorch|experimentation
J70546,2023-12-09,Machine Learning Engineer,mid,New York,US,remote,163500,218000,midmarket,mlflow|pytorch|python|kubernetes|aws
J72168,2023-12-09,Data Analyst,mid,London,GB,onsite,,,enterprise,tableau|excel|sql|statistics|looker|python
J72227,2023-12-09,Junior Data Analyst,junior,Austin,US,remote,51500,69000,midmarket,tableau|excel|looker|python
J73230,2023-12-09,Senior Analytics Engineer,senior,San Francisco,US,remote,161000,215000,midmarket,sql|dbt|snowflake|airflow|python
J71422,2023-12-10,Staff Data Platform Engineer,staff,São Paulo,BR,onsite,68500,91000,midmarket,kubernetes|python|aws|observability
J72615,2023-12-11,Data Analyst,mid,New York,US,hybrid,91500,122000,enterprise,python|statistics|sql|tableau|excel|looker
J73250,2023-12-11,Staff Data Analyst,staff,Berlin,DE,onsite,89000,119000,enterprise,statistics|excel|sql|python
J70289,2023-12-12,Senior Data Platform Engineer,senior,Berlin,DE,remote,,,startup,aws|terraform|kubernetes
J70864,2023-12-12,Senior Data Analyst,senior,Chicago,US,hybrid,88000,117500,scaleup,sql|looker|tableau|statistics|excel|python
J71120,2023-12-12,Data Engineer,mid,Chicago,US,hybrid,114500,153000,scaleup,sql|kafka|terraform|airflow|aws
J71537,2023-12-12,Senior Data Engineer,senior,New York,US,hybrid,156000,208000,midmarket,kafka|spark|sql|python
J70192,2023-12-13,Data Analyst,mid,Toronto,CA,remote,,,scaleup,statistics|python|looker
J72040,2023-12-13,Data Analyst,mid,Bengaluru,IN,hybrid,24000,31500,scaleup,looker|python|excel|tableau|statistics|sql
J70170,2023-12-14,Data Analyst,mid,San Francisco,US,hybrid,91500,122000,enterprise,statistics|python|sql|tableau|looker
J71733,2023-12-14,Senior Data Scientist,senior,Chicago,US,remote,141500,188500,enterprise,pandas|statistics|sql
J72742,2023-12-14,Machine Learning Engineer,mid,London,GB,hybrid,115500,154000,startup,aws|pytorch|mlflow|sql|python
J70532,2023-12-15,Staff Data Analyst,staff,Amsterdam,NL,hybrid,,,startup,tableau|excel|sql|statistics|python|looker
J70767,2023-12-15,Senior Analytics Engineer,senior,Bengaluru,IN,onsite,37500,50500,midmarket,dbt|snowflake|git|sql
J70832,2023-12-15,Senior Data Engineer,senior,Berlin,DE,onsite,108000,144000,scaleup,aws|sql|terraform|kafka
J70411,2023-12-16,Junior Data Engineer,junior,Austin,US,onsite,85500,114000,scaleup,airflow|aws|spark
J71195,2023-12-16,Data Scientist,mid,New York,US,onsite,129500,173000,scaleup,pytorch|statistics|experimentation
J71634,2023-12-16,Senior Data Analyst,senior,São Paulo,BR,remote,,,enterprise,tableau|python|looker|excel
J72728,2023-12-16,Staff Data Analyst,staff,London,GB,onsite,90500,121000,startup,tableau|excel|looker|statistics|python
J70097,2023-12-17,Junior BI Developer,junior,Austin,US,hybrid,56000,75000,scaleup,modelling|excel|power bi
J70930,2023-12-17,Data Analyst,mid,London,GB,hybrid,56500,75000,startup,looker|sql|tableau
J72272,2023-12-17,Junior Data Engineer,junior,Bengaluru,IN,remote,29000,39000,scaleup,aws|python|spark|sql|kafka
J73335,2023-12-17,Senior Data Engineer,senior,New York,US,onsite,165500,220500,scaleup,terraform|kafka|spark|aws|sql|airflow
J71627,2023-12-18,Data Engineer,mid,São Paulo,BR,remote,46500,61500,startup,airflow|terraform|sql
J71757,2023-12-18,Data Analyst,mid,Austin,US,hybrid,76500,101500,enterprise,python|tableau|sql
J72977,2023-12-18,Data Analyst,mid,Berlin,DE,remote,61500,82000,scaleup,looker|statistics|tableau
J73123,2023-12-18,Junior Analytics Engineer,junior,San Francisco,US,remote,,,midmarket,python|sql|git
J73167,2023-12-18,Senior Data Engineer,senior,Chicago,US,remote,149000,198500,midmarket,spark|terraform|kafka
J70697,2023-12-19,Staff Data Analyst,staff,Toronto,CA,remote,85000,113500,enterprise,excel|sql|tableau|statistics
J70789,2023-12-19,Senior Analytics Engineer,senior,Amsterdam,NL,remote,,,midmarket,python|sql|snowflake
J70924,2023-12-19,Senior Analytics Engineer,senior,San Francisco,US,remote,172500,230500,enterprise,sql|git|airflow|dbt|snowflake|python
J72555,2023-12-19,Junior Data Analyst,junior,São Paulo,BR,hybrid,22500,30000,startup,sql|statistics|python
J71168,2023-12-20,Staff Data Engineer,staff,Toronto,CA,onsite,,,enterprise,aws|kafka|airflow|sql|terraform|python
J71202,2023-12-20,Data Engineer,mid,San Francisco,US,remote,132000,176000,startup,kafka|aws|terraform
J70654,2023-12-21,Staff BI Developer,staff,Berlin,DE,hybrid,87000,116000,startup,modelling|dax|power bi|sql
J71075,2023-12-22,Data Analyst,mid,São Paulo,BR,remote,29500,39500,startup,sql|statistics|tableau|python|looker|excel
J71921,2023-12-22,Senior Data Analyst,senior,São Paulo,BR,remote,39000,51500,startup,excel|sql|statistics|python|tableau
J72244,2023-12-22,Data Engineer,mid,Bengaluru,IN,hybrid,,,enterprise,sql|spark|aws|kafka|terraform
J72823,2023-12-22,Lead Data Platform Engineer,lead,London,GB,onsite,,,startup,terraform|kubernetes|spark|aws|python
J70308,2023-12-23,Lead Data Analyst,lead,Berlin,DE,remote,,,scaleup,tableau|looker|excel|sql|statistics
J70333,2023-12-23,Junior BI Developer,junior,Berlin,DE,remote,48000,64000,scaleup,sql|modelling|power bi|excel
J70935,2023-12-23,Machine Learning Engineer,mid,Amsterdam,NL,onsite,,,enterprise,mlflow|python|pytorch|aws
J71533,2023-12-23,Senior Data Analyst,senior,Austin,US,hybrid,85500,114000,enterprise,sql|statistics|looker|python|tableau|excel
J71828,2023-12-23,Data Analyst,mid,San Francisco,US,hybrid,,,scaleup,looker|excel|sql|tableau|statistics
J70725,2023-12-24,Analytics Engineer,mid,San Francisco,US,onsite,122500,163000,enterprise,dbt|python|sql|airflow|git
J71635,2023-12-24,Senior Data Scientist,senior,London,GB,hybrid,126000,168000,enterprise,pandas|pytorch|experimentation|statistics|sql
J72373,2023-12-24,Senior Data Engineer,senior,London,GB,onsite,121000,161500,enterprise,spark|sql|kafka
J72471,2023-12-24,Machine Learning Engineer,mid,London,GB,hybrid,106500,142000,enterprise,pytorch|aws|mlflow
J72510,2023-12-24,Analytics Engineer,mid,Berlin,DE,onsite,,,scaleup,sql|snowflake|python|dbt
J70585,2023-12-25,Lead Data Engineer,lead,Berlin,DE,hybrid,130000,173000,scaleup,sql|python|airflow|kafka|aws
J70833,2023-12-25,Machine Learning Engineer,mid,Bengaluru,IN,hybrid,39500,53000,midmarket,mlflow|pytorch|kubernetes|python|sql|aws
J72758,2023-12-25,Data Engineer,mid,San Francisco,US,remote,155500,207500,enterprise,python|spark|sql|kafka
J70637,2023-12-26,Junior Data Analyst,junior,Amsterdam,NL,hybrid,,,scaleup,excel|python|statistics|looker|sql
J71953,2023-12-26,Senior Data Engineer,senior,San Francisco,US,hybrid,164500,219000,scaleup,terraform|kafka|aws
J72906,2023-12-26,Data Analyst,mid,London,GB,hybrid,,,enterprise,excel|sql|looker
J73116,2023-12-26,Senior Data Analyst,senior,Amsterdam,NL,remote,82000,109500,scaleup,python|statistics|tableau
J70595,2023-12-27,Senior Data Scientist,senior,New York,US,onsite,177000,236000,enterprise,statistics|sql|pytorch
J70917,2023-12-27,Lead Research Scientist,lead,São Paulo,BR,hybrid,88000,117500,startup,jax|pytorch|research|python|statistics
J72033,2023-12-27,Data Scientist,mid,San Francisco,US,hybrid,150500,201000,scaleup,sql|statistics|pytorch
J70976,2023-12-28,Junior BI Developer,junior,Berlin,DE,onsite,,,enterprise,dax|power bi|modelling
J72047,2023-12-28,Staff Data Analyst,staff,Toronto,CA,hybrid,91000,121500,enterprise,tableau|python|statistics|excel|looker
J70679,2023-12-29,Senior Analytics Engineer,senior,Chicago,US,remote,117500,156500,startup,snowflake|python|dbt|sql
J70404,2023-12-30,Data Scientist,mid,Berlin,DE,hybrid,84000,112000,enterprise,pandas|sql|experimentation
J71365,2023-12-30,Analytics Engineer,mid,New York,US,remote,128500,171500,scaleup,python|git|snowflake|sql
J72072,2023-12-30,Senior Data Analyst,senior,Austin,US,onsite,90000,120000,scaleup,sql|python|statistics
J72532,2023-12-30,Data Engineer,mid,Austin,US,remote,115000,153000,enterprise,spark|sql|kafka
J73010,2023-12-30,Junior Analytics Engineer,junior,Berlin,DE,onsite,52000,69500,enterprise,sql|snowflake|git|dbt
J73263,2023-12-30,BI Developer,mid,New York,US,remote,92000,122500,scaleup,modelling|dax|sql
J70076,2023-12-31,Senior BI Developer,senior,New York,US,hybrid,124500,166000,midmarket,dax|excel|sql|power bi|modelling
J70146,2023-12-31,Data Engineer,mid,Berlin,DE,hybrid,,,scaleup,python|airflow|aws|spark
J71534,2023-12-31,Senior Data Analyst,senior,Amsterdam,NL,hybrid,75500,101000,midmarket,tableau|python|looker|excel|sql|statistics
J71737,2023-12-31,Junior Machine Learning Engineer,junior,Berlin,DE,onsite,74000,98500,enterprise,mlflow|sql|kubernetes
J72273,2023-12-31,Senior Data Engineer,senior,London,GB,hybrid,108500,144500,scaleup,sql|airflow|aws|python|terraform|kafka
J72393,2023-12-31,Junior Analytics Engineer,junior,San Francisco,US,hybrid,94000,125500,midmarket,sql|dbt|python|git|airflow
J72531,2023-12-31,Senior BI Developer,senior,Toronto,CA,remote,,,scaleup,sql|modelling|excel|power bi
J70025,2024-01-01,Lead BI Developer,lead,London,GB,remote,,,startup,excel|dax|sql
J71446,2024-01-01,Senior Data Engineer,senior,London,GB,onsite,110500,147500,midmarket,spark|terraform|aws
J71504,2024-01-01,Junior Analytics Engineer,junior,Chicago,US,remote,77500,103500,scaleup,sql|python|dbt
J71544,2024-01-01,Staff BI Developer,staff,Chicago,US,hybrid,,,scaleup,excel|sql|power bi|modelling
J72160,2024-01-01,Lead Data Scientist,lead,Berlin,DE,onsite,150500,200500,midmarket,sql|statistics|pandas|pytorch|python|experimentation
J73025,2024-01-01,Senior Data Analyst,senior,New York,US,onsite,115500,154000,startup,looker|statistics|excel|tableau
J73268,2024-01-01,Senior Data Scientist,senior,Bengaluru,IN,onsite,45500,60500,midmarket,experimentation|pandas|sql
J70413,2024-01-02,Senior Data Scientist,senior,São Paulo,BR,hybrid,54500,72500,midmarket,pytorch|statistics|sql
J72362,2024-01-02,Senior Analytics Engineer,senior,London,GB,hybrid,,,midmarket,python|git|sql
J71154,2024-01-03,Data Engineer,mid,Toronto,CA,hybrid,,,enterprise,sql|spark|airflow|kafka
J72181,2024-01-03,Staff Data Engineer,staff,Berlin,DE,hybrid,,,midmarket,spark|airflow|python|sql
J72587,2024-01-03,Senior Data Platform Engineer,senior,Berlin,DE,onsite,,,midmarket,observability|aws|kubernetes|terraform
J70524,2024-01-05,Senior Data Analyst,senior,Berlin,DE,onsite,65500,87000,enterprise,tableau|statistics|python|sql
J71068,2024-01-06,Junior Data Scientist,junior,New York,US,hybrid,106500,142500,enterprise,experimentation|sql|statistics|pandas
J70541,2024-01-08,Data Scientist,mid,San Francisco,US,hybrid,138500,184500,enterprise,pytorch|statistics|sql|pandas|python
J72164,2024-01-08,Staff Data Engineer,staff,New York,US,onsite,208000,277000,enterprise,airflow|kafka|aws
J72245,2024-01-08,Senior Data Analyst,senior,Chicago,US,onsite,94000,125500,midmarket,looker|python|sql
J72593,2024-01-08,Data Analyst,mid,Berlin,DE,hybrid,55000,73500,enterprise,python|sql|looker|tableau|excel|statistics
J70470,2024-01-09,Lead Data Engineer,lead,Bengaluru,IN,remote,,,scaleup,kafka|sql|airflow|aws|python
J70793,2024-01-09,Senior Data Analyst,senior,New York,US,onsite,,,scaleup,python|tableau|statistics|sql|excel|looker
J72419,2024-01-09,Staff Data Platform Engineer,staff,San Francisco,US,hybrid,249000,332000,scaleup,aws|python|terraform|observability|spark
J70659,2024-01-10,Data Engineer,mid,Chicago,US,hybrid,111500,148500,startup,spark|aws|kafka|sql|airflow|python
J71963,2024-01-10,Senior Data Engineer,senior,Amsterdam,NL,hybrid,,,enterprise,python|aws|airflow|spark|sql|terraform
J72020,2024-01-10,Data Analyst,mid,Chicago,US,remote,67500,90000,startup,python|statistics|sql|excel
J72558,2024-01-10,Junior Analytics Engineer,junior,São Paulo,BR,onsite,,,midmarket,snowflake|sql|dbt|airflow|git|python
J71209,2024-01-11,Data Analyst,mid,New York,US,onsite,89000,118500,enterprise,python|looker|excel|sql|statistics|tableau
J71996,2024-01-11,Machine Learning Engineer,mid,Amsterdam,NL,onsite,114500,152500,scaleup,pytorch|mlflow|python|sql|kubernetes
J71998,2024-01-11,Senior Data Scientist,senior,Austin,US,remote,139500,186000,enterprise,pytorch|statistics|experimentation|pandas|python|sql
J71697,2024-01-12,Senior Data Engineer,senior,Bengaluru,IN,hybrid,46500,62000,scaleup,airflow|kafka|sql|terraform|python|spark
J72432,2024-01-12,Machine Learning Engineer,mid,New York,US,onsite,158000,211000,enterprise,kubernetes|sql|aws|mlflow|pytorch
J70640,2024-01-13,Data Engineer,mid,São Paulo,BR,hybrid,45000,60000,scaleup,aws|airflow|spark|python
J71558,2024-01-13,Junior Data Platform Engineer,junior,Berlin,DE,hybrid,,,midmarket,python|kubernetes|aws|terraform|observability|spark
J71709,2024-01-13,Junior BI Developer,junior,Toronto,CA,onsite,48000,64000,midmarket,excel|modelling|power bi
J72267,2024-01-13,Data Engineer,mid,Chicago,US,remote,101500,135500,enterprise,airflow|terraform|python|spark|sql
J72145,2024-01-14,Junior Data Analyst,junior,New York,US,hybrid,70000,93500,enterprise,statistics|excel|looker|tableau|sql
J72673,2024-01-14,Lead Data Analyst,lead,San Francisco,US,remote,154000,205500,midmarket,excel|sql|python|tableau|looker|statistics
J73136,2024-01-16,Senior Analytics Engineer,senior,London,GB,hybrid,,,startup,git|dbt|sql|airflow|python|snowflake
J72337,2024-01-17,Lead BI Developer,lead,Amsterdam,NL,remote,,,startup,excel|sql|dax
J72403,2024-01-17,Lead Data Engineer,lead,San Francisco,US,remote,225500,301000,scaleup,sql|kafka|airflow|spark|aws
J73150,2024-01-17,Senior Data Scientist,senior,London,GB,remote,130000,173000,enterprise,pytorch|statistics|python|pandas|sql|experimentation
J71447,2024-01-18,Senior Data Analyst,senior,São Paulo,BR,remote,,,midmarket,sql|python|looker
J72578,2024-01-18,Senior Data Analyst,senior,Austin,US,hybrid,87500,116500,enterprise,sql|excel|statistics|python|tableau|looker
J71770,2024-01-19,Data Scientist,mid,Bengaluru,IN,hybrid,35500,47500,scaleup,pandas|python|pytorch|statistics|sql
J72271,2024-01-19,Senior Data Scientist,senior,London,GB,onsite,116500,155000,startup,statistics|python|sql|pandas
J71636,2024-01-20,Machine Learning Engineer,mid,Amsterdam,NL,remote,,,enterprise,pytorch|mlflow|aws|python|sql
J71648,2024-01-20,Data Engineer,mid,Bengaluru,IN,remote,36500,49000,startup,spark|aws|sql|kafka|python|terraform
J73135,2024-01-20,Data Scientist,mid,Austin,US,hybrid,120500,161000,midmarket,statistics|pytorch|pandas|sql|experimentation|python
J73468,2024-01-20,Senior Data Scientist,senior,Austin,US,hybrid,147500,196500,scaleup,pytorch|pandas|sql|experimentation|statistics
J70205,2024-01-21,Junior Data Engineer,junior,San Francisco,US,remote,114000,152500,scaleup,spark|kafka|sql
J71915,2024-01-21,Lead Analytics Engineer,lead,Chicago,US,onsite,166000,221500,scaleup,git|python|sql|snowflake|airflow|dbt
J72104,2024-01-21,Junior Data Platform Engineer,junior,Bengaluru,IN,remote,,,enterprise,observability|terraform|aws|kubernetes|python
J73199,2024-01-21,Junior Data Engineer,junior,Berlin,DE,remote,61000,81000,scaleup,terraform|kafka|airflow
J72369,2024-01-22,Data Analyst,mid,Bengaluru,IN,onsite,23500,31500,enterprise,excel|sql|looker
J72203,2024-01-23,Research Scientist,mid,Toronto,CA,remote,112000,149000,scaleup,research|statistics|python|jax
J72962,2024-01-23,Machine Learning Engineer,mid,Chicago,US,onsite,126500,169000,enterprise,sql|mlflow|pytorch|python
J70788,2024-01-24,Research Scientist,mid,Berlin,DE,remote,103000,137500,enterprise,research|python|pytorch|statistics
J71170,2024-01-24,Junior Data Analyst,junior,New York,US,hybrid,63500,85000,midmarket,looker|statistics|tableau
J71559,2024-01-24,Staff Machine Learning Engineer,staff,Bengaluru,IN,hybrid,,,scaleup,pytorch|aws|mlflow|kubernetes
J72698,2024-01-24,Junior Data Engineer,junior,Bengaluru,IN,hybrid,24500,32500,startup,spark|python|aws|kafka
J71894,2024-01-25,Senior Data Scientist,senior,Bengaluru,IN,hybrid,,,midmarket,statistics|pandas|experimentation|python|sql
J73436,2024-01-25,Analytics Engineer,mid,Amsterdam,NL,onsite,75500,100500,midmarket,snowflake|python|airflow
J70485,2024-01-26,Junior Analytics Engineer,junior,New York,US,remote,89500,119500,startup,dbt|python|sql|git|snowflake|airflow
J70657,2024-01-26,Analytics Engineer,mid,Bengaluru,IN,remote,35000,47000,scaleup,snowflake|python|git|airflow|dbt|sql
J71425,2024-01-26,Data Engineer,mid,New York,US,hybrid,137000,182500,midmarket,sql|spark|python|aws|kafka|airflow
J72008,2024-01-26,Junior Analytics Engineer,junior,New York,US,hybrid,83000,110500,startup,dbt|sql|git|airflow
J72965,2024-01-26,Junior Data Scientist,junior,São Paulo,BR,hybrid,32500,43500,startup,python|pytorch|sql|experimentation|pandas|statistics
J70419,2024-01-28,Senior Analytics Engineer,senior,Bengaluru,IN,hybrid,43500,58500,enterprise,python|snowflake|dbt|sql
J70685,2024-01-28,Staff BI Developer,staff,Toronto,CA,hybrid,102000,136000,startup,excel|sql|power bi
J70742,2024-01-28,Junior Data Analyst,junior,San Francisco,US,hybrid,67500,90500,scaleup,excel|sql|tableau|python
J71663,2024-01-28,Senior Data Analyst,senior,Berlin,DE,onsite,,,startup,looker|statistics|tableau|excel
J73320,2024-01-28,Research Scientist,mid,New York,US,hybrid,172000,229000,midmarket,research|statistics|pytorch|jax
J71703,2024-01-30,Junior Research Scientist,junior,New York,US,remote,127500,169500,midmarket,pytorch|jax|research
J72599,2024-01-30,Data Analyst,mid,Chicago,US,hybrid,71500,95500,midmarket,looker|statistics|tableau|excel|python|sql
J73130,2024-01-30,Staff Data Engineer,staff,Chicago,US,hybrid,157500,210000,enterprise,python|sql|spark
J70265,2024-01-31,Senior Data Analyst,senior,Toronto,CA,remote,75500,100500,scaleup,statistics|tableau|looker|excel|sql|python
J72875,2024-01-31,Senior Data Engineer,senior,Toronto,CA,hybrid,,,midmarket,aws|spark|python|terraform
J70007,2024-02-01,Staff Data Platform Engineer,staff,São Paulo,BR,hybrid,79000,105500,scaleup,terraform|aws|kubernetes|spark|observability|python
J70258,2024-02-01,Analytics Engineer,mid,San Francisco,US,remote,124500,166000,startup,python|airflow|dbt|git
J70345,2024-02-01,Senior Analytics Engineer,senior,Amsterdam,NL,hybrid,,,startup,airflow|sql|snowflake|python
J70619,2024-02-01,Data Scientist,mid,Austin,US,onsite,118000,157500,startup,pytorch|statistics|experimentation|sql|python
J70959,2024-02-01,Machine Learning Engineer,mid,Toronto,CA,onsite,104000,139000,midmarket,aws|mlflow|kubernetes|pytorch
J73058,2024-02-01,Senior Analytics Engineer,senior,Austin,US,remote,133000,177000,midmarket,python|sql|dbt|airflow
J72075,2024-02-02,Staff Data Scientist,staff,London,GB,hybrid,136500,182000,startup,pytorch|statistics|experimentation|pandas|sql
J72166,2024-02-02,Data Analyst,mid,Austin,US,hybrid,72500,96500,enterprise,statistics|excel|looker|sql
J72307,2024-02-02,Lead Data Engineer,lead,Austin,US,remote,169500,226000,startup,airflow|kafka|spark
J71899,2024-02-03,Staff Data Engineer,staff,Bengaluru,IN,onsite,54000,72000,midmarket,aws|spark|python|kafka|terraform|airflow
J70298,2024-02-04,Senior Data Analyst,senior,New York,US,onsite,102500,137000,startup,statistics|excel|python
J71391,2024-02-04,Junior Data Analyst,junior,San Francisco,US,remote,76000,101500,scaleup,python|excel|looker|sql|statistics|tableau
J72105,2024-02-04,Staff Data Scientist,staff,São Paulo,BR,onsite,67500,90500,enterprise,statistics|pandas|python|pytorch|experimentation
J71372,2024-02-05,Staff Research Scientist,staff,Toronto,CA,remote,172000,229000,scaleup,python|jax|statistics|research|pytorch
J72714,2024-02-05,Senior Analytics Engineer,senior,Bengaluru,IN,remote,,,startup,git|dbt|sql|airflow|python|snowflake
J70451,2024-02-06,Data Engineer,mid,Bengaluru,IN,remote,38500,51000,midmarket,airflow|aws|kafka|python|terraform|spark
J72894,2024-02-06,Lead Research Scientist,lead,London,GB,onsite,,,midmarket,python|statistics|research
J71251,2024-02-07,Analytics Engineer,mid,San Francisco,US,hybrid,,,enterprise,snowflake|sql|git|python
J72439,2024-02-07,Senior Data Analyst,senior,Berlin,DE,onsite,71000,95000,startup,tableau|python|sql|looker
J72964,2024-02-07,BI Developer,mid,Toronto,CA,remote,66500,89000,midmarket,power bi|excel|dax|sql
J73251,2024-02-07,Staff Data Platform Engineer,staff,New York,US,remote,,,midmarket,kubernetes|observability|aws
J73326,2024-02-07,Lead Data Engineer,lead,San Francisco,US,hybrid,,,scaleup,python|spark|terraform|kafka|airflow
J73349,2024-02-07,Junior Data Analyst,junior,San Francisco,US,remote,67500,89500,enterprise,tableau|sql|excel
J70311,2024-02-08,Lead Data Engineer,lead,Chicago,US,hybrid,167000,223000,scaleup,spark|sql|terraform|airflow
J70878,2024-02-08,Research Scientist,mid,Bengaluru,IN,remote,,,startup,jax|pytorch|python|research|statistics
J70947,2024-02-08,Staff Machine Learning Engineer,staff,Berlin,DE,remote,,,startup,kubernetes|aws|mlflow|sql|pytorch
J71013,2024-02-08,Data Engineer,mid,San Francisco,US,hybrid,140500,187500,startup,spark|sql|kafka|airflow|aws|python
J71336,2024-02-08,Staff Data Scientist,staff,London,GB,remote,147500,197000,enterprise,python|experimentation|pandas|pytorch|statistics
J72923,2024-02-08,Data Scientist,mid,Bengaluru,IN,onsite,35000,46500,startup,experimentation|sql|python
J70437,2024-02-09,Senior Machine Learning Engineer,senior,San Francisco,US,onsite,222000,295500,midmarket,pytorch|sql|mlflow|kubernetes|python
J73114,2024-02-09,Senior Data Analyst,senior,Bengaluru,IN,remote,33000,44000,enterprise,excel|sql|tableau|python
J72251,2024-02-10,Data Engineer,mid,Toronto,CA,onsite,,,startup,terraform|sql|spark|kafka
J71148,2024-02-11,Analytics Engineer,mid,London,GB,remote,90500,120500,midmarket,python|snowflake|airflow
J71419,2024-02-11,Data Scientist,mid,New York,US,hybrid,,,startup,experimentation|pytorch|python|sql|pandas
J72846,2024-02-11,Senior Data Scientist,senior,Austin,US,hybrid,139500,186500,startup,pytorch|pandas|statistics|experimentation
J72884,2024-02-11,Senior Analytics Engineer,senior,Austin,US,remote,137500,183000,scaleup,git|airflow|sql|snowflake
J73020,2024-02-11,Junior Data Engineer,junior,Bengaluru,IN,onsite,,,enterprise,python|spark|kafka|sql|airflow
J70977,2024-02-12,Lead Data Analyst,lead,Austin,US,remote,127500,170000,midmarket,statistics|excel|tableau|looker
J72538,2024-02-12,Senior Data Scientist,senior,New York,US,onsite,186000,248000,midmarket,sql|python|pandas|statistics
J70861,2024-02-13,Analytics Engineer,mid,Austin,US,onsite,90500,120500,enterprise,dbt|airflow|git|sql|python
J71007,2024-02-13,Senior Data Engineer,senior,San Francisco,US,onsite,169000,225500,scaleup,python|airflow|sql|kafka|aws
J71374,2024-02-13,Senior Data Scientist,senior,Bengaluru,IN,hybrid,51500,68500,enterprise,python|statistics|pandas
J72276,2024-02-13,Senior Data Analyst,senior,Toronto,CA,onsite,67500,90000,scaleup,looker|tableau|sql
J72549,2024-02-13,Junior BI Developer,junior,New York,US,hybrid,,,scaleup,modelling|excel|dax|power bi
J71255,2024-02-14,Senior Analytics Engineer,senior,Amsterdam,NL,hybrid,96000,128500,startup,snowflake|dbt|python|git
J71763,2024-02-14,Lead Data Engineer,lead,Berlin,DE,onsite,135000,179500,scaleup,aws|terraform|airflow|sql|kafka
J72128,2024-02-14,Data Engineer,mid,Bengaluru,IN,onsite,33500,44500,scaleup,spark|sql|aws
J72738,2024-02-14,Analytics Engineer,mid,São Paulo,BR,hybrid,38500,51000,scaleup,snowflake|dbt|sql|python|git|airflow
J73095,2024-02-14,Junior Data Analyst,junior,London,GB,onsite,46000,61500,scaleup,looker|excel|tableau|python
J70131,2024-02-15,Data Scientist,mid,Amsterdam,NL,remote,101000,134500,enterprise,pytorch|sql|statistics|python|experimentation|pandas
J70964,2024-02-15,Data Engineer,mid,Bengaluru,IN,onsite,33500,44500,enterprise,python|sql|terraform|kafka|aws|spark
J71166,2024-02-15,Senior Data Scientist,senior,Amsterdam,NL,onsite,,,startup,pytorch|python|experimentation|statistics
J71331,2024-02-15,Junior Data Scientist,junior,Toronto,CA,hybrid,69000,92500,startup,statistics|pytorch|sql|pandas|python
J72678,2024-02-15,Junior Analytics Engineer,junior,New York,US,remote,94000,125500,enterprise,dbt|snowflake|git
J73014,2024-02-15,Senior Data Engineer,senior,Chicago,US,remote,143500,191000,startup,terraform|python|sql|airflow
J70040,2024-02-16,Data Engineer,mid,San Francisco,US,onsite,134500,179000,scaleup,airflow|python|spark|aws|sql
J70239,2024-02-16,Data Engineer,mid,London,GB,remote,,,startup,terraform|kafka|spark|airflow|python|sql
J72352,2024-02-16,Junior Data Engineer,junior,Toronto,CA,hybrid,69500,92500,scaleup,aws|terraform|spark
J70809,2024-02-17,BI Developer,mid,Berlin,DE,remote,,,enterprise,power bi|excel|sql|dax
J71736,2024-02-17,Data Engineer,mid,New York,US,hybrid,132500,177000,enterprise,aws|sql|spark|airflow
J70089,2024-02-18,Machine Learning Engineer,mid,London,GB,hybrid,,,enterprise,mlflow|aws|kubernetes|python|sql|pytorch
J70189,2024-02-18,Junior Data Engineer,junior,Austin,US,hybrid,,,scaleup,aws|python|kafka|spark|airflow
J70593,2024-02-18,Senior Data Engineer,senior,London,GB,hybrid,,,midmarket,sql|airflow|kafka
J71262,2024-02-18,Senior Data Analyst,senior,Amsterdam,NL,remote,,,scaleup,looker|tableau|python|sql
J71667,2024-02-18,Data Scientist,mid,New York,US,remote,,,midmarket,statistics|pandas|sql|python|experimentation
J70028,2024-02-19,BI Developer,mid,Austin,US,hybrid,,,startup,dax|excel|power bi|sql
J70075,2024-02-19,Junior Data Platform Engineer,junior,Bengaluru,IN,remote,,,startup,spark|observability|terraform|kubernetes
J70946,2024-02-19,Data Scientist,mid,Bengaluru,IN,hybrid,39500,52500,enterprise,pytorch|experimentation|pandas
J72910,2024-02-19,Lead Data Analyst,lead,New York,US,remote,135000,180000,midmarket,looker|tableau|excel
J71394,2024-02-20,Senior Machine Learning Engineer,senior,London,GB,remote,140500,187500,scaleup,mlflow|aws|sql|python|kubernetes
J70332,2024-02-21,Junior Data Scientist,junior,Toronto,CA,remote,68500,91500,midmarket,statistics|python|sql|pandas|pytorch|experimentation
J71408,2024-02-21,Lead Machine Learning Engineer,lead,New York,US,remote,248500,331500,startup,pytorch|sql|aws|python
J72136,2024-02-21,BI Developer,mid,São Paulo,BR,hybrid,32000,43000,midmarket,dax|modelling|power bi|sql|excel
J72550,2024-02-21,Senior Data Engineer,senior,Chicago,US,hybrid,131500,175500,enterprise,aws|terraform|spark|python
J70338,2024-02-22,Data Engineer,mid,Bengaluru,IN,remote,38000,50500,startup,sql|airflow|aws|kafka|terraform
J72259,2024-02-22,Staff Data Engineer,staff,New York,US,hybrid,209500,279500,enterprise,kafka|airflow|python|spark|sql|terraform
J73048,2024-02-22,Junior Data Analyst,junior,Toronto,CA,hybrid,42500,57000,enterprise,looker|python|excel|sql|statistics
J73269,2024-02-22,Junior Analytics Engineer,junior,Amsterdam,NL,hybrid,,,enterprise,python|snowflake|git
J71206,2024-02-23,Data Engineer,mid,New York,US,remote,136000,181000,midmarket,terraform|kafka|python|sql
J73366,2024-02-23,Staff Data Analyst,staff,Toronto,CA,hybrid,87000,116000,enterprise,statistics|excel|tableau|sql
J70860,2024-02-24,Senior Analytics Engineer,senior,Berlin,DE,remote,100500,134000,scaleup,sql|snowflake|airflow|dbt|python|git
J71480,2024-02-24,Data Platform Engineer,mid,Amsterdam,NL,remote,96500,129000,enterprise,terraform|kubernetes|spark
J72332,2024-02-24,Lead BI Developer,lead,Bengaluru,IN,hybrid,40500,53500,enterprise,excel|sql|modelling|power bi
J71024,2024-02-25,Staff Data Engineer,staff,San Francisco,US,hybrid,232000,309500,scaleup,terraform|kafka|python|airflow|aws|spark
J71169,2024-02-25,Junior Data Analyst,junior,Bengaluru,IN,hybrid,,,enterprise,python|sql|statistics
J72069,2024-02-25,Senior Data Scientist,senior,São Paulo,BR,hybrid,,,midmarket,python|sql|experimentation|pytorch|pandas
J72833,2024-02-25,Data Analyst,mid,London,GB,remote,58000,77500,scaleup,excel|looker|tableau|statistics
J73373,2024-02-25,BI Developer,mid,Berlin,DE,hybrid,56500,75500,startup,modelling|power bi|sql
J70120,2024-02-26,Senior Data Scientist,senior,San Francisco,US,hybrid,195500,260500,midmarket,pandas|pytorch|statistics|python|experimentation
J70285,2024-02-26,Senior Machine Learning Engineer,senior,San Francisco,US,remote,221000,294500,scaleup,python|mlflow|aws|pytorch|kubernetes|sql
J70807,2024-02-26,Staff Data Engineer,staff,Toronto,CA,onsite,138500,184500,startup,airflow|sql|python|aws
J71002,2024-02-26,Lead Data Engineer,lead,Amsterdam,NL,hybrid,139000,185000,enterprise,airflow|aws|terraform|kafka|python
J72004,2024-02-26,Senior Data Engineer,senior,Austin,US,hybrid,139000,185000,enterprise,airflow|aws|sql|kafka|python
J72567,2024-02-26,Staff Data Analyst,staff,London,GB,hybrid,95000,126500,midmarket,python|excel|sql
J72799,2024-02-26,Data Analyst,mid,São Paulo,BR,hybrid,30000,40000,midmarket,looker|sql|statistics|excel|python
J73100,2024-02-26,Senior Data Engineer,senior,Austin,US,onsite,134000,178500,startup,spark|aws|terraform|airflow
J70347,2024-02-27,Senior Machine Learning Engineer,senior,Amsterdam,NL,hybrid,134500,179500,startup,aws|kubernetes|mlflow
J70351,2024-02-27,Data Engineer,mid,Chicago,US,hybrid,111500,149000,scaleup,aws|kafka|python
J71552,2024-02-27,Staff Data Analyst,staff,Chicago,US,hybrid,117000,156000,midmarket,statistics|looker|sql|tableau|python
J71698,2024-02-27,Data Engineer,mid,London,GB,hybrid,,,midmarket,sql|spark|terraform
J72433,2024-02-27,Senior Data Engineer,senior,Bengaluru,IN,hybrid,,,midmarket,terraform|python|sql
J72522,2024-02-27,Senior Analytics Engineer,senior,New York,US,remote,152000,202500,scaleup,python|sql|snowflake|airflow
J70569,2024-02-28,Senior Data Scientist,senior,Amsterdam,NL,onsite,122500,163500,enterprise,experimentation|pytorch|python|statistics
J72630,2024-02-28,Lead Data Scientist,lead,New York,US,hybrid,215500,287500,startup,python|pandas|sql|statistics|experimentation|pytorch
J72927,2024-02-28,Analytics Engineer,mid,London,GB,hybrid,84500,112500,midmarket,sql|python|git|snowflake|dbt|airflow
J71028,2024-02-29,Analytics Engineer,mid,London,GB,remote,91000,121500,midmarket,git|sql|snowflake|dbt|python
J72465,2024-02-29,Senior Data Analyst,senior,London,GB,hybrid,76500,101500,midmarket,sql|statistics|tableau
J72853,2024-02-29,Junior Data Engineer,junior,New York,US,onsite,92000,122500,scaleup,aws|spark|sql
J73311,2024-02-29,Senior Data Engineer,senior,Toronto,CA,hybrid,104000,139000,scaleup,airflow|sql|python|aws|kafka|spark
J70213,2024-03-01,Data Analyst,mid,San Francisco,US,onsite,85500,114000,scaleup,python|excel|sql
J71826,2024-03-01,Senior BI Developer,senior,Chicago,US,hybrid,,,enterprise,dax|excel|power bi
J71937,2024-03-01,Senior Analytics Engineer,senior,Toronto,CA,hybrid,92000,122500,midmarket,sql|airflow|python
J73098,2024-03-01,Lead BI Developer,lead,Amsterdam,NL,hybrid,109500,146000,startup,dax|power bi|modelling
J70176,2024-03-02,Junior Analytics Engineer,junior,San Francisco,US,remote,87500,116500,startup,dbt|python|sql|git
J70639,2024-03-02,Lead Machine Learning Engineer,lead,Toronto,CA,remote,,,scaleup,mlflow|kubernetes|aws|sql
J70362,2024-03-03,Data Engineer,mid,Toronto,CA,hybrid,83000,110500,scaleup,python|terraform|airflow|spark|kafka|aws
J70455,2024-03-03,Senior Machine Learning Engineer,senior,Berlin,DE,remote,139000,185500,enterprise,python|sql|mlflow|kubernetes|pytorch
J71739,2024-03-03,Lead Data Analyst,lead,New York,US,remote,136500,182000,scaleup,statistics|sql|tableau
J71962,2024-03-03,Staff Data Engineer,staff,Toronto,CA,hybrid,134500,179500,midmarket,aws|kafka|terraform
J72316,2024-03-03,Junior Data Engineer,junior,San Francisco,US,hybrid,105000,140000,scaleup,aws|python|kafka|spark
J72485,2024-03-03,Senior Analytics Engineer,senior,Austin,US,hybrid,117000,156000,startup,python|git|snowflake|airflow|sql
J72798,2024-03-03,Staff Analytics Engineer,staff,New York,US,remote,180500,241000,startup,sql|git|airflow|python
J72829,2024-03-03,Junior Data Scientist,junior,Berlin,DE,remote,61500,82000,enterprise,pytorch|sql|python
J70950,2024-03-04,Lead Data Engineer,lead,New York,US,hybrid,198000,264000,enterprise,kafka|aws|airflow
J72524,2024-03-04,Machine Learning Engineer,mid,Bengaluru,IN,remote,45000,60500,enterprise,python|mlflow|aws|pytorch|kubernetes|sql
J72622,2024-03-04,BI Developer,mid,Chicago,US,hybrid,79000,105000,startup,modelling|sql|dax|power bi
J72871,2024-03-04,Lead Data Analyst,lead,New York,US,onsite,131500,175000,enterprise,sql|looker|python
J73412,2024-03-04,Senior Data Platform Engineer,senior,Berlin,DE,hybrid,,,enterprise,terraform|kubernetes|observability|aws
J70281,2024-03-05,Lead Data Analyst,lead,New York,US,onsite,,,scaleup,looker|excel|tableau
J70747,2024-03-05,Senior Data Engineer,senior,San Francisco,US,onsite,189000,252000,scaleup,spark|sql|airflow|aws|python
J71572,2024-03-05,Junior Data Platform Engineer,junior,São Paulo,BR,onsite,,,enterprise,observability|python|terraform|aws|kubernetes|spark
J72820,2024-03-06,Data Platform Engineer,mid,São Paulo,BR,remote,,,enterprise,python|terraform|aws|kubernetes|spark|observability
J70122,2024-03-07,Data Engineer,mid,Bengaluru,IN,remote,35000,47000,midmarket,terraform|spark|python
J72810,2024-03-07,Senior Data Scientist,senior,San Francisco,US,onsite,,,midmarket,sql|statistics|experimentation|pandas
J73421,2024-03-07,Data Engineer,mid,Chicago,US,onsite,111000,147500,scaleup,airflow|kafka|python
J70172,2024-03-08,Senior BI Developer,senior,Austin,US,onsite,107000,143000,enterprise,sql|excel|power bi
J71034,2024-03-08,Staff Data Analyst,staff,Amsterdam,NL,hybrid,87500,117000,enterprise,python|statistics|tableau|sql
J70263,2024-03-09,Junior Machine Learning Engineer,junior,Chicago,US,hybrid,90000,120500,scaleup,kubernetes|sql|mlflow
J71375,2024-03-09,Junior Machine Learning Engineer,junior,New York,US,hybrid,124000,165000,startup,sql|mlflow|pytorch
J71692,2024-03-09,Senior Data Engineer,senior,Amsterdam,NL,onsite,107500,143000,enterprise,aws|sql|spark
J71977,2024-03-09,Lead Data Analyst,lead,Toronto,CA,remote,89500,119500,startup,statistics|python|sql
J72288,2024-03-09,Senior Analytics Engineer,senior,Bengaluru,IN,hybrid,39500,52500,enterprise,sql|git|airflow|snowflake
J72569,2024-03-10,Senior Analytics Engineer,senior,London,GB,hybrid,103000,137500,midmarket,snowflake|dbt|airflow|python|sql|git
J72880,2024-03-10,Junior Data Engineer,junior,New York,US,hybrid,89500,119500,startup,kafka|sql|python
J72903,2024-03-10,Data Platform Engineer,mid,São Paulo,BR,hybrid,49000,65000,scaleup,observability|spark|aws|kubernetes|python|terraform
J72995,2024-03-10,Senior Data Analyst,senior,Toronto,CA,remote,,,midmarket,sql|python|excel|looker|statistics
J73052,2024-03-10,Data Analyst,mid,Bengaluru,IN,hybrid,23500,31500,midmarket,python|statistics|sql
J73140,2024-03-10,Junior Research Scientist,junior,New York,US,hybrid,119000,158500,midmarket,pytorch|jax|statistics|python|research
J70967,2024-03-11,Lead Data Scientist,lead,Austin,US,onsite,182500,243000,enterprise,pandas|experimentation|sql
J72295,2024-03-11,BI Developer,mid,Austin,US,hybrid,82000,109500,midmarket,excel|modelling|power bi|dax
J72785,2024-03-11,Senior Data Analyst,senior,San Francisco,US,remote,114500,152500,enterprise,tableau|python|statistics|excel
J70482,2024-03-12,Junior Data Engineer,junior,Toronto,CA,hybrid,65000,86500,midmarket,python|terraform|aws|airflow|sql|spark
J71797,2024-03-12,Junior BI Developer,junior,New York,US,onsite,76500,102000,midmarket,dax|excel|sql|power bi|modelling
J71865,2024-03-12,Data Engineer,mid,São Paulo,BR,remote,47500,63500,startup,python|sql|kafka|airflow|terraform|aws
J72723,2024-03-12,Senior Data Scientist,senior,London,GB,hybrid,111500,148500,midmarket,experimentation|sql|statistics|python|pandas|pytorch
J73301,2024-03-12,Senior BI Developer,senior,London,GB,hybrid,81500,108500,enterprise,dax|modelling|power bi|excel|sql
J73456,2024-03-12,Junior Data Platform Engineer,junior,San Francisco,US,hybrid,120000,159500,enterprise,python|terraform|kubernetes
J70494,2024-03-13,Research Scientist,mid,Berlin,DE,remote,112500,150000,scaleup,pytorch|python|statistics|research
J70501,2024-03-13,Lead Machine Learning Engineer,lead,Bengaluru,IN,hybrid,65500,87500,midmarket,sql|mlflow|kubernetes
J71945,2024-03-13,Lead Analytics Engineer,lead,São Paulo,BR,hybrid,68500,91500,midmarket,python|snowflake|dbt|git|airflow|sql
J72454,2024-03-13,Data Analyst,mid,San Francisco,US,remote,,,enterprise,statistics|python|sql
J70691,2024-03-14,Senior Analytics Engineer,senior,San Francisco,US,remote,168000,224000,midmarket,snowflake|sql|airflow|dbt|python
J71332,2024-03-14,Senior Data Engineer,senior,San Francisco,US,hybrid,190000,253500,scaleup,spark|kafka|terraform
J72956,2024-03-14,Senior Data Engineer,senior,Bengaluru,IN,onsite,,,enterprise,sql|terraform|aws|spark
J73120,2024-03-14,Data Engineer,mid,Bengaluru,IN,hybrid,38500,51500,startup,airflow|sql|kafka|aws|terraform|spark
J72382,2024-03-15,Senior Data Analyst,senior,San Francisco,US,remote,117000,156000,scaleup,excel|statistics|python|looker
J72478,2024-03-15,Senior Data Analyst,senior,Berlin,DE,remote,73000,97500,scaleup,tableau|sql|statistics|excel|python
J72985,2024-03-15,Senior BI Developer,senior,Austin,US,remote,105000,140500,enterprise,dax|modelling|power bi|sql|excel
J70711,2024-03-16,Junior Data Engineer,junior,Chicago,US,remote,75500,101000,scaleup,spark|python|terraform|aws
J71204,2024-03-16,Staff Data Engineer,staff,Bengaluru,IN,onsite,,,scaleup,terraform|python|sql|kafka|aws
J72068,2024-03-16,Junior Machine Learning Engineer,junior,Berlin,DE,hybrid,,,startup,pytorch|mlflow|sql|aws
J72331,2024-03-16,Junior Data Engineer,junior,San Francisco,US,hybrid,110000,146500,enterprise,airflow|sql|terraform|python|spark|aws
J71452,2024-03-17,Senior BI Developer,senior,São Paulo,BR,remote,38000,50500,midmarket,sql|dax|power bi|modelling
J70150,2024-03-18,Data Analyst,mid,San Francisco,US,onsite,97500,130000,startup,python|statistics|sql|excel
J72065,2024-03-18,Lead Data Scientist,lead,New York,US,onsite,221000,294500,enterprise,experimentation|pytorch|sql|pandas|statistics|python
J72119,2024-03-18,Data Engineer,mid,Bengaluru,IN,remote,38000,50500,startup,python|sql|terraform
J72247,2024-03-18,Junior Analytics Engineer,junior,São Paulo,BR,remote,,,midmarket,snowflake|dbt|git|sql|python|airflow
J70032,2024-03-19,Senior Research Scientist,senior,Chicago,US,hybrid,157500,210000,startup,statistics|python|jax|pytorch
J71659,2024-03-19,Senior Analytics Engineer,senior,San Francisco,US,hybrid,170000,227000,scaleup,snowflake|python|airflow|git|dbt
J72196,2024-03-19,Senior BI Developer,senior,Austin,US,hybrid,107500,143500,midmarket,sql|excel|dax
J72592,2024-03-19,Data Scientist,mid,Bengaluru,IN,remote,38500,51500,startup,pandas|pytorch|experimentation
J70070,2024-03-20,Senior Data Analyst,senior,San Francisco,US,hybrid,113500,151500,enterprise,looker|statistics|python|sql|tableau|excel
J71101,2024-03-20,Junior Data Analyst,junior,Austin,US,remote,55000,73500,scaleup,sql|excel|tableau|python
J71123,2024-03-20,Lead Data Engineer,lead,Toronto,CA,onsite,146500,195500,startup,python|terraform|sql
J70231,2024-03-21,Staff BI Developer,staff,London,GB,onsite,105000,140000,scaleup,sql|modelling|dax|excel
J70378,2024-03-22,Senior BI Developer,senior,New York,US,onsite,115500,154000,enterprise,sql|excel|power bi
J70805,2024-03-22,Staff Data Analyst,staff,Berlin,DE,hybrid,,,midmarket,tableau|python|excel|statistics
J72408,2024-03-22,Junior Data Platform Engineer,junior,Bengaluru,IN,remote,,,midmarket,aws|spark|kubernetes
J73184,2024-03-22,Junior Research Scientist,junior,London,GB,remote,,,scaleup,research|jax|pytorch|statistics
J71218,2024-03-23,Data Engineer,mid,London,GB,hybrid,95000,127000,enterprise,spark|terraform|sql|airflow|aws|python
J72083,2024-03-23,Lead Data Analyst,lead,Bengaluru,IN,onsite,37500,50000,enterprise,tableau|excel|looker
J72091,2024-03-23,Junior Data Engineer,junior,San Francisco,US,remote,115500,154000,midmarket,python|spark|terraform
J73000,2024-03-23,Senior Data Scientist,senior,Austin,US,remote,139000,185500,midmarket,pandas|experimentation|pytorch|sql
J73316,2024-03-23,Senior BI Developer,senior,London,GB,hybrid,81000,108000,scaleup,dax|excel|power bi
J71844,2024-03-24,Senior BI Developer,senior,São Paulo,BR,remote,38500,51500,enterprise,dax|excel|sql|power bi|modelling
J72892,2024-03-24,Data Scientist,mid,London,GB,onsite,101500,135000,startup,statistics|experimentation|sql|pandas|python|pytorch
J70880,2024-03-26,Senior Data Engineer,senior,New York,US,remote,183500,245000,startup,terraform|airflow|python|kafka|aws|sql
J71045,2024-03-26,Data Engineer,mid,London,GB,remote,,,midmarket,airflow|sql|kafka
J73364,2024-03-26,Lead Data Analyst,lead,Amsterdam,NL,hybrid,96500,128500,scaleup,sql|statistics|looker|tableau|excel|python
J70607,2024-03-27,Data Engineer,mid,Toronto,CA,remote,,,midmarket,spark|airflow|kafka|python|aws
J71152,2024-03-27,Senior Data Scientist,senior,San Francisco,US,remote,,,startup,pandas|sql|statistics
J71178,2024-03-27,Data Engineer,mid,São Paulo,BR,remote,41500,55500,startup,terraform|aws|sql|python
J71304,2024-03-27,Senior Data Scientist,senior,Toronto,CA,onsite,120000,160000,scaleup,pytorch|sql|statistics|pandas|python|experimentation
J73094,2024-03-27,Staff Data Analyst,staff,Austin,US,hybrid,106000,141000,startup,python|tableau|statistics|excel
J73151,2024-03-27,Senior Data Analyst,senior,Chicago,US,hybrid,86000,115000,startup,statistics|looker|excel|sql
J70628,2024-03-28,Staff Data Engineer,staff,San Francisco,US,hybrid,,,scaleup,sql|kafka|airflow|aws|spark
J71570,2024-03-29,Data Analyst,mid,Austin,US,hybrid,72000,96000,enterprise,tableau|statistics|excel|sql|python|looker
J72129,2024-03-29,Junior Analytics Engineer,junior,Berlin,DE,hybrid,,,midmarket,git|dbt|sql|airflow|python|snowflake
J73018,2024-03-29,Data Analyst,mid,New York,US,hybrid,85000,113000,scaleup,looker|statistics|tableau|sql|python|excel
J71543,2024-03-30,Senior Data Analyst,senior,Toronto,CA,hybrid,,,startup,python|looker|statistics|tableau|sql
J72784,2024-03-30,Senior Analytics Engineer,senior,New York,US,hybrid,138500,184500,scaleup,sql|snowflake|airflow|python
J73303,2024-03-30,Data Analyst,mid,Toronto,CA,onsite,60000,80500,enterprise,statistics|excel|looker|tableau
J70431,2024-03-31,Junior Machine Learning Engineer,junior,San Francisco,US,onsite,127000,169500,midmarket,kubernetes|pytorch|python|mlflow
J73177,2024-03-31,Data Engineer,mid,São Paulo,BR,remote,43500,58000,enterprise,python|sql|terraform|airflow
J70510,2024-04-01,Senior Data Engineer,senior,New York,US,hybrid,174500,233000,scaleup,airflow|kafka|spark|terraform|aws|python
J70653,2024-04-01,Senior Data Engineer,senior,São Paulo,BR,hybrid,,,enterprise,spark|terraform|kafka|aws
J70960,2024-04-01,Senior Data Analyst,senior,San Francisco,US,remote,116500,155000,midmarket,tableau|python|statistics
J71657,2024-04-01,Staff Data Platform Engineer,staff,San Francisco,US,remote,227500,303500,midmarket,python|kubernetes|terraform|observability|aws
J72025,2024-04-01,Senior Data Scientist,senior,Chicago,US,hybrid,150000,200000,scaleup,python|statistics|pandas|sql|experimentation|pytorch
J72720,2024-04-01,Research Scientist,mid,Chicago,US,hybrid,129500,172500,enterprise,pytorch|jax|python
J70523,2024-04-02,Junior Data Analyst,junior,London,GB,remote,45000,60000,midmarket,tableau|excel|looker|python|sql|statistics
J70432,2024-04-03,Lead Data Scientist,lead,London,GB,remote,,,enterprise,sql|pytorch|experimentation
J71316,2024-04-03,Data Analyst,mid,San Francisco,US,hybrid,93500,124500,enterprise,sql|tableau|statistics|python|looker|excel
J72529,2024-04-03,Junior Data Scientist,junior,Berlin,DE,hybrid,68000,91000,midmarket,python|experimentation|pytorch|sql|statistics
J72662,2024-04-03,Data Scientist,mid,Berlin,DE,hybrid,90500,120500,midmarket,experimentation|statistics|pytorch|python|sql|pandas
J70792,2024-04-04,Data Engineer,mid,San Francisco,US,remote,148000,197500,enterprise,kafka|python|spark|terraform
J71707,2024-04-04,Data Engineer,mid,London,GB,hybrid,90500,120500,scaleup,terraform|python|airflow|spark
J70320,2024-04-05,Senior Data Platform Engineer,senior,Austin,US,hybrid,152000,202500,enterprise,kubernetes|observability|spark|aws|terraform|python
J72390,2024-04-05,Staff Machine Learning Engineer,staff,Toronto,CA,onsite,,,midmarket,python|sql|mlflow|kubernetes|aws
J72955,2024-04-05,Junior Data Analyst,junior,Amsterdam,NL,onsite,,,scaleup,looker|excel|tableau|python|sql|statistics
J73235,2024-04-05,Data Analyst,mid,Austin,US,hybrid,,,startup,looker|statistics|tableau|python
J72463,2024-04-06,Data Scientist,mid,London,GB,onsite,100000,133000,midmarket,sql|statistics|experimentation
J72997,2024-04-06,Junior Data Scientist,junior,New York,US,hybrid,97500,130500,enterprise,sql|pytorch|experimentation|python
J73459,2024-04-06,Data Analyst,mid,London,GB,onsite,,,startup,tableau|sql|looker|python|statistics|excel
J71481,2024-04-07,Junior Data Analyst,junior,Amsterdam,NL,remote,,,enterprise,looker|tableau|excel|statistics
J72086,2024-04-07,Senior Research Scientist,senior,London,GB,hybrid,145500,194000,scaleup,statistics|jax|pytorch
J73447,2024-04-07,Staff Data Analyst,staff,San Francisco,US,hybrid,153500,204500,startup,sql|excel|python
J71104,2024-04-08,Junior Data Analyst,junior,Berlin,DE,hybrid,40500,54000,scaleup,sql|excel|statistics
J72902,2024-04-08,Data Scientist,mid,São Paulo,BR,remote,48500,64500,scaleup,pandas|experimentation|statistics|python
J73063,2024-04-09,BI Developer,mid,Chicago,US,remote,80000,106500,midmarket,dax|modelling|excel|power bi
J70006,2024-04-10,Senior Research Scientist,senior,San Francisco,US,hybrid,213500,284500,midmarket,statistics|jax|research|python|pytorch
J70237,2024-04-10,Junior Data Scientist,junior,New York,US,hybrid,99000,132500,midmarket,statistics|sql|python
J71758,2024-04-10,Machine Learning Engineer,mid,Bengaluru,IN,hybrid,40500,54000,scaleup,pytorch|python|sql|mlflow
J72132,2024-04-10,Data Analyst,mid,London,GB,onsite,60000,79500,midmarket,looker|python|sql|tableau|statistics|excel
J70380,2024-04-11,Senior Data Analyst,senior,New York,US,remote,108000,144000,enterprise,excel|statistics|looker|tableau|python
J70701,2024-04-11,Senior Data Scientist,senior,Bengaluru,IN,remote,47500,63500,midmarket,pytorch|statistics|experimentation|python|pandas
J71129,2024-04-11,Staff Data Analyst,staff,São Paulo,BR,remote,47500,63000,midmarket,looker|python|sql
J71503,2024-04-11,Data Scientist,mid,Bengaluru,IN,hybrid,37500,50000,startup,python|statistics|pytorch
J71805,2024-04-11,Senior Data Analyst,senior,Toronto,CA,remote,80500,107000,startup,statistics|python|excel|tableau|sql
J72318,2024-04-11,Analytics Engineer,mid,Chicago,US,onsite,95500,127000,midmarket,sql|snowflake|python|airflow
J70147,2024-04-12,Data Scientist,mid,London,GB,hybrid,,,midmarket,sql|pandas|python
J70588,2024-04-12,Machine Learning Engineer,mid,London,GB,hybrid,111500,148500,midmarket,python|mlflow|kubernetes|aws|pytorch|sql
J70736,2024-04-12,BI Developer,mid,London,GB,remote,,,startup,modelling|sql|excel|dax|power bi
J71477,2024-04-12,Junior Data Scientist,junior,London,GB,hybrid,,,startup,experimentation|statistics|pandas|pytorch
J72721,2024-04-12,Junior Analytics Engineer,junior,Berlin,DE,hybrid,55000,73000,scaleup,git|python|sql|airflow|dbt|snowflake
J73473,2024-04-12,Senior Data Analyst,senior,Austin,US,hybrid,91500,122000,midmarket,statistics|excel|python
J70651,2024-04-13,Senior Data Scientist,senior,San Francisco,US,hybrid,199500,266000,startup,pandas|pytorch|statistics
J70525,2024-04-14,Data Scientist,mid,Austin,US,hybrid,105500,140500,enterprise,pytorch|python|experimentation|pandas|statistics|sql
J70824,2024-04-14,Senior Analytics Engineer,senior,London,GB,hybrid,,,enterprise,airflow|python|dbt|git|snowflake
J71701,2024-04-14,Junior Data Scientist,junior,New York,US,hybrid,107500,143500,scaleup,experimentation|pytorch|sql|statistics|pandas
J70521,2024-04-16,Junior Data Scientist,junior,Bengaluru,IN,hybrid,,,midmarket,pytorch|sql|experimentation|python|statistics
J70903,2024-04-16,Lead Data Engineer,lead,New York,US,hybrid,231000,308000,startup,sql|aws|terraform
J73217,2024-04-16,Data Scientist,mid,New York,US,remote,139500,186000,midmarket,experimentation|python|sql|pandas|statistics|pytorch
J73344,2024-04-16,Lead Analytics Engineer,lead,Austin,US,onsite,154000,205000,startup,dbt|git|python|snowflake|airflow|sql
J70748,2024-04-17,Lead Data Scientist,lead,New York,US,hybrid,236000,314500,startup,pandas|sql|statistics|experimentation|python
J71520,2024-04-17,Junior Data Platform Engineer,junior,Toronto,CA,onsite,70000,93000,startup,terraform|python|aws
J72012,2024-04-17,Senior Data Analyst,senior,Austin,US,hybrid,93500,125000,midmarket,sql|looker|python|tableau|excel
J70078,2024-04-18,Senior Data Analyst,senior,Bengaluru,IN,hybrid,28500,38000,scaleup,statistics|sql|python|excel|tableau
J70671,2024-04-18,Senior Data Scientist,senior,New York,US,remote,175000,233500,midmarket,statistics|python|sql|pytorch|pandas
J70847,2024-04-18,Junior Analytics Engineer,junior,New York,US,hybrid,81500,108500,startup,git|sql|snowflake|python
J71702,2024-04-18,Junior Data Analyst,junior,Toronto,CA,hybrid,,,startup,tableau|sql|statistics
J72400,2024-04-18,Data Scientist,mid,Austin,US,remote,112500,149500,scaleup,python|statistics|pytorch|experimentation|sql
J73476,2024-04-18,Junior Analytics Engineer,junior,Austin,US,remote,73000,97000,scaleup,sql|snowflake|git|airflow|python|dbt
J70024,2024-04-19,Junior Data Analyst,junior,San Francisco,US,onsite,74500,99500,scaleup,tableau|looker|statistics|sql|python|excel
J72639,2024-04-19,Machine Learning Engineer,mid,Bengaluru,IN,hybrid,43500,58000,midmarket,pytorch|aws|kubernetes
J70008,2024-04-20,BI Developer,mid,London,GB,remote,,,startup,power bi|modelling|dax
J70108,2024-04-20,Machine Learning Engineer,mid,Bengaluru,IN,onsite,42000,56000,startup,python|mlflow|sql
J71301,2024-04-20,Data Engineer,mid,San Francisco,US,onsite,149000,199000,enterprise,sql|airflow|kafka
J71436,2024-04-20,Senior Data Analyst,senior,London,GB,hybrid,78000,104000,enterprise,sql|looker|statistics|python|excel|tableau
J71599,2024-04-20,BI Developer,mid,Amsterdam,NL,onsite,68000,90500,enterprise,modelling|dax|excel|sql|power bi
J73032,2024-04-20,Senior Data Scientist,senior,New York,US,hybrid,178000,237500,midmarket,pytorch|python|sql|experimentation|statistics|pandas
J73368,2024-04-20,Senior Data Scientist,senior,Toronto,CA,hybrid,,,enterprise,statistics|pytorch|python
J73203,2024-04-21,Lead Research Scientist,lead,Chicago,US,hybrid,228500,304500,scaleup,python|pytorch|research|jax
J72121,2024-04-22,Staff Data Engineer,staff,Bengaluru,IN,hybrid,51500,69000,scaleup,spark|python|kafka
J72190,2024-04-22,Analytics Engineer,mid,New York,US,hybrid,111500,148500,scaleup,sql|dbt|git|airflow|snowflake|python
J72226,2024-04-23,Data Analyst,mid,San Francisco,US,onsite,96500,128500,scaleup,python|looker|statistics|sql|excel
J72594,2024-04-23,Staff Machine Learning Engineer,staff,New York,US,hybrid,257000,343000,midmarket,kubernetes|aws|sql|pytorch|python
J72727,2024-04-23,Senior Data Platform Engineer,senior,San Francisco,US,onsite,208500,278000,scaleup,spark|terraform|kubernetes|observability
J71323,2024-04-24,Staff Data Scientist,staff,Bengaluru,IN,hybrid,,,scaleup,sql|statistics|python|experimentation|pandas|pytorch
J72039,2024-04-24,Senior Data Analyst,senior,Bengaluru,IN,hybrid,30500,41000,midmarket,excel|looker|statistics|tableau
J72118,2024-04-24,Junior Analytics Engineer,junior,Bengaluru,IN,hybrid,,,midmarket,python|snowflake|airflow|git|dbt
J72814,2024-04-24,Data Engineer,mid,São Paulo,BR,hybrid,,,enterprise,spark|python|sql|airflow|terraform|aws
J72864,2024-04-24,Data Analyst,mid,San Francisco,US,hybrid,90500,121000,enterprise,statistics|tableau|looker|excel|python|sql
J70128,2024-04-25,Junior Data Scientist,junior,Austin,US,onsite,85000,113500,enterprise,sql|experimentation|pytorch|pandas|statistics
J70270,2024-04-25,Staff Data Platform Engineer,staff,Berlin,DE,onsite,,,scaleup,aws|kubernetes|terraform|observability|python|spark
J70444,2024-04-25,Senior Data Analyst,senior,Amsterdam,NL,hybrid,77000,102500,midmarket,python|excel|sql|looker
J70814,2024-04-25,Senior Data Scientist,senior,Amsterdam,NL,remote,117500,157000,midmarket,sql|python|pytorch|experimentation
J71289,2024-04-25,Junior Data Analyst,junior,London,GB,hybrid,,,enterprise,tableau|excel|python|statistics
J70590,2024-04-26,Senior Data Analyst,senior,San Francisco,US,onsite,126000,167500,startup,statistics|sql|python|tableau|excel|looker
J70785,2024-04-26,Staff Data Engineer,staff,São Paulo,BR,remote,,,midmarket,kafka|sql|airflow|python
J71521,2024-04-26,Data Engineer,mid,Amsterdam,NL,remote,,,enterprise,airflow|kafka|python
J71815,2024-04-26,Senior Data Scientist,senior,Chicago,US,onsite,146500,195000,midmarket,experimentation|pytorch|pandas
J71997,2024-04-26,Staff Data Analyst,staff,São Paulo,BR,hybrid,44500,59000,midmarket,python|excel|statistics|sql|tableau|looker
J72107,2024-04-26,Staff Analytics Engineer,staff,San Francisco,US,hybrid,188500,251500,startup,sql|dbt|python
J72986,2024-04-26,Data Analyst,mid,São Paulo,BR,hybrid,27000,36000,scaleup,looker|python|sql
J73007,2024-04-26,Data Engineer,mid,New York,US,onsite,126000,168000,scaleup,python|airflow|sql
J73256,2024-04-26,BI Developer,mid,New York,US,remote,95500,127500,scaleup,sql|excel|modelling|dax|power bi
J71437,2024-04-27,Senior Data Analyst,senior,Toronto,CA,remote,77000,102500,startup,statistics|python|looker
J71952,2024-04-27,Data Engineer,mid,Berlin,DE,hybrid,79000,105500,enterprise,python|kafka|airflow|sql|aws
J72937,2024-04-27,Senior Data Analyst,senior,London,GB,hybrid,74500,99500,enterprise,statistics|tableau|looker|python|sql|excel
J70396,2024-04-28,Junior Data Scientist,junior,New York,US,hybrid,,,enterprise,python|pytorch|statistics
J73107,2024-04-28,Junior Data Scientist,junior,Berlin,DE,remote,,,scaleup,statistics|pytorch|python|experimentation|sql|pandas
J73395,2024-04-28,Lead Data Analyst,lead,London,GB,onsite,,,enterprise,excel|tableau|sql|looker
J71398,2024-04-29,Staff Data Platform Engineer,staff,Berlin,DE,onsite,134000,178500,midmarket,terraform|spark|observability|kubernetes
J73393,2024-04-29,Junior Data Engineer,junior,San Francisco,US,remote,100500,134000,enterprise,kafka|spark|terraform|aws|python
J71557,2024-04-30,Senior Data Engineer,senior,San Francisco,US,onsite,177500,237000,startup,sql|python|kafka|aws|spark
J71678,2024-04-30,Data Engineer,mid,London,GB,hybrid,95500,127000,scaleup,kafka|airflow|python|sql|terraform|spark
J71852,2024-04-30,Senior Data Engineer,senior,San Francisco,US,hybrid,186000,248000,midmarket,spark|python|airflow|sql|aws
J72464,2024-04-30,Senior Data Engineer,senior,Bengaluru,IN,hybrid,48500,65000,enterprise,airflow|aws|sql|spark|python
J73154,2024-04-30,Data Analyst,mid,New York,US,remote,83000,111000,startup,excel|sql|python|tableau
J70441,2024-05-01,Junior Data Platform Engineer,junior,São Paulo,BR,remote,39000,51500,startup,aws|spark|python|terraform|observability
J71084,2024-05-01,Data Analyst,mid,New York,US,onsite,85500,113500,midmarket,looker|python|statistics|tableau
J72053,2024-05-01,Data Scientist,mid,Austin,US,hybrid,108500,145000,enterprise,experimentation|sql|python|pandas|pytorch
J70093,2024-05-02,Junior Data Engineer,junior,Austin,US,hybrid,77500,103500,midmarket,sql|aws|spark|kafka|terraform|python
J70359,2024-05-02,Senior Data Analyst,senior,London,GB,remote,82500,110000,midmarket,sql|python|statistics|tableau|excel|looker
J71611,2024-05-02,Senior Analytics Engineer,senior,Austin,US,hybrid,118500,158000,midmarket,python|snowflake|sql|dbt|airflow|git
J71646,2024-05-02,Senior Data Scientist,senior,Berlin,DE,hybrid,117500,157000,midmarket,pytorch|sql|experimentation|statistics|pandas|python
J72246,2024-05-02,Lead Data Analyst,lead,Austin,US,onsite,110000,146500,enterprise,tableau|looker|python|statistics|sql|excel
J70603,2024-05-03,Senior Data Engineer,senior,Bengaluru,IN,onsite,48500,64500,enterprise,spark|sql|airflow|aws
J71511,2024-05-03,Senior Data Scientist,senior,San Francisco,US,onsite,189500,252500,scaleup,experimentation|pytorch|pandas
J72779,2024-05-03,Senior Analytics Engineer,senior,Chicago,US,remote,130000,173500,enterprise,dbt|snowflake|airflow|git|python
J72920,2024-05-03,Data Engineer,mid,London,GB,hybrid,86000,115000,enterprise,sql|python|airflow|kafka|aws|spark
J73494,2024-05-03,Staff BI Developer,staff,Chicago,US,hybrid,115500,154000,scaleup,excel|sql|dax|modelling
J70720,2024-05-04,Machine Learning Engineer,mid,Amsterdam,NL,onsite,113000,150500,midmarket,mlflow|python|aws|kubernetes|sql|pytorch
J71711,2024-05-04,Senior Data Engineer,senior,Toronto,CA,hybrid,109500,146000,midmarket,kafka|spark|sql|terraform
J72487,2024-05-04,Senior Data Analyst,senior,London,GB,hybrid,,,enterprise,statistics|sql|tableau|looker
J71438,2024-05-05,Data Analyst,mid,Toronto,CA,hybrid,,,startup,tableau|looker|excel|python|statistics|sql
J70219,2024-05-06,Senior Machine Learning Engineer,senior,San Francisco,US,onsite,226000,301000,midmarket,mlflow|sql|pytorch|aws|python|kubernetes
J70331,2024-05-06,Data Analyst,mid,New York,US,remote,89000,118500,enterprise,python|excel|sql
J72340,2024-05-06,Analytics Engineer,mid,Amsterdam,NL,hybrid,,,startup,sql|git|python|airflow|dbt
J72947,2024-05-06,Senior Data Platform Engineer,senior,Bengaluru,IN,hybrid,51500,68500,enterprise,python|observability|aws|kubernetes
J70171,2024-05-07,Senior Data Analyst,senior,San Francisco,US,remote,131500,175500,scaleup,tableau|statistics|sql|excel|python|looker
J72017,2024-05-07,Senior Data Engineer,senior,Austin,US,remote,145500,194500,midmarket,python|sql|terraform|airflow
J73190,2024-05-07,Junior Data Engineer,junior,São Paulo,BR,remote,,,startup,spark|airflow|python|kafka|aws|terraform
J73465,2024-05-07,Analytics Engineer,mid,Toronto,CA,hybrid,82000,109000,enterprise,snowflake|sql|dbt
J70566,2024-05-08,Data Engineer,mid,Chicago,US,remote,112000,149500,enterprise,kafka|spark|airflow|python|aws|terraform
J70844,2024-05-08,Data Analyst,mid,São Paulo,BR,remote,30500,41000,scaleup,looker|excel|tableau|sql|statistics|python
J70921,2024-05-08,Data Engineer,mid,New York,US,hybrid,123500,165000,enterprise,kafka|sql|airflow|spark
J70180,2024-05-09,Senior Data Analyst,senior,San Francisco,US,hybrid,118000,157500,enterprise,tableau|excel|looker|sql
J70538,2024-05-09,Junior Data Analyst,junior,Berlin,DE,remote,,,midmarket,statistics|sql|looker|python|tableau
J70763,2024-05-09,Data Analyst,mid,London,GB,remote,62500,83000,enterprise,statistics|excel|looker|python|sql
J72218,2024-05-09,Senior Data Scientist,senior,Chicago,US,onsite,128500,171000,enterprise,python|experimentation|pytorch
J70163,2024-05-10,Junior Analytics Engineer,junior,New York,US,onsite,80500,107000,enterprise,sql|airflow|snowflake|python|dbt
J70991,2024-05-10,Junior Data Analyst,junior,Amsterdam,NL,hybrid,46500,62000,enterprise,excel|python|statistics
J72255,2024-05-10,Senior Data Analyst,senior,Bengaluru,IN,hybrid,28500,38000,startup,looker|python|tableau|excel
J70951,2024-05-11,Senior Data Engineer,senior,Bengaluru,IN,hybrid,,,enterprise,airflow|terraform|kafka
J72983,2024-05-11,Junior Data Analyst,junior,Berlin,DE,remote,,,scaleup,sql|excel|looker|python
J73042,2024-05-11,Junior BI Developer,junior,New York,US,hybrid,74500,99500,midmarket,sql|power bi|modelling
J70067,2024-05-12,Senior Data Scientist,senior,Bengaluru,IN,onsite,,,scaleup,pytorch|sql|python
J70684,2024-05-12,Research Scientist,mid,Austin,US,hybrid,128000,170500,startup,research|python|statistics|jax|pytorch
J71677,2024-05-13,Senior Analytics Engineer,senior,Chicago,US,onsite,125000,166500,scaleup,snowflake|airflow|python|git|sql|dbt
J70283,2024-05-14,Machine Learning Engineer,mid,Austin,US,onsite,130000,173500,scaleup,mlflow|sql|aws|pytorch|python|kubernetes
J71108,2024-05-14,Senior Machine Learning Engineer,senior,Berlin,DE,onsite,123000,164500,enterprise,pytorch|mlflow|kubernetes|sql|aws
J71992,2024-05-14,Senior Data Engineer,senior,San Francisco,US,onsite,,,enterprise,aws|kafka|python|airflow
J72575,2024-05-14,Junior Data Scientist,junior,Bengaluru,IN,hybrid,28000,37500,startup,experimentation|pytorch|statistics|python
J72739,2024-05-14,Junior Data Platform Engineer,junior,London,GB,hybrid,78000,104000,scaleup,aws|observability|kubernetes|python
J70109,2024-05-15,Data Engineer,mid,London,GB,hybrid,89500,119500,midmarket,aws|sql|airflow
J70169,2024-05-15,Data Platform Engineer,mid,New York,US,hybrid,149000,198500,scaleup,terraform|aws|spark|observability
J71224,2024-05-15,Senior Data Platform Engineer,senior,Berlin,DE,onsite,108000,144000,enterprise,python|observability|kubernetes|aws|terraform
J71467,2024-05-15,Senior Data Engineer,senior,Chicago,US,hybrid,135000,180000,scaleup,airflow|python|kafka|aws|sql
J71722,2024-05-15,Senior Data Scientist,senior,São Paulo,BR,hybrid,57500,76500,enterprise,pytorch|pandas|sql|python|experimentation
J71799,2024-05-15,Data Scientist,mid,San Francisco,US,hybrid,139000,185500,enterprise,experimentation|pandas|statistics|sql|python
J70420,2024-05-16,Junior Machine Learning Engineer,junior,Amsterdam,NL,hybrid,82500,110000,startup,kubernetes|pytorch|python|aws|mlflow
J71469,2024-05-16,Senior Data Analyst,senior,Austin,US,remote,97500,130000,enterprise,sql|python|looker|statistics
J72398,2024-05-16,Data Analyst,mid,London,GB,hybrid,,,enterprise,python|statistics|excel|tableau
J73359,2024-05-16,Research Scientist,mid,London,GB,hybrid,107500,143000,scaleup,statistics|pytorch|research|jax
J73457,2024-05-16,Data Engineer,mid,New York,US,remote,142000,189500,midmarket,sql|airflow|aws|terraform|kafka|spark
J70390,2024-05-17,Staff Data Analyst,staff,New York,US,hybrid,139000,185000,scaleup,python|tableau|excel|looker
J70423,2024-05-17,Junior Data Scientist,junior,Toronto,CA,hybrid,,,midmarket,statistics|experimentation|pytorch|python
J71628,2024-05-17,Analytics Engineer,mid,São Paulo,BR,onsite,,,enterprise,dbt|airflow|sql|git
J72256,2024-05-17,Senior Machine Learning Engineer,senior,Toronto,CA,hybrid,138500,184500,scaleup,sql|python|aws|mlflow|pytorch|kubernetes
J70334,2024-05-18,Junior Data Scientist,junior,Amsterdam,NL,onsite,64000,85500,startup,python|pandas|sql|experimentation|pytorch
J72579,2024-05-18,Junior Data Platform Engineer,junior,Bengaluru,IN,remote,31500,42000,enterprise,aws|spark|observability|kubernetes|python
J71771,2024-05-19,Data Analyst,mid,São Paulo,BR,hybrid,,,midmarket,statistics|excel|looker
J73162,2024-05-19,Analytics Engineer,mid,Bengaluru,IN,hybrid,30500,41000,startup,dbt|sql|python|airflow
J73222,2024-05-19,Staff Data Scientist,staff,São Paulo,BR,remote,,,enterprise,pandas|sql|experimentation|python|pytorch|statistics
J70023,2024-05-20,Staff Analytics Engineer,staff,New York,US,remote,184500,246000,startup,airflow|sql|snowflake|dbt
J70279,2024-05-20,Data Platform Engineer,mid,London,GB,hybrid,93500,124500,scaleup,aws|kubernetes|terraform|observability|python|spark
J70326,2024-05-20,Senior Data Analyst,senior,Toronto,CA,onsite,77000,102500,enterprise,excel|python|looker|sql
J70828,2024-05-20,Senior Data Scientist,senior,San Francisco,US,remote,200000,266500,midmarket,pandas|sql|python|experimentation|pytorch|statistics
J73104,2024-05-20,Senior Data Scientist,senior,Toronto,CA,onsite,121500,162000,scaleup,python|sql|experimentation|pytorch|pandas|statistics
J73437,2024-05-20,Junior Analytics Engineer,junior,San Francisco,US,remote,,,midmarket,sql|snowflake|dbt|python
J70154,2024-05-21,Machine Learning Engineer,mid,Bengaluru,IN,onsite,,,startup,pytorch|mlflow|python|sql
J70989,2024-05-21,Junior Machine Learning Engineer,junior,Toronto,CA,remote,81500,108500,midmarket,kubernetes|python|pytorch|sql|mlflow
J71564,2024-05-21,Junior BI Developer,junior,Chicago,US,remote,59500,79000,startup,excel|dax|sql|power bi|modelling
J73408,2024-05-21,Senior Analytics Engineer,senior,Berlin,DE,hybrid,,,scaleup,airflow|git|dbt|python
J70534,2024-05-22,Data Analyst,mid,Bengaluru,IN,hybrid,24500,32500,scaleup,tableau|excel|looker|statistics|sql|python
J71717,2024-05-22,Data Engineer,mid,San Francisco,US,hybrid,140000,186500,enterprise,terraform|kafka|python|airflow
J72193,2024-05-22,Staff Data Analyst,staff,Berlin,DE,remote,88500,118000,scaleup,looker|tableau|excel|statistics
J72094,2024-05-23,Senior Data Analyst,senior,Austin,US,remote,88500,118000,midmarket,sql|excel|statistics|looker
J73273,2024-05-23,Data Engineer,mid,San Francisco,US,onsite,133500,178000,enterprise,python|kafka|terraform|aws|spark|sql
J71839,2024-05-24,Data Analyst,mid,São Paulo,BR,onsite,26500,35500,enterprise,excel|statistics|tableau|sql|python|looker
J72027,2024-05-24,Data Analyst,mid,London,GB,hybrid,57000,76000,scaleup,excel|looker|sql|statistics
J72109,2024-05-24,Junior Analytics Engineer,junior,Amsterdam,NL,remote,,,enterprise,sql|python|airflow
J73034,2024-05-24,Senior Research Scientist,senior,London,GB,remote,148000,197500,scaleup,jax|python|research
J73271,2024-05-24,Lead Machine Learning Engineer,lead,Austin,US,onsite,217500,290000,enterprise,kubernetes|python|sql
J73324,2024-05-24,Junior Data Scientist,junior,San Francisco,US,hybrid,112500,150000,enterprise,python|experimentation|statistics|pandas
J71581,2024-05-25,Junior Data Scientist,junior,Berlin,DE,onsite,61000,81000,scaleup,statistics|pandas|sql|python|pytorch
J72456,2024-05-25,Lead BI Developer,lead,London,GB,onsite,113500,151500,startup,power bi|sql|modelling|excel|dax
J71890,2024-05-26,Senior Data Analyst,senior,Berlin,DE,remote,73000,97500,enterprise,looker|statistics|sql|excel|python
J71499,2024-05-27,Lead Data Analyst,lead,San Francisco,US,hybrid,157500,210000,startup,statistics|tableau|python|excel|looker
J72423,2024-05-27,Junior Data Analyst,junior,São Paulo,BR,hybrid,23000,31000,midmarket,excel|statistics|sql|tableau|looker|python
J72435,2024-05-27,BI Developer,mid,New York,US,remote,104500,139500,enterprise,power bi|excel|dax
J72763,2024-05-27,Senior Data Analyst,senior,San Francisco,US,onsite,110000,146500,enterprise,excel|python|looker|tableau|statistics
J73417,2024-05-27,Analytics Engineer,mid,Chicago,US,hybrid,97000,129000,scaleup,airflow|sql|git|snowflake|dbt
J70313,2024-05-28,Senior Data Analyst,senior,New York,US,remote,106500,142000,scaleup,excel|sql|looker|tableau
J70555,2024-05-28,Data Scientist,mid,Amsterdam,NL,remote,93000,124000,startup,sql|statistics|python|pandas|pytorch|experimentation
J71093,2024-05-28,Data Scientist,mid,Amsterdam,NL,hybrid,,,enterprise,pytorch|sql|pandas|python|statistics
J71274,2024-05-28,Junior Data Analyst,junior,London,GB,hybrid,47500,63500,enterprise,excel|python|tableau|sql|looker|statistics
J71368,2024-05-28,Senior BI Developer,senior,Chicago,US,hybrid,95000,127000,scaleup,sql|modelling|excel
J71472,2024-05-28,Senior Data Platform Engineer,senior,Berlin,DE,hybrid,124000,165500,startup,aws|python|kubernetes|spark
J72753,2024-05-28,Data Engineer,mid,Austin,US,hybrid,117500,157000,startup,sql|python|terraform|aws|kafka
J70596,2024-05-29,Machine Learning Engineer,mid,London,GB,hybrid,,,enterprise,pytorch|kubernetes|sql|python
J72619,2024-05-29,Senior Data Scientist,senior,London,GB,onsite,114000,152000,enterprise,pandas|pytorch|sql|statistics
J72860,2024-05-29,Senior Machine Learning Engineer,senior,Austin,US,onsite,151500,202000,startup,aws|kubernetes|sql|mlflow|pytorch
J70278,2024-05-30,Data Platform Engineer,mid,Berlin,DE,hybrid,94000,125000,scaleup,aws|kubernetes|python
J70838,2024-05-30,Senior Analytics Engineer,senior,Chicago,US,hybrid,110500,147500,midmarket,snowflake|dbt|airflow|python|sql
J72596,2024-05-30,Staff BI Developer,staff,Chicago,US,hybrid,110000,147000,startup,excel|dax|sql|modelling
J72661,2024-05-30,Senior Data Engineer,senior,São Paulo,BR,remote,55000,73500,midmarket,kafka|spark|sql|terraform|airflow
J71128,2024-05-31,Data Analyst,mid,São Paulo,BR,onsite,29500,39000,scaleup,python|tableau|excel|statistics|looker|sql
J72133,2024-05-31,Junior Data Analyst,junior,New York,US,hybrid,66500,89000,scaleup,tableau|python|excel|sql|looker
J70065,2024-06-01,Senior Analytics Engineer,senior,London,GB,remote,109500,146000,scaleup,git|sql|snowflake|airflow
J70194,2024-06-01,Data Engineer,mid,Amsterdam,NL,remote,92500,123000,midmarket,sql|kafka|python|airflow
J70571,2024-06-01,Data Engineer,mid,Berlin,DE,remote,81500,108500,scaleup,spark|sql|aws|terraform
J71071,2024-06-01,Junior Data Scientist,junior,Chicago,US,onsite,81500,108500,enterprise,statistics|sql|pandas|experimentation|pytorch|python
J72212,2024-06-01,Junior Analytics Engineer,junior,New York,US,onsite,90000,120000,enterprise,git|python|dbt|sql|snowflake|airflow
J72557,2024-06-01,Junior Machine Learning Engineer,junior,London,GB,remote,89000,119000,midmarket,sql|python|kubernetes|aws
J71234,2024-06-02,Senior Research Scientist,senior,San Francisco,US,onsite,227500,303000,midmarket,jax|pytorch|statistics|research
J71861,2024-06-02,Senior Data Platform Engineer,senior,San Francisco,US,remote,213500,284500,startup,terraform|spark|aws
J72897,2024-06-02,Senior Data Analyst,senior,Berlin,DE,onsite,70000,93500,midmarket,excel|sql|tableau|statistics|looker
J73164,2024-06-02,Senior Data Engineer,senior,Amsterdam,NL,hybrid,107000,142500,midmarket,sql|airflow|terraform|spark|python|aws
J70852,2024-06-03,Senior Data Analyst,senior,Chicago,US,hybrid,94500,126000,midmarket,statistics|excel|python|tableau|looker|sql
J72700,2024-06-03,Staff Data Analyst,staff,Bengaluru,IN,hybrid,35500,47500,midmarket,sql|excel|tableau|looker|python
J72854,2024-06-03,Senior Data Platform Engineer,senior,New York,US,hybrid,183500,244500,scaleup,aws|observability|kubernetes
J71746,2024-06-04,Data Engineer,mid,Bengaluru,IN,remote,40000,53000,scaleup,terraform|airflow|kafka|python
J71876,2024-06-04,Senior Data Analyst,senior,Berlin,DE,hybrid,64500,86000,midmarket,statistics|looker|sql|python|excel
J71883,2024-06-04,Data Analyst,mid,Austin,US,remote,78000,104500,enterprise,excel|sql|statistics|tableau|looker
J73487,2024-06-04,Data Analyst,mid,London,GB,hybrid,64000,85500,startup,sql|python|excel|tableau
J71949,2024-06-05,Senior Data Engineer,senior,Toronto,CA,onsite,112000,149000,enterprise,sql|python|aws
J72397,2024-06-05,Analytics Engineer,mid,Austin,US,hybrid,96500,128500,enterprise,airflow|snowflake|git|sql
J72800,2024-06-05,Senior BI Developer,senior,New York,US,hybrid,127000,169500,startup,excel|power bi|modelling|sql|dax
J73012,2024-06-05,Senior Data Engineer,senior,London,GB,hybrid,124000,165500,startup,sql|spark|terraform|aws
J71296,2024-06-06,Staff Data Analyst,staff,San Francisco,US,hybrid,155000,206500,startup,python|looker|tableau|sql|excel|statistics
J71319,2024-06-06,Data Platform Engineer,mid,San Francisco,US,hybrid,162500,217000,midmarket,kubernetes|python|observability|terraform
J71841,2024-06-06,Data Platform Engineer,mid,New York,US,onsite,138500,185000,scaleup,kubernetes|terraform|observability
J73077,2024-06-06,Staff Data Scientist,staff,Austin,US,hybrid,181000,241500,scaleup,pytorch|experimentation|pandas
J71610,2024-06-07,Machine Learning Engineer,mid,London,GB,remote,,,scaleup,pytorch|sql|aws|python
J71666,2024-06-07,Data Engineer,mid,New York,US,hybrid,140500,187000,midmarket,spark|aws|sql|terraform|kafka|airflow
J73330,2024-06-07,Senior Data Engineer,senior,Bengaluru,IN,onsite,44000,58500,scaleup,aws|sql|kafka
J70306,2024-06-08,Data Platform Engineer,mid,New York,US,hybrid,151000,201500,scaleup,terraform|python|aws
J70316,2024-06-08,Data Platform Engineer,mid,San Francisco,US,remote,158000,211000,scaleup,aws|observability|terraform|python|spark|kubernetes
J70730,2024-06-08,Senior BI Developer,senior,San Francisco,US,hybrid,130500,174500,startup,sql|excel|dax
J71048,2024-06-08,Staff Data Engineer,staff,Bengaluru,IN,remote,59500,79000,enterprise,aws|python|terraform|spark|airflow
J72153,2024-06-08,Machine Learning Engineer,mid,New York,US,hybrid,147000,195500,midmarket,aws|kubernetes|pytorch|sql|python|mlflow
J70273,2024-06-09,Senior Data Engineer,senior,Berlin,DE,onsite,113000,150500,enterprise,sql|spark|airflow|aws|terraform
J70376,2024-06-09,Lead Data Scientist,lead,Chicago,US,onsite,189000,252000,scaleup,experimentation|statistics|pandas
J70466,2024-06-09,Junior Machine Learning Engineer,junior,Toronto,CA,remote,83000,110500,scaleup,mlflow|python|kubernetes|pytorch|aws
J73238,2024-06-09,Senior Data Analyst,senior,New York,US,remote,113000,150500,scaleup,python|sql|tableau|statistics
J73479,2024-06-09,Junior Data Scientist,junior,London,GB,hybrid,73000,97500,enterprise,sql|python|experimentation|pytorch|pandas
J70764,2024-06-10,Staff Data Analyst,staff,San Francisco,US,remote,157000,209000,scaleup,statistics|looker|excel
J70938,2024-06-10,Junior Machine Learning Engineer,junior,Chicago,US,hybrid,99000,132000,midmarket,sql|mlflow|aws
J71051,2024-06-10,Data Analyst,mid,Toronto,CA,hybrid,53500,71500,scaleup,sql|statistics|tableau|python
J71951,2024-06-10,BI Developer,mid,Toronto,CA,onsite,,,midmarket,modelling|power bi|dax|sql
J73337,2024-06-10,Senior Data Analyst,senior,San Francisco,US,remote,114000,152000,startup,sql|statistics|looker|tableau
J71461,2024-06-11,Data Analyst,mid,San Francisco,US,remote,93000,124000,startup,statistics|python|tableau|sql|looker
J73169,2024-06-11,Lead BI Developer,lead,Amsterdam,NL,remote,,,enterprise,power bi|sql|excel|modelling|dax
J73209,2024-06-11,Data Analyst,mid,Bengaluru,IN,remote,24500,33000,enterprise,tableau|statistics|sql|looker|python
J70217,2024-06-12,Data Engineer,mid,São Paulo,BR,onsite,,,scaleup,terraform|airflow|kafka|python|sql
J70645,2024-06-12,Analytics Engineer,mid,São Paulo,BR,hybrid,40500,54000,startup,git|sql|dbt|airflow|snowflake
J71177,2024-06-12,Senior Data Analyst,senior,Bengaluru,IN,remote,,,scaleup,sql|looker|python|excel|tableau|statistics
J71300,2024-06-12,Senior Data Scientist,senior,San Francisco,US,remote,,,scaleup,experimentation|pandas|pytorch|statistics
J72022,2024-06-12,Senior Analytics Engineer,senior,Austin,US,onsite,127000,169500,enterprise,snowflake|sql|python|dbt|git
J73314,2024-06-12,Senior Data Engineer,senior,London,GB,remote,121000,161500,startup,terraform|spark|python|aws|sql|airflow
J70751,2024-06-13,Data Scientist,mid,Chicago,US,onsite,,,enterprise,pandas|experimentation|sql|statistics|python|pytorch
J72117,2024-06-13,Senior Data Scientist,senior,Austin,US,hybrid,142000,189500,midmarket,python|statistics|experimentation
J73310,2024-06-13,Data Engineer,mid,London,GB,onsite,,,enterprise,kafka|airflow|python|terraform
J70036,2024-06-14,Staff BI Developer,staff,São Paulo,BR,onsite,52000,69000,enterprise,sql|excel|modelling|power bi
J70479,2024-06-14,Data Analyst,mid,Austin,US,remote,78000,104000,enterprise,statistics|looker|excel|sql|tableau
J71147,2024-06-14,Junior Data Analyst,junior,San Francisco,US,remote,74500,99500,enterprise,sql|python|tableau|statistics|looker
J72375,2024-06-14,Analytics Engineer,mid,Amsterdam,NL,hybrid,75000,100000,enterprise,git|dbt|sql|python
J73047,2024-06-14,Senior Data Scientist,senior,São Paulo,BR,hybrid,,,midmarket,pandas|statistics|pytorch
J70429,2024-06-15,Senior Data Analyst,senior,New York,US,hybrid,104500,139000,scaleup,sql|looker|tableau|excel
J72856,2024-06-15,Junior Data Analyst,junior,San Francisco,US,hybrid,65000,87000,scaleup,sql|excel|python
J73003,2024-06-15,Junior Data Analyst,junior,Chicago,US,remote,,,enterprise,statistics|tableau|looker|python|sql
J72396,2024-06-16,Research Scientist,mid,London,GB,remote,116500,155500,scaleup,jax|statistics|python
J72793,2024-06-16,Senior Data Analyst,senior,Toronto,CA,onsite,78500,104500,midmarket,sql|python|excel|statistics
J70480,2024-06-17,Data Analyst,mid,San Francisco,US,onsite,98500,131500,startup,excel|statistics|tableau|python
J70683,2024-06-17,Data Platform Engineer,mid,London,GB,onsite,93000,124000,midmarket,python|spark|observability|aws
J71351,2024-06-17,Staff Analytics Engineer,staff,London,GB,hybrid,129500,172500,midmarket,git|python|sql
J71673,2024-06-17,BI Developer,mid,São Paulo,BR,hybrid,31500,42000,midmarket,modelling|sql|excel|power bi|dax
J71695,2024-06-17,Data Engineer,mid,London,GB,hybrid,,,scaleup,sql|terraform|spark
J72528,2024-06-17,Junior Data Analyst,junior,Bengaluru,IN,onsite,17500,23500,enterprise,statistics|python|looker|excel|sql
J72583,2024-06-17,Data Analyst,mid,London,GB,hybrid,61500,82000,scaleup,looker|sql|python|tableau|excel
J72893,2024-06-17,Senior Data Engineer,senior,São Paulo,BR,hybrid,59000,79000,scaleup,terraform|airflow|kafka
J73148,2024-06-17,Data Engineer,mid,Chicago,US,remote,110000,146500,scaleup,sql|terraform|airflow
J72634,2024-06-18,Junior Data Engineer,junior,Toronto,CA,remote,,,scaleup,terraform|aws|kafka|python
J70011,2024-06-19,Lead Data Engineer,lead,Toronto,CA,remote,138000,184000,scaleup,kafka|airflow|python|terraform|spark
J72839,2024-06-20,Junior Analytics Engineer,junior,Toronto,CA,hybrid,56000,74500,enterprise,sql|snowflake|git|airflow
J70254,2024-06-21,BI Developer,mid,Bengaluru,IN,hybrid,27000,36000,enterprise,dax|sql|power bi|modelling
J71283,2024-06-21,Machine Learning Engineer,mid,San Francisco,US,hybrid,154000,205500,scaleup,kubernetes|aws|pytorch|python|sql
J72010,2024-06-21,Senior Data Scientist,senior,London,GB,onsite,129500,173000,startup,pytorch|experimentation|python|pandas|sql
J72585,2024-06-21,Senior Data Engineer,senior,Austin,US,hybrid,149000,198500,scaleup,airflow|kafka|terraform|sql|python|spark
J70039,2024-06-22,Research Scientist,mid,New York,US,hybrid,158000,210500,enterprise,pytorch|research|jax|statistics|python
J71842,2024-06-22,Data Analyst,mid,San Francisco,US,onsite,90000,120000,scaleup,excel|sql|python|tableau|statistics
J72905,2024-06-22,Staff Machine Learning Engineer,staff,Austin,US,hybrid,193000,257000,midmarket,kubernetes|pytorch|sql|python|mlflow|aws
J73264,2024-06-22,Data Analyst,mid,Amsterdam,NL,onsite,61500,82000,midmarket,excel|statistics|sql
J73411,2024-06-22,Data Analyst,mid,New York,US,remote,83500,111500,midmarket,python|sql|excel|statistics|tableau|looker
J71097,2024-06-23,Senior Data Scientist,senior,San Francisco,US,remote,200000,267000,startup,pandas|pytorch|sql|python|experimentation|statistics
J70377,2024-06-24,Senior Data Engineer,senior,London,GB,hybrid,124500,166000,scaleup,kafka|sql|python|airflow|aws|spark
J70454,2024-06-24,Junior Data Analyst,junior,San Francisco,US,onsite,66000,88000,enterprise,excel|statistics|tableau|python|sql
J70570,2024-06-24,Junior Data Engineer,junior,Berlin,DE,onsite,,,startup,sql|airflow|kafka|spark|aws|python
J71514,2024-06-24,Data Analyst,mid,Austin,US,remote,74500,99000,midmarket,sql|looker|statistics
J73284,2024-06-24,Senior Analytics Engineer,senior,São Paulo,BR,hybrid,48000,63500,scaleup,airflow|snowflake|dbt
J71479,2024-06-25,Data Scientist,mid,San Francisco,US,hybrid,137000,182500,scaleup,pandas|statistics|experimentation|python
J72302,2024-06-25,Senior Machine Learning Engineer,senior,São Paulo,BR,onsite,70500,94000,scaleup,mlflow|kubernetes|aws|python|sql
J70130,2024-06-26,Staff BI Developer,staff,Chicago,US,remote,119500,159500,scaleup,sql|dax|modelling
J71713,2024-06-26,Senior Data Analyst,senior,London,GB,hybrid,82000,109000,enterprise,looker|statistics|excel
J72085,2024-06-26,Machine Learning Engineer,mid,London,GB,hybrid,111000,147500,enterprise,pytorch|sql|kubernetes
J70765,2024-06-27,Junior BI Developer,junior,São Paulo,BR,onsite,25500,34000,startup,power bi|excel|modelling
J72146,2024-06-27,Staff Data Analyst,staff,San Francisco,US,remote,152000,203000,enterprise,python|excel|sql|statistics|tableau|looker
J70261,2024-06-28,Data Engineer,mid,Bengaluru,IN,onsite,38000,50500,enterprise,kafka|terraform|spark|python|sql
J70299,2024-06-28,Analytics Engineer,mid,São Paulo,BR,remote,,,startup,git|sql|snowflake|airflow|python
J70096,2024-06-29,Junior Analytics Engineer,junior,San Francisco,US,onsite,99500,132500,midmarket,python|git|sql|snowflake
J72657,2024-06-29,Data Scientist,mid,Berlin,DE,onsite,,,midmarket,statistics|sql|experimentation
J70592,2024-06-30,Staff Data Scientist,staff,San Francisco,US,remote,229000,305500,enterprise,pandas|python|sql|pytorch|statistics
J70899,2024-06-30,Staff Data Engineer,staff,San Francisco,US,remote,217000,289500,scaleup,terraform|airflow|spark
J71580,2024-06-30,Data Engineer,mid,Bengaluru,IN,hybrid,35000,46500,scaleup,aws|python|spark|terraform
J72000,2024-06-30,Junior Analytics Engineer,junior,London,GB,remote,60000,80000,scaleup,git|airflow|sql|dbt|snowflake
J71236,2024-07-01,Senior Data Scientist,senior,San Francisco,US,onsite,181500,242000,midmarket,pandas|sql|experimentation|python|pytorch|statistics
J72556,2024-07-01,Staff BI Developer,staff,London,GB,remote,109000,145000,enterprise,dax|power bi|sql|excel
J72614,2024-07-01,Junior Data Engineer,junior,Berlin,DE,hybrid,,,scaleup,terraform|aws|kafka|airflow
J73036,2024-07-01,Staff Analytics Engineer,staff,London,GB,hybrid,,,enterprise,dbt|sql|snowflake|python|airflow
J73220,2024-07-01,Senior Data Scientist,senior,Berlin,DE,hybrid,110500,147500,scaleup,experimentation|sql|python|pandas|statistics|pytorch
J73399,2024-07-01,Senior Data Scientist,senior,Chicago,US,onsite,134500,179000,scaleup,experimentation|pandas|pytorch|sql|statistics|python
J73443,2024-07-01,Senior Machine Learning Engineer,senior,New York,US,hybrid,192500,256500,scaleup,mlflow|python|kubernetes|sql
J70066,2024-07-03,Data Engineer,mid,Amsterdam,NL,onsite,,,midmarket,airflow|kafka|terraform|aws
J70215,2024-07-03,Senior Data Analyst,senior,London,GB,remote,,,startup,excel|sql|statistics|looker|python|tableau
J71243,2024-07-03,Senior Analytics Engineer,senior,São Paulo,BR,hybrid,,,scaleup,sql|dbt|python|airflow|git
J72238,2024-07-03,Senior Data Scientist,senior,Chicago,US,hybrid,145500,194500,scaleup,python|pytorch|sql|statistics|pandas|experimentation
J70931,2024-07-04,Data Analyst,mid,New York,US,onsite,88500,118000,midmarket,python|sql|excel|tableau|statistics
J71060,2024-07-04,Senior Data Platform Engineer,senior,Berlin,DE,hybrid,108500,144500,enterprise,python|aws|spark
J71603,2024-07-04,Senior Data Engineer,senior,Chicago,US,hybrid,124000,165500,startup,terraform|kafka|spark
J70668,2024-07-05,BI Developer,mid,Bengaluru,IN,onsite,25000,33000,midmarket,dax|excel|sql
J71247,2024-07-05,Analytics Engineer,mid,San Francisco,US,onsite,122000,162500,enterprise,git|sql|python|dbt|snowflake
J72339,2024-07-05,Senior Data Analyst,senior,Bengaluru,IN,hybrid,,,enterprise,tableau|looker|sql
J72777,2024-07-05,Senior Data Analyst,senior,San Francisco,US,onsite,120000,160000,midmarket,python|sql|looker|tableau|excel
J73090,2024-07-05,Junior Data Engineer,junior,San Francisco,US,hybrid,101000,134500,enterprise,sql|spark|airflow|python|terraform|kafka
J72152,2024-07-06,Staff Data Scientist,staff,Chicago,US,onsite,181000,241000,midmarket,statistics|experimentation|pandas|pytorch|sql|python
J70339,2024-07-07,BI Developer,mid,Chicago,US,hybrid,79000,105500,scaleup,modelling|sql|power bi
J70717,2024-07-07,Data Engineer,mid,New York,US,hybrid,134000,178500,enterprise,kafka|python|spark|sql|aws
J71083,2024-07-07,Senior Machine Learning Engineer,senior,New York,US,remote,187500,250500,scaleup,aws|kubernetes|pytorch|mlflow|python|sql
J71568,2024-07-07,Junior Data Scientist,junior,London,GB,remote,68000,91000,scaleup,statistics|sql|python|pandas
J71723,2024-07-07,Machine Learning Engineer,mid,Bengaluru,IN,remote,42000,56000,enterprise,aws|sql|mlflow
J73179,2024-07-07,Data Analyst,mid,London,GB,remote,57500,76500,startup,python|tableau|looker|statistics|excel|sql
J70204,2024-07-08,Senior Data Scientist,senior,New York,US,remote,192500,257000,enterprise,experimentation|statistics|pandas
J70584,2024-07-08,Staff BI Developer,staff,São Paulo,BR,hybrid,49000,65000,midmarket,modelling|excel|power bi|sql|dax
J72175,2024-07-08,Senior Data Analyst,senior,Toronto,CA,hybrid,77500,103500,enterprise,tableau|python|sql|excel
J72908,2024-07-08,Junior Data Engineer,junior,Chicago,US,remote,87000,115500,scaleup,spark|python|sql|kafka
J73159,2024-07-09,Senior Data Scientist,senior,San Francisco,US,remote,183500,244500,scaleup,python|pandas|sql|pytorch
J71889,2024-07-10,Junior Data Engineer,junior,Austin,US,remote,88000,117500,startup,spark|terraform|aws|airflow|sql|python
J72572,2024-07-12,Junior BI Developer,junior,São Paulo,BR,onsite,,,enterprise,dax|power bi|excel|modelling|sql
J71824,2024-07-14,Data Analyst,mid,Toronto,CA,onsite,57000,76500,midmarket,sql|excel|looker|statistics|tableau|python
J72681,2024-07-14,Senior Data Platform Engineer,senior,Austin,US,remote,166000,221000,enterprise,spark|kubernetes|aws|python
J72883,2024-07-14,Data Analyst,mid,San Francisco,US,onsite,87000,115500,scaleup,excel|tableau|statistics
J72886,2024-07-14,Staff Analytics Engineer,staff,San Francisco,US,hybrid,180000,239500,startup,airflow|snowflake|python|git|sql|dbt
J73356,2024-07-14,Data Analyst,mid,San Francisco,US,remote,97000,129500,enterprise,statistics|python|excel|sql
J71389,2024-07-15,Lead Analytics Engineer,lead,San Francisco,US,hybrid,220000,293000,startup,snowflake|dbt|airflow|sql|python
J71545,2024-07-15,Data Analyst,mid,New York,US,hybrid,87500,116500,midmarket,statistics|sql|tableau
J72323,2024-07-15,Junior Data Analyst,junior,San Francisco,US,remote,67000,89500,enterprise,tableau|sql|statistics|python|looker
J73257,2024-07-15,Data Analyst,mid,San Francisco,US,hybrid,94000,125000,startup,tableau|python|looker
J71126,2024-07-16,Data Analyst,mid,London,GB,remote,63000,84000,enterprise,tableau|sql|python|excel|statistics
J72865,2024-07-16,Senior Data Engineer,senior,San Francisco,US,hybrid,177000,236000,scaleup,terraform|spark|python|sql|airflow
J70018,2024-07-17,Staff Data Scientist,staff,Austin,US,onsite,177500,237000,enterprise,python|statistics|pandas
J70449,2024-07-17,Data Scientist,mid,Bengaluru,IN,hybrid,36000,48000,startup,sql|statistics|experimentation|pytorch|pandas
J70599,2024-07-17,Junior Data Analyst,junior,London,GB,hybrid,,,startup,tableau|python|sql
J70836,2024-07-17,Senior Data Analyst,senior,San Francisco,US,remote,124000,165000,midmarket,excel|tableau|python|looker|statistics
J70943,2024-07-17,Staff Data Engineer,staff,Amsterdam,NL,hybrid,141500,188500,midmarket,kafka|sql|airflow|spark|aws|terraform
J72495,2024-07-17,Senior Data Platform Engineer,senior,London,GB,hybrid,133000,177500,scaleup,python|spark|terraform|kubernetes|aws|observability
J72888,2024-07-17,Junior Data Scientist,junior,London,GB,hybrid,69000,91500,enterprise,python|pandas|pytorch|statistics
J70463,2024-07-18,Staff Data Engineer,staff,Bengaluru,IN,hybrid,51000,68000,scaleup,spark|sql|aws|terraform
J72037,2024-07-18,Data Engineer,mid,San Francisco,US,hybrid,136000,181500,enterprise,spark|sql|python|airflow|terraform|kafka
J72525,2024-07-18,Lead Machine Learning Engineer,lead,Austin,US,onsite,196500,262000,enterprise,kubernetes|aws|pytorch|mlflow|sql|python
J73144,2024-07-18,Machine Learning Engineer,mid,Amsterdam,NL,hybrid,,,startup,aws|python|mlflow|kubernetes
J70017,2024-07-19,Staff Data Engineer,staff,São Paulo,BR,remote,,,startup,airflow|spark|python
J72096,2024-07-19,Senior Data Analyst,senior,Toronto,CA,onsite,74500,99500,midmarket,excel|python|tableau|looker|statistics|sql
J72482,2024-07-19,Data Engineer,mid,Toronto,CA,hybrid,87500,116500,midmarket,sql|airflow|terraform|kafka
J70891,2024-07-20,Data Engineer,mid,San Francisco,US,onsite,,,midmarket,terraform|sql|spark|python
J71468,2024-07-20,Senior Data Analyst,senior,New York,US,hybrid,102500,136500,midmarket,excel|tableau|sql|looker
J71574,2024-07-20,Junior Data Engineer,junior,New York,US,remote,104500,139500,scaleup,aws|airflow|kafka|terraform
J70961,2024-07-21,Senior Research Scientist,senior,São Paulo,BR,hybrid,68500,91000,enterprise,pytorch|python|jax|statistics
J71719,2024-07-21,Staff Analytics Engineer,staff,Amsterdam,NL,onsite,118500,157500,enterprise,git|snowflake|dbt
J72992,2024-07-21,Data Analyst,mid,Bengaluru,IN,onsite,24000,32000,scaleup,excel|python|sql|tableau
J70053,2024-07-22,Data Analyst,mid,San Francisco,US,remote,95000,126500,scaleup,tableau|looker|sql|statistics
J70269,2024-07-22,Staff Data Platform Engineer,staff,Chicago,US,hybrid,177000,235500,midmarket,aws|python|kubernetes|observability
J70552,2024-07-22,Junior Research Scientist,junior,Chicago,US,onsite,,,midmarket,jax|pytorch|python|research|statistics
J70859,2024-07-22,Senior Data Analyst,senior,Austin,US,remote,94000,125500,startup,statistics|sql|tableau|python
J71078,2024-07-22,Lead BI Developer,lead,Bengaluru,IN,hybrid,45500,60500,enterprise,sql|modelling|power bi
J72388,2024-07-22,Senior Data Scientist,senior,Berlin,DE,onsite,113000,150500,enterprise,pytorch|statistics|pandas|experimentation|sql
J72605,2024-07-22,Junior Data Analyst,junior,Berlin,DE,hybrid,,,scaleup,sql|looker|python
J72733,2024-07-22,Senior Data Engineer,senior,Toronto,CA,hybrid,119000,158500,enterprise,sql|spark|airflow|python
J73117,2024-07-22,Senior Data Engineer,senior,New York,US,onsite,171000,228000,enterprise,kafka|python|airflow|terraform|spark|aws
J71355,2024-07-23,Senior Data Scientist,senior,New York,US,hybrid,167500,223000,midmarket,sql|statistics|experimentation|pandas
J71402,2024-07-23,Junior Data Analyst,junior,London,GB,onsite,48500,65000,startup,sql|tableau|statistics|excel
J71800,2024-07-23,Junior Data Engineer,junior,São Paulo,BR,remote,,,scaleup,python|sql|spark|aws|kafka|airflow
J71904,2024-07-23,Machine Learning Engineer,mid,Bengaluru,IN,hybrid,45000,60000,midmarket,sql|aws|pytorch
J71405,2024-07-24,Lead Data Scientist,lead,San Francisco,US,hybrid,252500,337000,midmarket,sql|python|pandas|experimentation
J72595,2024-07-24,Junior Analytics Engineer,junior,São Paulo,BR,hybrid,30000,40000,enterprise,dbt|python|git|sql|airflow
J72929,2024-07-24,Senior Data Engineer,senior,Berlin,DE,onsite,106000,141500,scaleup,kafka|python|spark|aws|airflow
J70242,2024-07-25,Junior Data Engineer,junior,Austin,US,onsite,77500,103000,scaleup,python|aws|kafka|terraform|spark|airflow
J71749,2024-07-25,Senior Data Scientist,senior,New York,US,onsite,,,enterprise,experimentation|pandas|pytorch|sql|python|statistics
J72249,2024-07-25,Junior Data Platform Engineer,junior,Bengaluru,IN,hybrid,29500,39500,startup,spark|kubernetes|python
J72294,2024-07-25,BI Developer,mid,San Francisco,US,hybrid,101500,135000,startup,dax|excel|power bi|sql
J70426,2024-07-26,Junior Data Engineer,junior,London,GB,onsite,,,startup,aws|python|spark|kafka
J70934,2024-07-26,Analytics Engineer,mid,New York,US,hybrid,116500,155000,enterprise,airflow|git|sql
J72826,2024-07-26,Data Scientist,mid,Amsterdam,NL,hybrid,94500,126000,scaleup,statistics|python|pandas|sql|pytorch
J73108,2024-07-26,Data Analyst,mid,Berlin,DE,hybrid,58500,78000,enterprise,statistics|sql|excel
J70625,2024-07-27,Junior Data Engineer,junior,New York,US,onsite,,,scaleup,spark|sql|airflow|kafka
J71279,2024-07-27,BI Developer,mid,Bengaluru,IN,onsite,25500,33500,startup,modelling|power bi|dax
J71993,2024-07-27,Senior BI Developer,senior,Berlin,DE,remote,,,startup,excel|dax|power bi|sql|modelling
J70236,2024-07-28,Senior Data Scientist,senior,San Francisco,US,remote,205500,274500,enterprise,python|experimentation|pandas|statistics|sql
J70650,2024-07-28,Junior Data Scientist,junior,Bengaluru,IN,hybrid,28500,38000,scaleup,statistics|pandas|pytorch
J71699,2024-07-28,Analytics Engineer,mid,London,GB,hybrid,,,enterprise,dbt|sql|git|snowflake
J71724,2024-07-28,Junior Analytics Engineer,junior,Chicago,US,onsite,69500,92500,scaleup,sql|dbt|python|airflow
J72752,2024-07-28,Data Engineer,mid,London,GB,hybrid,,,enterprise,airflow|sql|spark|kafka|python
J70579,2024-07-29,Junior Analytics Engineer,junior,Chicago,US,onsite,72000,96000,scaleup,git|snowflake|python
J70614,2024-07-29,Data Engineer,mid,New York,US,onsite,139000,185000,scaleup,python|terraform|kafka|airflow|spark
J71308,2024-07-29,Senior Data Engineer,senior,Bengaluru,IN,remote,48500,64500,scaleup,python|aws|sql|kafka
J71353,2024-07-29,Senior Data Scientist,senior,Amsterdam,NL,hybrid,120000,160000,startup,pytorch|python|pandas
J71485,2024-07-29,Data Analyst,mid,Amsterdam,NL,hybrid,,,midmarket,looker|tableau|sql|python|statistics
J71999,2024-07-29,Data Analyst,mid,Toronto,CA,onsite,59000,78500,startup,statistics|tableau|excel|sql|python|looker
J70307,2024-07-30,Senior Data Scientist,senior,Bengaluru,IN,remote,,,scaleup,statistics|python|sql|experimentation|pytorch
J71254,2024-07-30,Staff Data Analyst,staff,Berlin,DE,hybrid,81000,108500,scaleup,excel|looker|statistics|sql|python|tableau
J72002,2024-07-30,Junior Data Scientist,junior,Bengaluru,IN,hybrid,,,scaleup,python|statistics|pandas|sql|pytorch|experimentation
J70491,2024-07-31,Senior Data Scientist,senior,Chicago,US,hybrid,141000,188000,midmarket,sql|python|pytorch|experimentation|statistics|pandas
J70777,2024-07-31,Staff Data Engineer,staff,São Paulo,BR,hybrid,69000,92000,midmarket,spark|terraform|sql|airflow|python
J71772,2024-08-01,Junior Data Scientist,junior,São Paulo,BR,remote,35500,47500,enterprise,pandas|sql|statistics
J71971,2024-08-01,Senior Analytics Engineer,senior,New York,US,hybrid,155000,206500,enterprise,dbt|git|airflow|sql|snowflake|python
J72329,2024-08-01,Senior Data Engineer,senior,London,GB,remote,110000,146500,startup,sql|spark|aws|kafka|terraform|python
J71132,2024-08-03,Data Scientist,mid,New York,US,hybrid,131000,174500,scaleup,pytorch|experimentation|sql|statistics
J71735,2024-08-03,Junior Analytics Engineer,junior,San Francisco,US,hybrid,93000,124000,enterprise,sql|snowflake|airflow|git|python
J71956,2024-08-03,Junior Data Scientist,junior,San Francisco,US,remote,106500,142000,scaleup,sql|statistics|experimentation|pytorch
J72114,2024-08-03,Senior Data Analyst,senior,New York,US,onsite,104500,139500,midmarket,python|excel|looker|tableau
J73246,2024-08-03,Staff Data Engineer,staff,Berlin,DE,remote,127500,170500,midmarket,aws|spark|sql|terraform|kafka|airflow
J70173,2024-08-04,Senior Analytics Engineer,senior,Chicago,US,remote,114000,152000,scaleup,airflow|python|sql
J70440,2024-08-04,Lead Data Analyst,lead,São Paulo,BR,hybrid,,,scaleup,excel|python|statistics
J72473,2024-08-04,Data Scientist,mid,Bengaluru,IN,hybrid,,,midmarket,statistics|experimentation|python|pandas
J72621,2024-08-04,Senior Data Analyst,senior,San Francisco,US,hybrid,111500,149000,enterprise,sql|python|statistics|looker|excel
J71676,2024-08-05,Junior Research Scientist,junior,Berlin,DE,remote,80500,107500,midmarket,jax|statistics|pytorch
J72112,2024-08-05,Staff Data Scientist,staff,New York,US,hybrid,213500,284500,midmarket,pandas|experimentation|pytorch
J70674,2024-08-06,Data Analyst,mid,San Francisco,US,hybrid,96500,128500,scaleup,statistics|excel|looker
J70995,2024-08-06,Junior Data Analyst,junior,Berlin,DE,remote,,,enterprise,excel|sql|python|statistics|looker
J71930,2024-08-06,Junior Data Analyst,junior,Austin,US,remote,58000,77500,enterprise,sql|python|statistics
J72512,2024-08-06,Junior Analytics Engineer,junior,San Francisco,US,onsite,96000,128000,startup,python|dbt|snowflake
J72671,2024-08-06,Junior Data Analyst,junior,London,GB,hybrid,47000,62500,scaleup,excel|python|looker|tableau
J72494,2024-08-07,Junior Analytics Engineer,junior,Chicago,US,remote,70500,94000,startup,dbt|airflow|snowflake|sql
J73419,2024-08-07,Senior Data Scientist,senior,New York,US,onsite,171500,229000,enterprise,statistics|python|pytorch
J70941,2024-08-08,Data Analyst,mid,São Paulo,BR,hybrid,29000,38500,midmarket,tableau|python|excel|looker
J72735,2024-08-08,Junior Data Analyst,junior,Austin,US,remote,55500,74000,startup,looker|excel|sql|statistics|python
J71569,2024-08-09,Research Scientist,mid,Bengaluru,IN,onsite,48500,64500,enterprise,research|python|pytorch|jax|statistics
J73323,2024-08-09,Junior Data Scientist,junior,London,GB,hybrid,68500,91500,enterprise,experimentation|pandas|pytorch
J73470,2024-08-09,Senior Data Analyst,senior,London,GB,hybrid,79000,105500,midmarket,looker|sql|statistics|tableau|python|excel
J70652,2024-08-10,Senior Analytics Engineer,senior,London,GB,hybrid,,,enterprise,snowflake|git|python|airflow|sql|dbt
J71030,2024-08-10,Senior Data Analyst,senior,Berlin,DE,hybrid,69000,91500,scaleup,tableau|python|sql
J71141,2024-08-10,Research Scientist,mid,Berlin,DE,remote,105000,140000,startup,statistics|jax|pytorch|python
J71864,2024-08-11,Senior Analytics Engineer,senior,Bengaluru,IN,hybrid,42000,56000,midmarket,python|dbt|sql|airflow|snowflake|git
J72850,2024-08-11,Junior Data Platform Engineer,junior,London,GB,hybrid,69000,92500,enterprise,terraform|observability|python|spark|aws|kubernetes
J73067,2024-08-11,Data Analyst,mid,New York,US,hybrid,85000,113500,startup,tableau|statistics|sql|python|excel
J70209,2024-08-12,Junior Analytics Engineer,junior,Toronto,CA,hybrid,54500,72500,enterprise,git|sql|snowflake
J71231,2024-08-12,Staff Research Scientist,staff,San Francisco,US,remote,296000,394500,midmarket,statistics|python|pytorch|research|jax
J71761,2024-08-12,Senior Research Scientist,senior,São Paulo,BR,hybrid,74000,99000,enterprise,research|jax|pytorch|statistics
J71788,2024-08-12,Lead Data Analyst,lead,Austin,US,hybrid,118500,158000,midmarket,python|looker|excel|statistics
J71979,2024-08-12,Data Engineer,mid,Austin,US,hybrid,106000,141000,enterprise,terraform|kafka|sql
J70361,2024-08-13,Junior Data Analyst,junior,New York,US,onsite,,,startup,statistics|python|excel|looker
J71164,2024-08-13,Senior Data Scientist,senior,Austin,US,hybrid,132500,176500,scaleup,sql|pytorch|pandas|experimentation|statistics|python
J72374,2024-08-13,Junior Data Engineer,junior,New York,US,onsite,97000,129000,enterprise,airflow|python|spark
J72757,2024-08-13,Senior Analytics Engineer,senior,New York,US,hybrid,145500,194500,scaleup,dbt|sql|snowflake
J73064,2024-08-13,Senior Analytics Engineer,senior,San Francisco,US,hybrid,149500,199000,midmarket,dbt|snowflake|sql|airflow
J73083,2024-08-13,Junior Data Analyst,junior,San Francisco,US,onsite,66500,89000,enterprise,statistics|excel|tableau
J73224,2024-08-13,Senior Data Engineer,senior,Berlin,DE,remote,101000,134500,scaleup,sql|python|terraform
J70087,2024-08-14,Junior Data Scientist,junior,Amsterdam,NL,onsite,67000,89500,enterprise,experimentation|python|sql|pandas|statistics|pytorch
J70728,2024-08-14,Junior Data Engineer,junior,San Francisco,US,hybrid,95000,126500,midmarket,sql|aws|airflow|kafka|python
J70737,2024-08-14,Machine Learning Engineer,mid,Austin,US,remote,128000,171000,midmarket,kubernetes|python|aws|sql|pytorch
J71874,2024-08-14,Junior Data Analyst,junior,London,GB,hybrid,48000,64000,enterprise,statistics|sql|excel|looker|python|tableau
J71995,2024-08-14,Junior Machine Learning Engineer,junior,New York,US,hybrid,121000,161500,scaleup,mlflow|sql|kubernetes|pytorch|python|aws
J72208,2024-08-14,Junior Data Engineer,junior,Austin,US,hybrid,75000,99500,scaleup,aws|airflow|spark
J72466,2024-08-14,Data Analyst,mid,San Francisco,US,hybrid,88000,117500,enterprise,tableau|looker|python|sql
J72608,2024-08-14,Data Engineer,mid,San Francisco,US,hybrid,144000,191500,startup,sql|kafka|terraform|aws|spark
J70944,2024-08-15,Senior Data Engineer,senior,Amsterdam,NL,onsite,112500,150000,scaleup,kafka|terraform|python|airflow|spark|aws
J71021,2024-08-15,Senior Data Analyst,senior,San Francisco,US,remote,117000,156000,startup,tableau|looker|sql|excel|statistics
J71605,2024-08-15,Junior Machine Learning Engineer,junior,London,GB,onsite,,,enterprise,sql|kubernetes|aws|python
J72225,2024-08-15,Lead BI Developer,lead,New York,US,hybrid,143500,191000,scaleup,modelling|power bi|sql|excel
J72690,2024-08-15,Staff Machine Learning Engineer,staff,London,GB,remote,164500,219000,midmarket,kubernetes|mlflow|pytorch|aws|python|sql
J72308,2024-08-16,Senior BI Developer,senior,São Paulo,BR,remote,44000,58500,midmarket,sql|modelling|power bi|excel
J72345,2024-08-16,Data Engineer,mid,New York,US,remote,138000,184000,enterprise,python|aws|terraform
J72878,2024-08-16,Senior BI Developer,senior,Berlin,DE,remote,81500,108500,scaleup,modelling|power bi|sql
J73290,2024-08-16,Senior Machine Learning Engineer,senior,Bengaluru,IN,remote,56000,74500,scaleup,python|sql|mlflow|kubernetes
J70613,2024-08-17,Junior Data Analyst,junior,Toronto,CA,remote,41000,54500,enterprise,tableau|sql|python|looker|excel|statistics
J71445,2024-08-17,Junior Data Analyst,junior,New York,US,onsite,63500,84500,midmarket,sql|tableau|looker
J72015,2024-08-17,Senior Data Scientist,senior,Amsterdam,NL,hybrid,109000,145500,scaleup,pandas|pytorch|statistics
J72982,2024-08-17,Senior BI Developer,senior,New York,US,remote,124000,165000,scaleup,sql|dax|power bi|modelling|excel
J70536,2024-08-18,Senior Data Engineer,senior,Toronto,CA,hybrid,103500,138000,scaleup,spark|sql|aws
J71250,2024-08-18,Junior Analytics Engineer,junior,New York,US,hybrid,81000,108000,midmarket,airflow|snowflake|git|python|dbt
J71407,2024-08-18,Senior Data Scientist,senior,Chicago,US,hybrid,148000,197500,enterprise,statistics|pytorch|sql|experimentation|python|pandas
J72045,2024-08-18,Senior Data Analyst,senior,New York,US,remote,116500,155000,midmarket,statistics|excel|sql
J70819,2024-08-19,Senior Analytics Engineer,senior,São Paulo,BR,remote,53500,71500,enterprise,airflow|python|git|sql|snowflake
J73138,2024-08-19,Data Analyst,mid,Austin,US,hybrid,76500,102000,scaleup,sql|statistics|python|looker|excel
J70850,2024-08-20,Junior Data Platform Engineer,junior,San Francisco,US,hybrid,111500,149000,midmarket,terraform|spark|python
J73262,2024-08-20,Analytics Engineer,mid,Bengaluru,IN,remote,,,midmarket,python|dbt|snowflake|airflow|sql|git
J70055,2024-08-21,Machine Learning Engineer,mid,Bengaluru,IN,onsite,,,startup,kubernetes|aws|sql
J70983,2024-08-21,Senior Analytics Engineer,senior,Bengaluru,IN,hybrid,,,enterprise,python|dbt|sql|airflow
J71812,2024-08-21,Analytics Engineer,mid,London,GB,hybrid,84000,111500,scaleup,python|snowflake|dbt|airflow|git
J72082,2024-08-21,Junior Data Scientist,junior,San Francisco,US,onsite,,,startup,pandas|statistics|python
J72507,2024-08-21,Junior Data Engineer,junior,London,GB,hybrid,68500,91500,midmarket,sql|spark|airflow
J70559,2024-08-22,Senior Data Engineer,senior,London,GB,onsite,105500,141000,startup,kafka|python|aws
J72938,2024-08-22,Junior Analytics Engineer,junior,Bengaluru,IN,hybrid,25500,34000,startup,git|snowflake|python|sql|airflow|dbt
J73396,2024-08-22,Senior Data Scientist,senior,New York,US,hybrid,172000,229500,startup,sql|pandas|pytorch|python
J70689,2024-08-23,Lead Data Analyst,lead,Austin,US,hybrid,,,enterprise,excel|sql|python|tableau|looker|statistics
J71053,2024-08-23,Senior Data Scientist,senior,Austin,US,onsite,142000,189500,startup,experimentation|pandas|pytorch|python|statistics
J71220,2024-08-23,Junior Data Analyst,junior,London,GB,hybrid,46500,62000,startup,tableau|looker|statistics
J72729,2024-08-23,Junior BI Developer,junior,San Francisco,US,remote,81000,108000,scaleup,sql|modelling|dax
J70957,2024-08-24,Data Engineer,mid,Austin,US,remote,106000,141500,enterprise,terraform|python|kafka
J73057,2024-08-24,Senior Data Platform Engineer,senior,Bengaluru,IN,hybrid,,,enterprise,aws|terraform|observability|kubernetes
J73377,2024-08-24,Senior Data Analyst,senior,Austin,US,hybrid,93000,124000,scaleup,python|statistics|tableau|looker|excel
J73429,2024-08-24,Machine Learning Engineer,mid,New York,US,remote,170500,227000,midmarket,sql|kubernetes|python|mlflow|aws
J70137,2024-08-25,Senior Data Scientist,senior,Bengaluru,IN,hybrid,,,startup,pandas|experimentation|statistics
J72436,2024-08-25,BI Developer,mid,New York,US,hybrid,97000,129500,enterprise,dax|sql|modelling|power bi|excel
J72611,2024-08-25,Data Analyst,mid,Bengaluru,IN,hybrid,,,midmarket,sql|looker|python|statistics|excel
J73043,2024-08-25,Junior Data Platform Engineer,junior,Chicago,US,onsite,90000,120000,startup,python|observability|terraform
J73403,2024-08-25,Senior Data Scientist,senior,Amsterdam,NL,hybrid,,,startup,experimentation|statistics|pandas
J72774,2024-08-26,Staff Data Engineer,staff,Bengaluru,IN,onsite,57000,76000,midmarket,aws|airflow|spark|python|kafka
J70565,2024-08-27,Data Engineer,mid,São Paulo,BR,hybrid,,,startup,aws|terraform|spark|python|sql|kafka
J70761,2024-08-27,Senior Analytics Engineer,senior,San Francisco,US,hybrid,169000,225000,enterprise,airflow|python|sql|dbt|snowflake|git
J71288,2024-08-27,Senior Data Scientist,senior,Toronto,CA,hybrid,111500,149000,scaleup,experimentation|sql|pytorch
J72202,2024-08-27,BI Developer,mid,New York,US,hybrid,93500,124500,enterprise,dax|excel|sql|power bi|modelling
J72477,2024-08-27,Staff Data Platform Engineer,staff,New York,US,hybrid,242000,322500,enterprise,python|spark|aws
J73196,2024-08-28,Data Scientist,mid,Berlin,DE,remote,82500,110000,enterprise,python|statistics|experimentation|pytorch
J71490,2024-08-29,Junior Data Engineer,junior,São Paulo,BR,onsite,31000,41000,startup,python|spark|terraform
J71975,2024-08-29,Senior Data Engineer,senior,São Paulo,BR,onsite,,,startup,spark|sql|terraform|python
J72462,2024-08-29,Data Engineer,mid,Toronto,CA,onsite,,,enterprise,python|terraform|aws|airflow|spark|sql
J73265,2024-08-29,Senior Data Engineer,senior,Toronto,CA,remote,,,enterprise,aws|sql|terraform|spark|kafka
J70064,2024-08-30,Junior Data Analyst,junior,Bengaluru,IN,remote,19000,25500,midmarket,tableau|looker|excel
J70544,2024-08-30,Data Analyst,mid,Bengaluru,IN,onsite,23500,31500,enterprise,excel|tableau|python
J70803,2024-09-01,Staff Data Engineer,staff,Berlin,DE,hybrid,120000,160000,scaleup,python|aws|sql|kafka|spark|terraform
J71880,2024-09-01,Senior BI Developer,senior,New York,US,remote,121000,161000,enterprise,modelling|sql|dax
J70292,2024-09-02,Lead Data Analyst,lead,Berlin,DE,remote,97500,130000,startup,excel|tableau|sql
J70364,2024-09-02,Senior Data Scientist,senior,Bengaluru,IN,hybrid,47500,63500,enterprise,pytorch|pandas|sql|python
J70646,2024-09-02,Lead Analytics Engineer,lead,London,GB,remote,129000,172000,startup,python|snowflake|sql|airflow|dbt
J71310,2024-09-02,Junior Data Platform Engineer,junior,Bengaluru,IN,remote,29500,39500,enterprise,python|observability|aws|terraform|spark
J71622,2024-09-02,Junior Data Engineer,junior,San Francisco,US,hybrid,105500,140500,startup,python|airflow|terraform|spark|sql
J71903,2024-09-02,Senior Data Engineer,senior,New York,US,hybrid,169000,225000,startup,terraform|aws|spark|airflow|kafka|python
J70251,2024-09-03,BI Developer,mid,Chicago,US,remote,75000,100000,scaleup,sql|power bi|excel|dax
J70557,2024-09-03,Senior Data Analyst,senior,Berlin,DE,remote,75500,100500,enterprise,statistics|excel|sql|looker|python|tableau
J72978,2024-09-03,Junior Analytics Engineer,junior,Bengaluru,IN,remote,25000,33000,midmarket,sql|airflow|python|dbt
J70238,2024-09-04,Senior Data Scientist,senior,Berlin,DE,remote,,,scaleup,pytorch|statistics|pandas|sql|experimentation
J70706,2024-09-04,Senior Analytics Engineer,senior,San Francisco,US,remote,150000,200000,scaleup,snowflake|airflow|dbt|git|python
J71685,2024-09-04,Data Analyst,mid,Austin,US,hybrid,68000,90500,startup,excel|statistics|tableau|looker
J73153,2024-09-04,Data Scientist,mid,San Francisco,US,remote,150000,200000,scaleup,pandas|statistics|experimentation|sql|pytorch
J71463,2024-09-05,Junior Data Scientist,junior,New York,US,hybrid,,,scaleup,experimentation|python|pytorch|sql|statistics
J72949,2024-09-05,Senior Data Engineer,senior,San Francisco,US,hybrid,174500,232500,midmarket,spark|aws|airflow
J70979,2024-09-06,Junior Analytics Engineer,junior,San Francisco,US,hybrid,,,scaleup,python|airflow|git|sql
J71689,2024-09-06,Data Analyst,mid,Amsterdam,NL,hybrid,61000,81000,midmarket,tableau|python|statistics
J71881,2024-09-06,Senior Data Analyst,senior,Austin,US,hybrid,93500,124500,midmarket,looker|excel|python|statistics
J71940,2024-09-06,Senior Data Analyst,senior,Amsterdam,NL,remote,74500,99000,enterprise,sql|looker|tableau
J72003,2024-09-06,Junior Data Analyst,junior,Toronto,CA,hybrid,40000,53500,startup,sql|looker|excel|tableau|python|statistics
J70092,2024-09-07,Data Analyst,mid,Toronto,CA,remote,61500,82000,enterprise,excel|python|looker|statistics|sql
J71813,2024-09-07,Data Analyst,mid,Chicago,US,onsite,76500,102500,scaleup,statistics|sql|excel|looker|python
J73291,2024-09-07,Data Engineer,mid,Amsterdam,NL,hybrid,,,midmarket,sql|airflow|aws|spark|terraform|python
J70661,2024-09-08,Senior Machine Learning Engineer,senior,New York,US,onsite,192000,256000,startup,mlflow|python|aws|kubernetes|pytorch|sql
J71018,2024-09-08,Staff BI Developer,staff,Bengaluru,IN,hybrid,40000,53000,enterprise,excel|modelling|dax|sql|power bi
J71486,2024-09-08,Staff Data Engineer,staff,São Paulo,BR,hybrid,,,midmarket,terraform|aws|kafka
J72298,2024-09-09,Lead Data Engineer,lead,Berlin,DE,hybrid,128000,171000,enterprise,spark|airflow|aws|sql|terraform
J73392,2024-09-09,Senior Data Engineer,senior,Chicago,US,remote,135000,179500,midmarket,aws|terraform|python|kafka|airflow
J70715,2024-09-10,Junior Data Engineer,junior,Bengaluru,IN,onsite,27000,36000,midmarket,aws|python|sql|terraform|spark
J72143,2024-09-10,Senior BI Developer,senior,Chicago,US,remote,94500,126000,midmarket,excel|modelling|dax|sql
J72301,2024-09-10,Staff Machine Learning Engineer,staff,New York,US,onsite,256500,342000,startup,mlflow|sql|aws|python|kubernetes
J72584,2024-09-10,Data Scientist,mid,Toronto,CA,hybrid,93500,124500,scaleup,sql|pytorch|pandas|python|statistics|experimentation
J73372,2024-09-10,Junior Data Scientist,junior,New York,US,remote,,,midmarket,experimentation|pytorch|sql|statistics|pandas
J70875,2024-09-11,Senior Data Platform Engineer,senior,New York,US,remote,190000,253500,enterprise,terraform|spark|observability
J71814,2024-09-11,Senior Data Engineer,senior,São Paulo,BR,onsite,58500,78000,enterprise,kafka|airflow|terraform|spark|python|sql
J72813,2024-09-11,Machine Learning Engineer,mid,New York,US,onsite,158500,211500,midmarket,aws|pytorch|mlflow|python|kubernetes
J70906,2024-09-12,Machine Learning Engineer,mid,São Paulo,BR,hybrid,56500,75000,startup,kubernetes|python|sql|pytorch|aws
J72791,2024-09-12,Senior Data Scientist,senior,San Francisco,US,remote,175000,233000,enterprise,experimentation|python|sql|pytorch|statistics|pandas
J71586,2024-09-13,Senior Data Engineer,senior,Bengaluru,IN,remote,,,enterprise,airflow|spark|sql|kafka
J72514,2024-09-13,Staff Data Scientist,staff,Amsterdam,NL,hybrid,152000,202500,scaleup,pandas|python|sql|pytorch|experimentation|statistics
J72540,2024-09-13,Lead Analytics Engineer,lead,London,GB,remote,134500,179500,startup,snowflake|airflow|sql|git|dbt|python
J71238,2024-09-14,Analytics Engineer,mid,New York,US,remote,117000,156500,startup,sql|snowflake|python|git|airflow|dbt
J72262,2024-09-14,Junior Data Analyst,junior,Chicago,US,onsite,52000,69500,startup,sql|tableau|looker|excel|statistics
J73458,2024-09-14,Junior Analytics Engineer,junior,São Paulo,BR,remote,,,scaleup,dbt|airflow|snowflake
J73477,2024-09-14,Machine Learning Engineer,mid,Austin,US,remote,125000,167000,scaleup,mlflow|pytorch|python|sql
J70770,2024-09-15,Staff Analytics Engineer,staff,Chicago,US,remote,148000,197500,scaleup,python|airflow|snowflake
J72445,2024-09-15,Machine Learning Engineer,mid,Toronto,CA,hybrid,104500,139000,scaleup,kubernetes|python|pytorch|sql|mlflow|aws
J71248,2024-09-16,Data Platform Engineer,mid,New York,US,hybrid,144500,192500,midmarket,observability|python|spark|terraform|aws
J71565,2024-09-16,Lead Machine Learning Engineer,lead,Toronto,CA,hybrid,183000,243500,scaleup,kubernetes|pytorch|aws
J71578,2024-09-16,Data Analyst,mid,São Paulo,BR,onsite,29000,38500,scaleup,excel|sql|tableau|statistics|looker|python
J72223,2024-09-16,Staff Data Engineer,staff,Bengaluru,IN,onsite,51000,68000,midmarket,sql|python|airflow
J72486,2024-09-16,Senior Data Analyst,senior,San Francisco,US,remote,127000,169000,scaleup,excel|statistics|tableau|sql|looker|python
J70433,2024-09-17,Junior Data Analyst,junior,London,GB,hybrid,47500,63500,midmarket,excel|looker|statistics
J71987,2024-09-17,Staff Analytics Engineer,staff,Bengaluru,IN,remote,53500,71000,enterprise,dbt|git|python|snowflake|airflow
J70228,2024-09-18,Senior Data Analyst,senior,London,GB,remote,,,startup,statistics|tableau|looker|python
J70634,2024-09-18,BI Developer,mid,Austin,US,onsite,80500,107000,enterprise,power bi|modelling|excel|dax|sql
J71493,2024-09-18,Senior Analytics Engineer,senior,London,GB,hybrid,98500,131000,midmarket,git|python|dbt|airflow|snowflake
J71614,2024-09-18,Senior Data Analyst,senior,San Francisco,US,hybrid,117000,155500,midmarket,statistics|sql|looker|tableau|python|excel
J73029,2024-09-18,Data Engineer,mid,Berlin,DE,hybrid,80500,107500,scaleup,aws|spark|terraform
J73339,2024-09-18,Senior Data Analyst,senior,Berlin,DE,remote,76500,102500,scaleup,looker|python|statistics|tableau
J70356,2024-09-19,Data Platform Engineer,mid,San Francisco,US,remote,146500,195000,startup,spark|kubernetes|terraform
J70602,2024-09-19,Junior Analytics Engineer,junior,Austin,US,hybrid,72500,96500,enterprise,sql|airflow|snowflake|dbt|python
J71875,2024-09-19,Senior Research Scientist,senior,Bengaluru,IN,hybrid,58000,77000,enterprise,statistics|pytorch|research
J73173,2024-09-19,Data Analyst,mid,Chicago,US,hybrid,69000,92000,enterprise,statistics|tableau|python|excel|looker|sql
J70932,2024-09-20,Staff Machine Learning Engineer,staff,Austin,US,remote,209500,279000,enterprise,aws|sql|python|mlflow|kubernetes|pytorch
J71416,2024-09-20,Data Engineer,mid,São Paulo,BR,onsite,43500,58000,scaleup,spark|terraform|sql
J71986,2024-09-20,Lead Analytics Engineer,lead,Bengaluru,IN,hybrid,54500,73000,startup,python|dbt|airflow|snowflake
J72371,2024-09-20,Data Scientist,mid,New York,US,hybrid,139000,185000,enterprise,pytorch|experimentation|sql|pandas|python
J72807,2024-09-20,Lead Data Engineer,lead,New York,US,remote,,,scaleup,spark|sql|terraform
J70401,2024-09-21,Senior Data Analyst,senior,Amsterdam,NL,hybrid,79000,105500,scaleup,statistics|excel|tableau
J71333,2024-09-22,Data Analyst,mid,London,GB,hybrid,63500,85000,enterprise,excel|sql|python
J72303,2024-09-22,Senior Data Scientist,senior,Toronto,CA,onsite,115500,154000,startup,experimentation|sql|python|pytorch
J72414,2024-09-23,Data Platform Engineer,mid,Bengaluru,IN,hybrid,41500,55500,enterprise,python|terraform|observability
J73278,2024-09-23,Data Engineer,mid,Amsterdam,NL,hybrid,95000,126500,enterprise,aws|airflow|sql|kafka|terraform|spark
J71718,2024-09-24,Senior Data Engineer,senior,New York,US,onsite,162000,216000,scaleup,airflow|kafka|sql|terraform|python
J72051,2024-09-24,Senior Data Scientist,senior,San Francisco,US,onsite,180500,241000,enterprise,statistics|sql|pandas
J72254,2024-09-24,Data Engineer,mid,Chicago,US,hybrid,114000,152500,enterprise,kafka|airflow|sql|terraform|python
J71756,2024-09-25,Data Analyst,mid,New York,US,hybrid,82000,109000,enterprise,looker|excel|sql|statistics|python
J73054,2024-09-25,Data Engineer,mid,São Paulo,BR,onsite,44000,58500,enterprise,aws|terraform|python
J70643,2024-09-26,Data Platform Engineer,mid,Austin,US,remote,121500,162000,midmarket,observability|kubernetes|aws|terraform
J72626,2024-09-26,Senior Machine Learning Engineer,senior,Austin,US,onsite,167000,222500,scaleup,python|sql|kubernetes|mlflow
J73267,2024-09-26,Data Scientist,mid,Toronto,CA,hybrid,84500,112500,midmarket,pytorch|experimentation|sql|python
J70666,2024-09-27,Lead Data Analyst,lead,Berlin,DE,hybrid,,,enterprise,looker|tableau|excel|statistics
J71554,2024-09-27,Senior Machine Learning Engineer,senior,New York,US,hybrid,206500,275500,midmarket,kubernetes|pytorch|mlflow
J71924,2024-09-27,Junior Data Analyst,junior,Bengaluru,IN,remote,17000,23000,midmarket,tableau|excel|looker|python|statistics
J72930,2024-09-27,Senior BI Developer,senior,Berlin,DE,hybrid,72000,96000,startup,modelling|dax|power bi|sql
J73028,2024-09-27,Junior Machine Learning Engineer,junior,São Paulo,BR,onsite,41500,55000,enterprise,sql|kubernetes|python|mlflow
J73471,2024-09-27,Senior Analytics Engineer,senior,San Francisco,US,hybrid,160000,213500,scaleup,python|snowflake|dbt|sql|git|airflow
J71295,2024-09-29,Machine Learning Engineer,mid,San Francisco,US,onsite,154500,206000,scaleup,kubernetes|sql|python|mlflow|pytorch|aws
J72258,2024-09-29,Lead Data Scientist,lead,Austin,US,hybrid,171000,228500,enterprise,statistics|python|pandas|experimentation|pytorch
J72771,2024-09-29,Senior Data Analyst,senior,Austin,US,remote,93500,124500,enterprise,excel|statistics|looker|sql|python|tableau
J73406,2024-09-29,Senior Data Analyst,senior,Berlin,DE,hybrid,70500,93500,midmarket,excel|sql|python
J70773,2024-09-30,Senior Machine Learning Engineer,senior,Bengaluru,IN,remote,52000,69500,enterprise,mlflow|python|pytorch
J71163,2024-09-30,Analytics Engineer,mid,Bengaluru,IN,onsite,,,scaleup,git|dbt|python|snowflake
J71428,2024-09-30,Senior Analytics Engineer,senior,London,GB,remote,,,enterprise,python|git|snowflake|dbt
J71784,2024-09-30,Junior Research Scientist,junior,San Francisco,US,hybrid,130500,174000,enterprise,research|pytorch|jax|python
J71972,2024-09-30,Data Analyst,mid,San Francisco,US,onsite,,,startup,tableau|excel|statistics|looker
J72207,2024-09-30,Data Scientist,mid,Toronto,CA,hybrid,,,scaleup,pandas|pytorch|sql|python|experimentation
J70909,2024-10-01,Junior Analytics Engineer,junior,Chicago,US,hybrid,72000,96000,enterprise,snowflake|git|python
J71278,2024-10-01,Staff BI Developer,staff,São Paulo,BR,onsite,,,midmarket,modelling|sql|power bi|dax
J71859,2024-10-01,Senior BI Developer,senior,London,GB,hybrid,77500,103500,enterprise,power bi|dax|excel|sql
J72606,2024-10-01,Analytics Engineer,mid,Chicago,US,onsite,93000,123500,enterprise,airflow|git|python|sql|dbt|snowflake
J72963,2024-10-01,Junior Data Engineer,junior,Toronto,CA,hybrid,,,startup,terraform|kafka|spark|sql
J73449,2024-10-01,Junior Data Scientist,junior,Bengaluru,IN,hybrid,30000,39500,enterprise,statistics|pandas|pytorch|experimentation|python|sql
J70200,2024-10-02,Data Analyst,mid,Austin,US,remote,72000,96000,scaleup,statistics|looker|excel|python|sql
J70808,2024-10-02,Lead Data Analyst,lead,New York,US,hybrid,152500,203500,midmarket,statistics|tableau|python|sql|looker|excel
J70855,2024-10-02,Senior Analytics Engineer,senior,Austin,US,hybrid,115000,153500,enterprise,snowflake|airflow|git|dbt|sql|python
J71235,2024-10-02,Junior Data Scientist,junior,New York,US,onsite,105000,139500,midmarket,statistics|sql|pytorch
J71732,2024-10-02,Data Analyst,mid,Berlin,DE,hybrid,,,startup,tableau|statistics|sql
J72250,2024-10-02,Lead Machine Learning Engineer,lead,San Francisco,US,remote,260000,346500,enterprise,python|aws|mlflow|kubernetes|pytorch
J72376,2024-10-02,Data Engineer,mid,Austin,US,onsite,117500,157000,enterprise,airflow|sql|terraform
J72623,2024-10-02,Junior Data Engineer,junior,London,GB,hybrid,72500,96500,startup,spark|sql|python|terraform|airflow
J73017,2024-10-02,Senior Data Analyst,senior,New York,US,remote,123000,164000,enterprise,looker|sql|python|excel|tableau|statistics
J70772,2024-10-03,Analytics Engineer,mid,Berlin,DE,onsite,71500,95500,enterprise,sql|snowflake|airflow
J71127,2024-10-03,Lead Data Engineer,lead,Chicago,US,onsite,162000,216000,midmarket,sql|kafka|airflow
J71714,2024-10-03,Data Scientist,mid,London,GB,hybrid,,,startup,python|statistics|experimentation|pytorch
J72589,2024-10-03,Senior BI Developer,senior,Bengaluru,IN,hybrid,34000,45500,enterprise,sql|modelling|power bi|excel|dax
J70249,2024-10-04,Senior Analytics Engineer,senior,Amsterdam,NL,remote,108500,144500,scaleup,git|sql|airflow
J70687,2024-10-04,Data Scientist,mid,Amsterdam,NL,remote,88000,117000,startup,statistics|python|pytorch
J71318,2024-10-05,Senior Analytics Engineer,senior,Austin,US,remote,123500,165000,startup,snowflake|python|dbt|sql
J71631,2024-10-05,BI Developer,mid,Bengaluru,IN,onsite,,,startup,power bi|dax|sql
J72867,2024-10-05,Analytics Engineer,mid,New York,US,hybrid,,,midmarket,dbt|airflow|git|snowflake|sql|python
J73188,2024-10-05,Junior Data Scientist,junior,Bengaluru,IN,hybrid,29500,39500,enterprise,python|statistics|pytorch
J73304,2024-10-05,Staff Machine Learning Engineer,staff,London,GB,remote,,,enterprise,aws|python|mlflow|pytorch|kubernetes|sql
J70695,2024-10-06,Lead Data Scientist,lead,Chicago,US,remote,199500,265500,scaleup,pandas|sql|python|experimentation
J70638,2024-10-07,Data Analyst,mid,Toronto,CA,hybrid,57000,75500,scaleup,excel|statistics|looker
J70986,2024-10-07,Data Scientist,mid,London,GB,hybrid,96000,128500,scaleup,sql|python|pytorch|statistics|pandas|experimentation
J71072,2024-10-07,Junior Analytics Engineer,junior,Austin,US,onsite,76000,101500,scaleup,snowflake|git|python|dbt|airflow|sql
J71642,2024-10-07,Machine Learning Engineer,mid,Bengaluru,IN,onsite,46000,61000,startup,mlflow|kubernetes|sql|pytorch|python|aws
J73156,2024-10-07,Junior Machine Learning Engineer,junior,Austin,US,hybrid,94000,125000,midmarket,pytorch|python|aws|mlflow|kubernetes
J70063,2024-10-08,Junior Data Engineer,junior,Chicago,US,hybrid,72500,96500,startup,spark|aws|sql
J71430,2024-10-08,Data Scientist,mid,São Paulo,BR,remote,49000,65000,midmarket,statistics|pytorch|pandas
J71902,2024-10-08,Senior BI Developer,senior,Austin,US,hybrid,103500,138000,startup,power bi|sql|dax
J73086,2024-10-08,Analytics Engineer,mid,Austin,US,hybrid,96500,129000,midmarket,git|sql|snowflake|python|dbt|airflow
J71497,2024-10-09,Senior Analytics Engineer,senior,New York,US,hybrid,137500,183500,scaleup,dbt|git|sql|airflow|python
J71916,2024-10-09,Data Platform Engineer,mid,Austin,US,remote,118500,158000,scaleup,kubernetes|spark|terraform|observability
J70914,2024-10-10,Junior Data Platform Engineer,junior,Bengaluru,IN,hybrid,28000,37000,enterprise,terraform|aws|observability|spark|python|kubernetes
J72026,2024-10-10,Senior Data Analyst,senior,Austin,US,onsite,92500,123500,startup,looker|sql|python|statistics
J72836,2024-10-10,Junior Data Analyst,junior,London,GB,hybrid,41500,55500,scaleup,python|excel|statistics
J72960,2024-10-11,Lead BI Developer,lead,London,GB,hybrid,104500,139000,scaleup,excel|dax|modelling
J71047,2024-10-12,Analytics Engineer,mid,São Paulo,BR,hybrid,39000,52000,scaleup,git|dbt|snowflake
J71131,2024-10-12,Machine Learning Engineer,mid,São Paulo,BR,hybrid,,,startup,python|pytorch|kubernetes|mlflow
J71531,2024-10-12,Junior Analytics Engineer,junior,San Francisco,US,onsite,86000,115000,scaleup,git|dbt|snowflake|sql
J71863,2024-10-12,Junior Analytics Engineer,junior,Toronto,CA,onsite,57000,76000,startup,dbt|git|sql|snowflake|python
J72013,2024-10-12,Senior Data Analyst,senior,São Paulo,BR,onsite,35500,47500,enterprise,tableau|sql|python
J72912,2024-10-12,Data Scientist,mid,Chicago,US,hybrid,115000,153000,scaleup,pandas|python|pytorch
J70886,2024-10-13,Junior Machine Learning Engineer,junior,Toronto,CA,hybrid,,,enterprise,aws|kubernetes|sql
J71893,2024-10-13,Data Analyst,mid,Chicago,US,hybrid,69000,92500,enterprise,statistics|looker|tableau|sql|python|excel
J73346,2024-10-13,Staff Data Analyst,staff,Chicago,US,onsite,118000,157500,midmarket,looker|excel|sql
J71196,2024-10-14,Junior Data Scientist,junior,San Francisco,US,remote,110500,147500,enterprise,pandas|python|sql|statistics|pytorch|experimentation
J71309,2024-10-14,Lead Data Analyst,lead,San Francisco,US,remote,161500,215000,enterprise,statistics|sql|tableau|looker
J71338,2024-10-14,Senior Data Engineer,senior,London,GB,remote,124500,165500,scaleup,kafka|spark|airflow|python|aws|terraform
J73272,2024-10-14,Data Engineer,mid,London,GB,onsite,97500,129500,midmarket,sql|python|kafka
J71197,2024-10-15,Staff Data Scientist,staff,São Paulo,BR,remote,,,enterprise,pytorch|statistics|pandas
J70655,2024-10-16,Senior Data Analyst,senior,Austin,US,hybrid,96000,128000,midmarket,python|excel|statistics|sql|tableau
J70942,2024-10-17,Data Scientist,mid,Amsterdam,NL,hybrid,,,scaleup,python|pytorch|experimentation|pandas|sql
J71054,2024-10-17,Data Analyst,mid,São Paulo,BR,remote,29000,38500,enterprise,looker|sql|excel|statistics
J72741,2024-10-17,Staff Analytics Engineer,staff,San Francisco,US,hybrid,182000,242500,scaleup,dbt|sql|snowflake|python|airflow|git
J72879,2024-10-17,Data Analyst,mid,Bengaluru,IN,remote,,,scaleup,statistics|sql|python|tableau|excel
J73146,2024-10-17,Staff Data Scientist,staff,Berlin,DE,hybrid,140000,186500,scaleup,sql|python|pytorch|experimentation
J73282,2024-10-17,Senior Data Platform Engineer,senior,Bengaluru,IN,hybrid,,,enterprise,terraform|kubernetes|spark|python|aws|observability
J72911,2024-10-18,Lead Data Engineer,lead,Amsterdam,NL,onsite,138500,184500,midmarket,spark|terraform|airflow|kafka|sql|python
J73312,2024-10-18,Data Scientist,mid,Austin,US,hybrid,114500,152500,scaleup,python|pytorch|experimentation|pandas|statistics
J73358,2024-10-18,Lead Machine Learning Engineer,lead,San Francisco,US,remote,294500,393000,enterprise,python|kubernetes|sql|mlflow|pytorch
J71923,2024-10-19,Lead Data Engineer,lead,Austin,US,remote,192500,257000,enterprise,kafka|python|aws|airflow
J70223,2024-10-20,Junior Data Analyst,junior,Amsterdam,NL,hybrid,,,midmarket,looker|excel|sql
J70892,2024-10-20,Junior Analytics Engineer,junior,Chicago,US,hybrid,68000,90500,midmarket,dbt|git|airflow|snowflake|python
J71850,2024-10-20,Senior Data Engineer,senior,Toronto,CA,hybrid,106000,141000,midmarket,sql|airflow|terraform|python|spark|aws
J70002,2024-10-21,Data Engineer,mid,Berlin,DE,hybrid,83000,110500,startup,aws|kafka|sql
J71112,2024-10-21,Analytics Engineer,mid,Bengaluru,IN,hybrid,34000,45500,midmarket,snowflake|airflow|dbt|sql|git
J73369,2024-10-21,Lead Data Engineer,lead,New York,US,hybrid,231000,308000,scaleup,kafka|spark|terraform|airflow|aws|python
J70987,2024-10-22,Junior Data Analyst,junior,Berlin,DE,hybrid,43000,57000,midmarket,sql|tableau|excel|statistics
J70274,2024-10-23,Senior Analytics Engineer,senior,London,GB,hybrid,,,midmarket,snowflake|dbt|sql|git|python|airflow
J70554,2024-10-23,Senior Analytics Engineer,senior,New York,US,remote,160000,213000,midmarket,airflow|python|snowflake|sql
J70604,2024-10-23,Data Analyst,mid,San Francisco,US,onsite,98000,131000,enterprise,excel|tableau|statistics
J71020,2024-10-23,Data Analyst,mid,Toronto,CA,hybrid,59500,79500,startup,tableau|sql|excel|looker
J73078,2024-10-23,Data Scientist,mid,New York,US,hybrid,147000,196000,midmarket,pytorch|sql|statistics|python
J73402,2024-10-23,Senior Data Scientist,senior,New York,US,remote,177000,236500,scaleup,statistics|experimentation|pytorch|pandas
J73464,2024-10-23,Junior Data Analyst,junior,Berlin,DE,hybrid,,,midmarket,python|looker|tableau|statistics|excel
J70280,2024-10-24,Staff Machine Learning Engineer,staff,New York,US,remote,252500,337000,midmarket,mlflow|pytorch|sql|python|aws|kubernetes
J70318,2024-10-24,Senior Data Engineer,senior,Chicago,US,hybrid,144000,192000,midmarket,python|spark|aws|terraform
J70690,2024-10-24,Data Analyst,mid,São Paulo,BR,remote,,,startup,statistics|tableau|sql|looker|excel
J71716,2024-10-24,Junior Data Scientist,junior,Bengaluru,IN,hybrid,,,startup,experimentation|pandas|sql|python|pytorch
J71731,2024-10-24,Senior BI Developer,senior,San Francisco,US,remote,123000,164000,startup,dax|modelling|excel
J73294,2024-10-24,Data Engineer,mid,San Francisco,US,hybrid,136000,181000,enterprise,sql|python|aws|spark|kafka
J73474,2024-10-24,Analytics Engineer,mid,Chicago,US,hybrid,102500,137000,enterprise,git|snowflake|dbt|python
J72154,2024-10-25,Senior Data Engineer,senior,Chicago,US,hybrid,144500,192500,scaleup,terraform|python|airflow|aws
J70806,2024-10-26,Machine Learning Engineer,mid,Bengaluru,IN,hybrid,45000,60000,scaleup,aws|pytorch|sql|python|kubernetes|mlflow
J71466,2024-10-26,Senior Data Scientist,senior,New York,US,hybrid,178500,238000,startup,sql|experimentation|statistics|pandas|python
J71898,2024-10-26,Data Analyst,mid,Bengaluru,IN,hybrid,25500,34000,enterprise,statistics|looker|python
J70098,2024-10-27,Data Scientist,mid,Berlin,DE,hybrid,93500,125000,scaleup,pytorch|statistics|experimentation|python
J71577,2024-10-27,Staff BI Developer,staff,Bengaluru,IN,remote,,,startup,dax|sql|excel|power bi
J72049,2024-10-27,Senior Machine Learning Engineer,senior,Bengaluru,IN,remote,56500,75500,midmarket,sql|aws|python|mlflow
J72526,2024-10-27,Lead Data Analyst,lead,New York,US,onsite,146000,195000,enterprise,tableau|python|statistics|excel
J70327,2024-10-28,Data Platform Engineer,mid,London,GB,hybrid,108500,144500,startup,aws|spark|observability|python|kubernetes
J70383,2024-10-28,Machine Learning Engineer,mid,London,GB,remote,118000,157500,enterprise,kubernetes|aws|sql
J71105,2024-10-28,Staff Analytics Engineer,staff,San Francisco,US,remote,184000,245500,enterprise,airflow|snowflake|python|git|sql|dbt
J71306,2024-10-28,Data Engineer,mid,San Francisco,US,remote,145000,193500,scaleup,airflow|aws|sql|spark|python
J71957,2024-10-28,BI Developer,mid,Chicago,US,remote,77500,103500,startup,sql|dax|power bi|excel|modelling
J70195,2024-10-29,Senior Data Scientist,senior,New York,US,onsite,175500,234000,midmarket,sql|experimentation|statistics|pytorch|python|pandas
J70360,2024-10-29,Data Analyst,mid,Chicago,US,remote,68000,91000,enterprise,sql|python|statistics
J70368,2024-10-29,Senior Data Scientist,senior,London,GB,hybrid,128000,170500,scaleup,pandas|python|statistics|experimentation
J71459,2024-10-29,Data Scientist,mid,San Francisco,US,hybrid,143500,191500,midmarket,python|pytorch|pandas
J72266,2024-10-29,Junior Data Engineer,junior,Chicago,US,hybrid,74000,98500,startup,python|spark|terraform
J72289,2024-10-29,Junior Research Scientist,junior,Berlin,DE,hybrid,83000,110500,enterprise,research|statistics|pytorch|jax
J72527,2024-10-29,Junior Machine Learning Engineer,junior,London,GB,remote,,,midmarket,mlflow|pytorch|aws
J70045,2024-10-30,Senior Data Scientist,senior,New York,US,hybrid,177000,236000,enterprise,experimentation|sql|python
J70658,2024-10-30,Senior BI Developer,senior,São Paulo,BR,hybrid,38500,51500,enterprise,sql|dax|excel|modelling
J71379,2024-10-30,Junior Research Scientist,junior,New York,US,hybrid,,,enterprise,pytorch|jax|statistics
J71969,2024-10-30,Junior Data Engineer,junior,Austin,US,onsite,77000,102500,enterprise,python|spark|kafka|sql|terraform
J73400,2024-10-30,Junior Data Analyst,junior,San Francisco,US,remote,72500,96500,scaleup,excel|sql|statistics|looker
J71538,2024-10-31,Junior Data Analyst,junior,Chicago,US,hybrid,48000,64000,scaleup,sql|tableau|looker|python|statistics|excel
J71553,2024-10-31,Analytics Engineer,mid,London,GB,remote,84000,112500,enterprise,airflow|python|sql|snowflake
J71563,2024-10-31,Senior Analytics Engineer,senior,Chicago,US,remote,116500,155500,scaleup,sql|dbt|airflow|git|snowflake|python
J72704,2024-10-31,Senior Data Engineer,senior,Bengaluru,IN,onsite,43500,58500,startup,python|spark|terraform
J72713,2024-10-31,BI Developer,mid,London,GB,hybrid,68500,91500,enterprise,modelling|dax|power bi|sql|excel
J73210,2024-10-31,Junior Data Analyst,junior,New York,US,onsite,,,startup,looker|python|sql|tableau|excel
J71539,2024-11-01,Data Scientist,mid,London,GB,hybrid,88500,117500,enterprise,experimentation|pandas|statistics|sql|python
J71562,2024-11-01,Machine Learning Engineer,mid,Bengaluru,IN,remote,42500,56500,scaleup,aws|pytorch|sql|mlflow|python
J71675,2024-11-01,Senior Data Analyst,senior,São Paulo,BR,hybrid,37500,50000,enterprise,sql|looker|excel|python
J72286,2024-11-01,Data Scientist,mid,San Francisco,US,hybrid,143000,190500,midmarket,pytorch|experimentation|sql|statistics|pandas|python
J72426,2024-11-01,Junior BI Developer,junior,Bengaluru,IN,hybrid,,,enterprise,power bi|modelling|excel|sql|dax
J70271,2024-11-02,Senior Data Scientist,senior,San Francisco,US,remote,194500,259000,startup,pandas|python|pytorch|experimentation|statistics
J72957,2024-11-02,Data Engineer,mid,Berlin,DE,hybrid,,,enterprise,sql|aws|python|spark|terraform|airflow
J73171,2024-11-02,Data Scientist,mid,New York,US,onsite,144000,192000,scaleup,pytorch|experimentation|python|sql|pandas
J72335,2024-11-03,Data Analyst,mid,San Francisco,US,hybrid,97500,130000,midmarket,python|statistics|tableau|looker|excel
J72610,2024-11-03,Senior BI Developer,senior,London,GB,hybrid,87000,116000,midmarket,sql|excel|modelling|power bi|dax
J70385,2024-11-04,Staff Data Engineer,staff,San Francisco,US,remote,236500,315500,scaleup,sql|python|spark|aws|terraform
J71029,2024-11-04,Lead Data Engineer,lead,Berlin,DE,remote,145500,193500,scaleup,airflow|kafka|terraform
J71055,2024-11-04,Junior Data Analyst,junior,Amsterdam,NL,onsite,46000,61000,enterprise,excel|statistics|sql|python|looker
J71906,2024-11-04,Senior Machine Learning Engineer,senior,Bengaluru,IN,hybrid,,,startup,sql|pytorch|mlflow|kubernetes|python|aws
J73438,2024-11-04,Machine Learning Engineer,mid,New York,US,remote,166500,222000,scaleup,pytorch|kubernetes|mlflow|aws
J70125,2024-11-05,Data Engineer,mid,Toronto,CA,hybrid,82500,110000,scaleup,airflow|terraform|kafka
J72092,2024-11-05,Junior Research Scientist,junior,London,GB,hybrid,,,midmarket,python|jax|pytorch
J72806,2024-11-05,Senior Machine Learning Engineer,senior,San Francisco,US,hybrid,213000,284000,midmarket,mlflow|aws|pytorch|python|sql|kubernetes
J70547,2024-11-06,Junior Data Engineer,junior,Berlin,DE,onsite,59500,79500,enterprise,python|terraform|airflow|sql|kafka
J70656,2024-11-06,Senior Data Scientist,senior,San Francisco,US,remote,185000,246500,scaleup,python|pytorch|statistics|sql
J70328,2024-11-07,Senior BI Developer,senior,Bengaluru,IN,remote,36000,48000,startup,excel|sql|dax|power bi|modelling
J70560,2024-11-07,Junior Data Analyst,junior,Toronto,CA,remote,,,midmarket,excel|python|tableau|statistics|looker
J71314,2024-11-07,Data Engineer,mid,Chicago,US,onsite,106000,141000,startup,airflow|aws|terraform|sql|spark
J72915,2024-11-07,Lead Data Platform Engineer,lead,Chicago,US,hybrid,198000,264000,midmarket,aws|kubernetes|terraform|spark|observability|python
J72044,2024-11-08,Lead Data Engineer,lead,São Paulo,BR,hybrid,,,enterprise,python|aws|spark
J71225,2024-11-09,Junior Data Engineer,junior,Toronto,CA,remote,,,midmarket,sql|spark|terraform
J71513,2024-11-09,Senior Data Analyst,senior,Bengaluru,IN,hybrid,32000,43000,scaleup,looker|statistics|python|tableau
J71914,2024-11-09,Data Scientist,mid,Toronto,CA,onsite,,,enterprise,sql|python|pytorch|statistics|pandas
J72703,2024-11-09,Data Engineer,mid,Austin,US,remote,104500,139000,midmarket,python|spark|airflow|terraform|aws
J71765,2024-11-10,Senior Data Scientist,senior,London,GB,onsite,126500,169000,scaleup,pytorch|statistics|python|experimentation|sql|pandas
J71660,2024-11-11,Junior BI Developer,junior,Bengaluru,IN,hybrid,,,enterprise,excel|dax|power bi|sql|modelling
J71907,2024-11-11,Junior Data Analyst,junior,Berlin,DE,hybrid,43500,58000,enterprise,statistics|sql|tableau|looker
J72320,2024-11-11,Staff Data Analyst,staff,New York,US,hybrid,139000,185000,midmarket,python|looker|sql
J72377,2024-11-11,Lead Data Platform Engineer,lead,London,GB,hybrid,154500,206500,enterprise,terraform|observability|aws|kubernetes|python|spark
J72420,2024-11-11,Analytics Engineer,mid,Berlin,DE,hybrid,71500,95500,enterprise,python|sql|snowflake|airflow|dbt|git
J70168,2024-11-12,Lead BI Developer,lead,São Paulo,BR,remote,,,midmarket,power bi|sql|dax|excel
J70692,2024-11-12,Senior BI Developer,senior,Berlin,DE,remote,78500,105000,midmarket,dax|excel|sql|modelling|power bi
J71555,2024-11-12,Data Scientist,mid,San Francisco,US,hybrid,,,midmarket,statistics|experimentation|python|sql|pandas
J72719,2024-11-12,Analytics Engineer,mid,São Paulo,BR,hybrid,,,midmarket,snowflake|sql|python|git|dbt
J70158,2024-11-13,Senior Machine Learning Engineer,senior,Austin,US,onsite,171000,227500,scaleup,python|sql|pytorch
J70722,2024-11-13,Senior BI Developer,senior,São Paulo,BR,onsite,39000,52000,scaleup,power bi|sql|modelling|excel|dax
J72018,2024-11-13,Senior Analytics Engineer,senior,Austin,US,remote,125000,167000,midmarket,dbt|git|snowflake|airflow
J72311,2024-11-13,Data Engineer,mid,Amsterdam,NL,hybrid,83000,110500,startup,spark|kafka|sql|python|terraform
J72461,2024-11-13,Machine Learning Engineer,mid,San Francisco,US,hybrid,165500,220500,enterprise,mlflow|kubernetes|python|aws|sql|pytorch
J72783,2024-11-13,Data Engineer,mid,New York,US,onsite,134000,178500,startup,terraform|airflow|python|kafka|aws|sql
J70014,2024-11-14,Senior Data Analyst,senior,San Francisco,US,hybrid,109500,146000,enterprise,python|statistics|looker|tableau|excel|sql
J70052,2024-11-14,Data Analyst,mid,New York,US,hybrid,93000,124500,startup,looker|python|tableau|statistics
J71285,2024-11-14,Senior Data Analyst,senior,San Francisco,US,hybrid,123500,165000,enterprise,sql|excel|looker|statistics|python|tableau
J73329,2024-11-14,Data Analyst,mid,Amsterdam,NL,onsite,,,startup,python|tableau|sql
J73433,2024-11-14,Senior Analytics Engineer,senior,Austin,US,onsite,121500,162000,enterprise,sql|python|git|dbt
J70321,2024-11-15,Data Scientist,mid,San Francisco,US,hybrid,135500,181000,midmarket,experimentation|statistics|sql|python|pytorch
J71299,2024-11-15,Data Analyst,mid,London,GB,hybrid,63000,84000,enterprise,python|excel|looker|statistics|sql|tableau
J70135,2024-11-16,Data Analyst,mid,São Paulo,BR,hybrid,27500,36500,startup,tableau|sql|looker|statistics|python
J70758,2024-11-16,Lead Data Scientist,lead,Toronto,CA,onsite,,,enterprise,sql|statistics|python
J72241,2024-11-16,Lead BI Developer,lead,Bengaluru,IN,remote,45500,61000,startup,dax|power bi|sql|excel
J72612,2024-11-16,Senior Data Analyst,senior,Amsterdam,NL,remote,,,midmarket,sql|tableau|statistics|looker|python|excel
J72649,2024-11-16,Senior Analytics Engineer,senior,San Francisco,US,hybrid,152000,202500,scaleup,airflow|dbt|git
J71156,2024-11-17,Senior Data Engineer,senior,Amsterdam,NL,remote,123500,164500,enterprise,python|sql|terraform|spark|aws|airflow
J71600,2024-11-17,Data Engineer,mid,New York,US,onsite,128500,171000,midmarket,sql|aws|spark|kafka
J72577,2024-11-17,Senior Data Analyst,senior,Bengaluru,IN,remote,32000,42500,enterprise,excel|looker|sql|tableau|python|statistics
J72790,2024-11-17,Senior Data Engineer,senior,Austin,US,hybrid,,,startup,spark|airflow|kafka|python
J73015,2024-11-17,Data Analyst,mid,Berlin,DE,remote,,,scaleup,statistics|python|sql|tableau|excel
J70568,2024-11-18,Data Platform Engineer,mid,São Paulo,BR,onsite,51000,68000,startup,aws|python|kubernetes|observability|spark|terraform
J71046,2024-11-18,Senior BI Developer,senior,New York,US,hybrid,120000,159500,enterprise,sql|excel|modelling|power bi|dax
J71069,2024-11-18,Data Platform Engineer,mid,Bengaluru,IN,remote,39000,52000,scaleup,spark|aws|kubernetes
J72185,2024-11-18,Data Engineer,mid,Amsterdam,NL,onsite,95000,126500,scaleup,aws|spark|kafka|python|sql|airflow
J72476,2024-11-18,Staff Data Analyst,staff,New York,US,hybrid,130000,173500,midmarket,tableau|looker|python|excel|sql|statistics
J72724,2024-11-18,Senior Analytics Engineer,senior,Toronto,CA,remote,,,scaleup,airflow|snowflake|sql|dbt|python|git
J71360,2024-11-19,Senior Research Scientist,senior,London,GB,remote,145000,193000,midmarket,research|jax|pytorch|python|statistics
J71978,2024-11-19,Data Analyst,mid,Amsterdam,NL,onsite,60500,80500,enterprise,tableau|statistics|python|excel
J72309,2024-11-19,Data Analyst,mid,Berlin,DE,hybrid,58000,77500,startup,sql|statistics|python|tableau|excel|looker
J72954,2024-11-19,Senior Data Analyst,senior,London,GB,remote,77500,103500,startup,sql|looker|statistics
J73227,2024-11-19,Senior Data Engineer,senior,New York,US,remote,184000,245500,enterprise,terraform|python|airflow
J70573,2024-11-20,Staff Data Scientist,staff,New York,US,hybrid,195000,260000,enterprise,python|experimentation|statistics|pandas|pytorch|sql
J72122,2024-11-20,Staff Data Engineer,staff,London,GB,hybrid,150500,201000,startup,aws|terraform|spark|kafka|sql|airflow
J72987,2024-11-20,Senior Analytics Engineer,senior,São Paulo,BR,onsite,46000,61500,startup,airflow|dbt|git|snowflake|python|sql
J70349,2024-11-21,Senior Research Scientist,senior,Toronto,CA,hybrid,129000,172000,enterprise,pytorch|research|jax|python|statistics
J70647,2024-11-21,Junior Data Analyst,junior,London,GB,remote,48000,64000,startup,looker|statistics|tableau|excel
J72106,2024-11-21,Staff Data Platform Engineer,staff,Austin,US,onsite,188000,250500,midmarket,observability|spark|terraform|aws|kubernetes|python
J72659,2024-11-21,Junior Data Engineer,junior,New York,US,remote,102000,136000,scaleup,python|airflow|sql|aws|kafka
J71117,2024-11-22,Junior Data Engineer,junior,Austin,US,onsite,80000,107000,enterprise,kafka|sql|terraform
J71550,2024-11-22,Senior Data Platform Engineer,senior,Berlin,DE,remote,123000,164000,enterprise,spark|python|aws|terraform
J71592,2024-11-22,Data Engineer,mid,São Paulo,BR,remote,42500,56500,startup,sql|kafka|aws|spark
J72034,2024-11-22,BI Developer,mid,Austin,US,hybrid,,,midmarket,modelling|excel|sql
J71076,2024-11-23,Data Scientist,mid,Bengaluru,IN,onsite,,,scaleup,pandas|pytorch|statistics|python|experimentation
J72359,2024-11-23,Staff Analytics Engineer,staff,New York,US,hybrid,192000,256000,scaleup,git|dbt|airflow
J72680,2024-11-23,Data Analyst,mid,Bengaluru,IN,remote,26500,35500,scaleup,tableau|statistics|looker
J70010,2024-11-24,Senior Machine Learning Engineer,senior,San Francisco,US,hybrid,214500,286000,startup,kubernetes|mlflow|python
J72628,2024-11-24,Junior Data Analyst,junior,San Francisco,US,hybrid,74500,99500,enterprise,python|tableau|looker|excel|sql
J71058,2024-11-25,Analytics Engineer,mid,San Francisco,US,remote,133000,177500,scaleup,snowflake|dbt|git|sql|python|airflow
J71271,2024-11-25,Analytics Engineer,mid,Bengaluru,IN,onsite,30500,40500,scaleup,git|airflow|sql|dbt
J72191,2024-11-25,Senior Machine Learning Engineer,senior,São Paulo,BR,remote,68500,91500,midmarket,kubernetes|pytorch|mlflow
J73129,2024-11-25,Data Analyst,mid,Berlin,DE,remote,59000,79000,scaleup,sql|tableau|statistics|python|looker|excel
J70974,2024-11-26,Data Platform Engineer,mid,Bengaluru,IN,remote,42500,57000,startup,terraform|python|observability
J71432,2024-11-26,Junior Data Engineer,junior,San Francisco,US,hybrid,,,startup,airflow|kafka|aws|python|sql|terraform
J72446,2024-11-26,Data Scientist,mid,San Francisco,US,onsite,137000,182500,midmarket,sql|pandas|statistics|experimentation|python
J73200,2024-11-26,Machine Learning Engineer,mid,Berlin,DE,hybrid,102500,137000,enterprise,mlflow|python|kubernetes|pytorch|sql|aws
J72523,2024-11-27,Senior Data Analyst,senior,New York,US,hybrid,111500,149000,enterprise,statistics|sql|excel|tableau
J70234,2024-11-28,Staff Data Analyst,staff,New York,US,onsite,142500,190000,enterprise,excel|looker|tableau
J70447,2024-11-28,Senior Machine Learning Engineer,senior,New York,US,remote,188500,251500,scaleup,python|kubernetes|sql|pytorch
J71456,2024-11-28,Staff Data Analyst,staff,New York,US,onsite,128000,170500,enterprise,looker|excel|sql|statistics
J72762,2024-11-28,Data Analyst,mid,San Francisco,US,hybrid,87000,116000,midmarket,looker|sql|excel|python|tableau|statistics
J72961,2024-11-28,Senior Machine Learning Engineer,senior,London,GB,remote,133500,178000,enterprise,aws|pytorch|sql|mlflow|python|kubernetes
J71878,2024-11-29,Data Analyst,mid,Bengaluru,IN,remote,26500,35000,enterprise,excel|tableau|python|looker|sql
J73281,2024-11-29,Data Scientist,mid,Bengaluru,IN,hybrid,38000,50500,enterprise,python|pandas|pytorch|experimentation|statistics
J70894,2024-11-30,Lead Data Engineer,lead,San Francisco,US,onsite,215000,287000,startup,spark|aws|airflow|python|kafka|terraform
J72219,2024-11-30,Analytics Engineer,mid,Austin,US,remote,97000,129000,enterprise,snowflake|sql|airflow
J73370,2024-11-30,Lead Analytics Engineer,lead,San Francisco,US,hybrid,217500,290000,scaleup,git|airflow|python|dbt
J70403,2024-12-01,Junior Data Engineer,junior,Toronto,CA,onsite,63500,84500,enterprise,terraform|airflow|spark|aws
J71795,2024-12-01,Lead Data Platform Engineer,lead,Berlin,DE,hybrid,154000,205500,scaleup,python|observability|spark
J71871,2024-12-01,Junior Data Engineer,junior,Toronto,CA,remote,61500,82000,midmarket,spark|python|aws|airflow
J71927,2024-12-01,Senior Data Analyst,senior,Amsterdam,NL,onsite,74500,99500,scaleup,excel|looker|statistics
J73355,2024-12-01,Junior Data Engineer,junior,Berlin,DE,onsite,,,startup,aws|sql|spark|kafka|terraform|python
J70912,2024-12-02,Machine Learning Engineer,mid,New York,US,remote,,,enterprise,mlflow|sql|pytorch
J71311,2024-12-02,Data Analyst,mid,Berlin,DE,hybrid,,,enterprise,python|looker|excel|tableau
J71624,2024-12-02,Data Analyst,mid,Toronto,CA,remote,,,startup,statistics|python|tableau|looker
J71629,2024-12-02,Junior Data Engineer,junior,Chicago,US,hybrid,,,midmarket,terraform|python|spark
J70042,2024-12-03,Senior Data Platform Engineer,senior,London,GB,hybrid,,,enterprise,observability|aws|kubernetes
J71223,2024-12-03,Junior Data Engineer,junior,San Francisco,US,remote,102500,137000,startup,airflow|terraform|aws|kafka|sql|spark
J72693,2024-12-03,Junior BI Developer,junior,San Francisco,US,onsite,74000,98500,scaleup,power bi|dax|modelling
J72701,2024-12-03,Data Engineer,mid,Amsterdam,NL,remote,90000,119500,midmarket,aws|sql|airflow|terraform
J72802,2024-12-03,Lead Machine Learning Engineer,lead,San Francisco,US,remote,272500,363500,scaleup,pytorch|kubernetes|mlflow|sql|aws
J72907,2024-12-03,Senior BI Developer,senior,Toronto,CA,hybrid,78000,104000,enterprise,modelling|sql|dax|excel|power bi
J72932,2024-12-03,Junior Research Scientist,junior,Austin,US,hybrid,108500,145000,midmarket,python|jax|pytorch|research
J73354,2024-12-03,Junior Analytics Engineer,junior,London,GB,onsite,,,scaleup,git|airflow|snowflake|python|dbt
J71670,2024-12-04,Lead Data Scientist,lead,Toronto,CA,hybrid,,,startup,sql|experimentation|python|pytorch
J71691,2024-12-04,Data Scientist,mid,London,GB,hybrid,94000,125000,midmarket,experimentation|pytorch|pandas
J70511,2024-12-05,Senior Analytics Engineer,senior,Amsterdam,NL,hybrid,95500,127000,midmarket,git|sql|python|snowflake
J72559,2024-12-05,Senior Data Engineer,senior,Chicago,US,hybrid,,,startup,sql|python|aws|kafka
J73221,2024-12-05,Staff Data Engineer,staff,London,GB,remote,,,midmarket,aws|kafka|python|sql
J73242,2024-12-05,Senior Data Scientist,senior,Chicago,US,remote,,,scaleup,pytorch|python|pandas|experimentation|statistics|sql
J70508,2024-12-06,Staff Data Analyst,staff,Berlin,DE,onsite,89000,118500,midmarket,statistics|excel|sql|python|looker|tableau
J71696,2024-12-06,Junior Machine Learning Engineer,junior,New York,US,hybrid,122000,163000,midmarket,python|pytorch|mlflow|kubernetes|sql|aws
J72187,2024-12-06,Machine Learning Engineer,mid,Amsterdam,NL,hybrid,98500,131000,enterprise,sql|pytorch|python
J70922,2024-12-07,Junior Machine Learning Engineer,junior,Amsterdam,NL,remote,,,midmarket,aws|kubernetes|sql|python|pytorch|mlflow
J71819,2024-12-07,BI Developer,mid,Toronto,CA,onsite,,,scaleup,power bi|modelling|sql|dax
J72780,2024-12-07,Data Analyst,mid,Berlin,DE,hybrid,55000,73500,enterprise,statistics|looker|excel|sql
J73157,2024-12-07,Machine Learning Engineer,mid,San Francisco,US,hybrid,163500,218000,scaleup,pytorch|sql|mlflow|python
J70682,2024-12-08,Research Scientist,mid,Amsterdam,NL,hybrid,,,scaleup,pytorch|statistics|jax|python
J71070,2024-12-08,Junior Data Analyst,junior,São Paulo,BR,hybrid,23000,31000,scaleup,tableau|looker|sql|statistics|python
J72650,2024-12-08,Junior Data Engineer,junior,Berlin,DE,onsite,,,startup,kafka|sql|terraform|airflow|spark
J72968,2024-12-08,Senior Analytics Engineer,senior,Bengaluru,IN,remote,45000,60000,scaleup,sql|airflow|git
J73276,2024-12-08,Machine Learning Engineer,mid,Toronto,CA,hybrid,98000,131000,midmarket,aws|kubernetes|pytorch|mlflow|sql
J72184,2024-12-09,Data Analyst,mid,Chicago,US,remote,70000,93500,midmarket,looker|tableau|excel
J72372,2024-12-09,Junior Data Scientist,junior,Chicago,US,remote,88500,118000,enterprise,pytorch|sql|python|pandas|experimentation
J72394,2024-12-09,Senior Data Analyst,senior,New York,US,remote,123000,164000,enterprise,sql|excel|python
J72866,2024-12-09,Staff Data Analyst,staff,San Francisco,US,hybrid,139000,185500,midmarket,statistics|looker|tableau
J71022,2024-12-10,Data Engineer,mid,London,GB,hybrid,84000,112000,startup,spark|kafka|aws|terraform|airflow
J70393,2024-12-11,Senior Analytics Engineer,senior,Amsterdam,NL,remote,,,scaleup,airflow|dbt|git|python
J70553,2024-12-11,Analytics Engineer,mid,New York,US,remote,113500,151500,midmarket,python|sql|airflow|git|dbt|snowflake
J72885,2024-12-11,Data Analyst,mid,Austin,US,hybrid,,,scaleup,looker|tableau|statistics|sql
J73213,2024-12-11,Senior Data Engineer,senior,London,GB,remote,114500,152500,scaleup,sql|aws|terraform|airflow|spark
J70469,2024-12-12,Junior Data Analyst,junior,San Francisco,US,remote,69000,92000,scaleup,sql|looker|tableau
J72732,2024-12-12,Senior Data Analyst,senior,São Paulo,BR,onsite,,,scaleup,python|tableau|looker|excel
J72933,2024-12-12,Data Analyst,mid,Toronto,CA,onsite,56500,75500,scaleup,python|statistics|sql|excel
J71111,2024-12-13,Senior Data Engineer,senior,New York,US,hybrid,167500,223000,startup,spark|terraform|sql
J72087,2024-12-13,Data Analyst,mid,Bengaluru,IN,hybrid,23500,31500,scaleup,excel|statistics|tableau
J73076,2024-12-13,Data Platform Engineer,mid,London,GB,hybrid,106500,142000,enterprise,python|spark|aws|kubernetes|terraform
J70631,2024-12-14,Analytics Engineer,mid,Bengaluru,IN,hybrid,,,scaleup,airflow|snowflake|dbt|git|sql|python
J70672,2024-12-14,Lead Machine Learning Engineer,lead,San Francisco,US,hybrid,255000,340500,startup,pytorch|sql|python
J70910,2024-12-14,Junior Data Engineer,junior,Chicago,US,onsite,,,startup,aws|airflow|terraform|spark|python|sql
J72737,2024-12-14,Senior Data Engineer,senior,New York,US,hybrid,167500,223500,scaleup,kafka|spark|airflow|python
J73249,2024-12-14,Staff Data Analyst,staff,Bengaluru,IN,onsite,39500,52500,enterprise,sql|excel|looker|tableau
J70939,2024-12-15,Analytics Engineer,mid,São Paulo,BR,onsite,,,scaleup,git|sql|airflow|dbt|snowflake|python
J71410,2024-12-15,Junior BI Developer,junior,São Paulo,BR,onsite,,,enterprise,sql|power bi|modelling
J71588,2024-12-15,Data Engineer,mid,Chicago,US,onsite,103000,137000,scaleup,airflow|terraform|python|spark|sql
J71721,2024-12-15,Junior Data Scientist,junior,San Francisco,US,remote,108000,144000,startup,sql|pandas|pytorch
J72496,2024-12-15,Junior Data Scientist,junior,Bengaluru,IN,hybrid,,,midmarket,pandas|pytorch|experimentation|sql|statistics
J70387,2024-12-16,BI Developer,mid,New York,US,hybrid,91000,121500,scaleup,modelling|power bi|dax
J71119,2024-12-16,Machine Learning Engineer,mid,Amsterdam,NL,onsite,,,startup,kubernetes|sql|aws|pytorch
J71475,2024-12-16,Data Scientist,mid,Berlin,DE,hybrid,89000,119000,scaleup,pytorch|python|experimentation
J71693,2024-12-16,Senior Analytics Engineer,senior,Bengaluru,IN,hybrid,42500,57000,startup,dbt|git|sql
J72380,2024-12-16,Senior BI Developer,senior,San Francisco,US,remote,126500,168500,enterprise,sql|excel|power bi|modelling
J73072,2024-12-16,Junior Data Engineer,junior,London,GB,onsite,69000,92000,midmarket,terraform|aws|airflow|kafka|sql
J70955,2024-12-17,Junior Data Analyst,junior,San Francisco,US,onsite,,,startup,statistics|tableau|python|looker|sql
J71023,2024-12-17,Analytics Engineer,mid,Toronto,CA,remote,80000,107000,scaleup,dbt|git|airflow
J71115,2024-12-17,Senior Machine Learning Engineer,senior,San Francisco,US,remote,232000,309500,midmarket,pytorch|kubernetes|python|sql|mlflow|aws
J73378,2024-12-17,Lead Data Scientist,lead,London,GB,hybrid,161000,214500,scaleup,pytorch|sql|python|statistics|experimentation
J71032,2024-12-18,Senior Machine Learning Engineer,senior,Bengaluru,IN,remote,56000,74500,scaleup,sql|kubernetes|aws|pytorch|mlflow
J71399,2024-12-18,Senior Data Analyst,senior,Berlin,DE,hybrid,66500,89000,midmarket,looker|statistics|excel|sql|python|tableau
J72644,2024-12-18,Junior Data Analyst,junior,Berlin,DE,remote,43000,57000,startup,tableau|statistics|excel|looker
J70453,2024-12-19,Senior Data Analyst,senior,Berlin,DE,hybrid,71500,95500,startup,tableau|excel|statistics|python|sql
J70623,2024-12-19,Senior Data Analyst,senior,Toronto,CA,remote,,,midmarket,excel|python|sql|statistics
J71983,2024-12-19,Junior Machine Learning Engineer,junior,Bengaluru,IN,onsite,,,scaleup,python|mlflow|kubernetes
J72248,2024-12-19,Senior Data Analyst,senior,Austin,US,onsite,89500,119500,startup,statistics|python|looker
J72481,2024-12-19,Senior Data Platform Engineer,senior,São Paulo,BR,onsite,64500,86000,midmarket,observability|terraform|spark|aws|python
J72530,2024-12-19,Senior Data Scientist,senior,Toronto,CA,hybrid,,,midmarket,statistics|python|experimentation|sql|pandas|pytorch
J70139,2024-12-20,Junior Data Analyst,junior,New York,US,hybrid,65500,87500,enterprise,sql|excel|statistics
J72855,2024-12-20,Junior Data Engineer,junior,Bengaluru,IN,remote,,,scaleup,aws|python|kafka|terraform
J70669,2024-12-21,Staff Data Engineer,staff,Bengaluru,IN,onsite,56500,75000,midmarket,spark|sql|kafka|airflow|terraform
J70112,2024-12-22,Data Engineer,mid,San Francisco,US,remote,144500,193000,midmarket,sql|python|spark|airflow|aws|kafka
J71244,2024-12-22,Junior Data Analyst,junior,Bengaluru,IN,hybrid,19000,25000,scaleup,excel|python|looker
J71981,2024-12-22,Staff Machine Learning Engineer,staff,New York,US,hybrid,256500,342000,midmarket,pytorch|kubernetes|sql|mlflow
J72470,2024-12-22,Junior Data Scientist,junior,New York,US,hybrid,104500,139500,scaleup,statistics|pandas|pytorch
J73035,2024-12-22,Senior Analytics Engineer,senior,London,GB,remote,103500,138000,midmarket,python|sql|dbt|git|airflow
J73091,2024-12-22,BI Developer,mid,Chicago,US,remote,79500,106500,enterprise,modelling|dax|excel
J73016,2024-12-23,Senior Data Engineer,senior,London,GB,remote,124500,166500,startup,sql|spark|terraform
J70133,2024-12-24,Senior BI Developer,senior,San Francisco,US,onsite,133000,177500,scaleup,dax|modelling|sql|power bi|excel
J70456,2024-12-24,Junior BI Developer,junior,Bengaluru,IN,onsite,18500,24500,midmarket,modelling|sql|power bi|excel
J72081,2024-12-24,Senior Data Scientist,senior,London,GB,onsite,128000,171000,scaleup,sql|pandas|statistics
J72156,2024-12-24,Data Scientist,mid,New York,US,onsite,134500,179500,scaleup,sql|experimentation|python
J72217,2024-12-24,Junior Analytics Engineer,junior,Amsterdam,NL,onsite,62500,83500,scaleup,dbt|git|airflow|python|sql
J72505,2024-12-24,Junior Data Engineer,junior,Austin,US,hybrid,86500,115000,scaleup,aws|sql|kafka|python
J70648,2024-12-25,Senior Data Engineer,senior,Chicago,US,onsite,124500,166000,scaleup,airflow|terraform|spark|aws|python
J71312,2024-12-25,Data Platform Engineer,mid,New York,US,onsite,149000,199000,midmarket,python|observability|aws|terraform
J72428,2024-12-25,Junior BI Developer,junior,Toronto,CA,onsite,,,enterprise,excel|sql|dax
J72458,2024-12-25,BI Developer,mid,London,GB,onsite,,,midmarket,sql|modelling|power bi|excel|dax
J70178,2024-12-26,Senior Analytics Engineer,senior,San Francisco,US,remote,175500,234000,scaleup,python|dbt|git
J72751,2024-12-26,Staff Data Analyst,staff,Chicago,US,hybrid,113000,150500,midmarket,looker|python|sql|excel
J73244,2024-12-27,Data Analyst,mid,Austin,US,onsite,75500,100500,enterprise,excel|looker|sql|tableau
J71403,2024-12-28,Lead Analytics Engineer,lead,São Paulo,BR,hybrid,68500,91000,midmarket,sql|airflow|snowflake|dbt|git|python
J71687,2024-12-28,Staff BI Developer,staff,London,GB,onsite,,,enterprise,power bi|modelling|excel|dax|sql
J72624,2024-12-28,Junior Data Engineer,junior,Chicago,US,remote,,,midmarket,kafka|spark|terraform|airflow|sql
J71851,2024-12-29,Data Scientist,mid,London,GB,hybrid,98500,131500,midmarket,sql|experimentation|pytorch|python
J70768,2024-12-30,Senior Data Scientist,senior,Austin,US,onsite,140500,187500,midmarket,python|experimentation|pytorch|statistics|sql
J71886,2024-12-30,Analytics Engineer,mid,Amsterdam,NL,remote,,,enterprise,dbt|snowflake|sql
J72052,2024-12-30,Data Analyst,mid,Berlin,DE,onsite,,,scaleup,python|sql|looker
J70230,2024-12-31,Senior Data Engineer,senior,Toronto,CA,hybrid,108000,144000,enterprise,aws|python|kafka
J71337,2024-12-31,Senior Data Scientist,senior,London,GB,remote,128500,171500,scaleup,statistics|python|sql
J72385,2024-12-31,Data Scientist,mid,São Paulo,BR,hybrid,,,scaleup,experimentation|pytorch|pandas|python|sql
J73121,2024-12-31,Data Analyst,mid,Amsterdam,NL,remote,64500,86000,midmarket,python|tableau|looker|statistics|sql
J70111,2025-01-01,Staff Data Scientist,staff,London,GB,hybrid,158500,211500,scaleup,pytorch|python|pandas
J71451,2025-01-01,Lead Data Analyst,lead,São Paulo,BR,onsite,43500,58500,scaleup,excel|tableau|looker|python|sql|statistics
J72178,2025-01-01,Senior Data Scientist,senior,Toronto,CA,onsite,,,scaleup,sql|pytorch|experimentation|statistics
J72616,2025-01-01,Junior Data Engineer,junior,New York,US,hybrid,97500,130000,startup,terraform|sql|airflow|spark|aws|python
J72745,2025-01-01,Junior Data Engineer,junior,Berlin,DE,onsite,66000,88000,scaleup,terraform|aws|sql|airflow|kafka
J73308,2025-01-01,Junior Data Platform Engineer,junior,Berlin,DE,remote,,,midmarket,kubernetes|aws|spark|python
J70367,2025-01-03,Analytics Engineer,mid,San Francisco,US,hybrid,,,scaleup,airflow|sql|python|dbt|git
J72341,2025-01-03,Senior Data Engineer,senior,Bengaluru,IN,hybrid,48000,64000,enterprise,airflow|python|kafka|terraform
J72731,2025-01-03,Junior Data Analyst,junior,Berlin,DE,hybrid,37500,50000,midmarket,sql|statistics|looker
J70138,2025-01-04,Data Engineer,mid,Toronto,CA,onsite,81000,108000,startup,terraform|kafka|sql|spark
J70905,2025-01-04,Senior Data Scientist,senior,New York,US,hybrid,,,midmarket,python|statistics|experimentation
J71118,2025-01-04,Senior Data Scientist,senior,São Paulo,BR,hybrid,,,startup,pandas|python|sql|experimentation
J71352,2025-01-04,Research Scientist,mid,Bengaluru,IN,remote,43000,57000,midmarket,python|research|statistics
J73493,2025-01-04,Machine Learning Engineer,mid,New York,US,remote,160000,213000,midmarket,kubernetes|mlflow|python|sql|pytorch
J70486,2025-01-05,Junior Data Engineer,junior,London,GB,hybrid,,,midmarket,kafka|spark|airflow|python
J71406,2025-01-05,Analytics Engineer,mid,San Francisco,US,remote,128000,170500,enterprise,sql|dbt|git|airflow|snowflake|python
J72816,2025-01-05,Junior Machine Learning Engineer,junior,New York,US,onsite,107000,142500,scaleup,sql|aws|python|kubernetes
J70811,2025-01-06,Senior BI Developer,senior,Bengaluru,IN,remote,35000,46500,scaleup,modelling|dax|excel
J71039,2025-01-06,Junior Analytics Engineer,junior,New York,US,remote,87000,116000,startup,snowflake|dbt|python|airflow
J71139,2025-01-06,Senior Data Analyst,senior,São Paulo,BR,onsite,,,midmarket,excel|looker|statistics|python
J71142,2025-01-06,Senior Data Engineer,senior,Bengaluru,IN,hybrid,43000,57500,scaleup,aws|python|kafka|terraform|sql|spark
J73206,2025-01-06,Junior Data Analyst,junior,Chicago,US,hybrid,48500,64500,startup,tableau|sql|excel|looker|python|statistics
J70630,2025-01-07,Staff Data Scientist,staff,New York,US,remote,222500,296500,enterprise,pandas|python|sql|pytorch
J70786,2025-01-07,Data Engineer,mid,New York,US,remote,133500,177500,enterprise,sql|spark|python
J70978,2025-01-07,Senior Data Analyst,senior,Toronto,CA,remote,70000,93000,midmarket,sql|looker|excel|statistics
J72103,2025-01-07,Junior Data Analyst,junior,New York,US,onsite,69500,92500,midmarket,python|sql|excel|looker
J72239,2025-01-07,Data Analyst,mid,Bengaluru,IN,hybrid,22500,30500,midmarket,sql|tableau|python
J70134,2025-01-08,Senior Machine Learning Engineer,senior,London,GB,hybrid,133000,177500,enterprise,pytorch|mlflow|python|aws|kubernetes
J70784,2025-01-08,Junior Data Engineer,junior,San Francisco,US,onsite,,,midmarket,airflow|spark|aws|terraform|sql
J71253,2025-01-08,Lead Data Scientist,lead,Bengaluru,IN,remote,58500,78000,enterprise,experimentation|statistics|python|sql|pytorch
J70208,2025-01-09,Junior Machine Learning Engineer,junior,Bengaluru,IN,hybrid,30000,40000,midmarket,kubernetes|mlflow|aws|pytorch|python|sql
J70673,2025-01-09,Senior Data Analyst,senior,San Francisco,US,onsite,114000,152000,scaleup,excel|sql|python|tableau|statistics
J71867,2025-01-10,Senior Data Scientist,senior,Berlin,DE,hybrid,104500,139500,enterprise,pytorch|statistics|python|sql
J72120,2025-01-10,Data Engineer,mid,Austin,US,hybrid,106500,142500,midmarket,sql|airflow|python
J70090,2025-01-11,Senior Analytics Engineer,senior,São Paulo,BR,remote,48500,64500,scaleup,sql|git|snowflake
J71176,2025-01-12,Data Analyst,mid,Berlin,DE,remote,57000,76000,startup,sql|excel|python|statistics
J71496,2025-01-12,Data Engineer,mid,Austin,US,remote,105000,140000,startup,python|spark|airflow
J72347,2025-01-13,Senior Machine Learning Engineer,senior,San Francisco,US,onsite,220000,293000,scaleup,sql|mlflow|aws|kubernetes|python|pytorch
J70415,2025-01-14,Data Engineer,mid,Berlin,DE,remote,83000,110500,scaleup,aws|airflow|spark|sql
J70999,2025-01-14,Junior Research Scientist,junior,Chicago,US,onsite,92000,122500,scaleup,statistics|pytorch|python|research|jax
J71325,2025-01-14,Lead Data Analyst,lead,Bengaluru,IN,remote,,,enterprise,excel|python|sql|tableau|looker|statistics
J73219,2025-01-14,Senior Data Scientist,senior,San Francisco,US,hybrid,189500,253000,enterprise,experimentation|python|sql
J70774,2025-01-15,Analytics Engineer,mid,Austin,US,onsite,99000,132500,scaleup,dbt|airflow|sql|snowflake|python
J71817,2025-01-15,Data Analyst,mid,New York,US,hybrid,91500,121500,midmarket,python|statistics|excel|sql|looker|tableau
J71755,2025-01-16,Data Platform Engineer,mid,San Francisco,US,remote,152000,202500,midmarket,aws|terraform|python|observability
J70518,2025-01-17,Data Engineer,mid,Amsterdam,NL,hybrid,95000,126500,midmarket,aws|sql|kafka|python|terraform
J70600,2025-01-17,Data Scientist,mid,Bengaluru,IN,remote,36000,48000,scaleup,sql|pytorch|statistics|experimentation|pandas|python
J70901,2025-01-17,Lead Analytics Engineer,lead,San Francisco,US,remote,206000,274500,enterprise,snowflake|dbt|git|python|airflow
J71431,2025-01-17,Machine Learning Engineer,mid,Chicago,US,hybrid,124000,165000,midmarket,sql|aws|pytorch
J72231,2025-01-18,Lead Data Engineer,lead,Berlin,DE,hybrid,,,midmarket,python|terraform|spark
J70106,2025-01-19,Data Analyst,mid,Chicago,US,remote,74500,99500,scaleup,statistics|looker|python|sql
J71180,2025-01-19,Junior Data Scientist,junior,Bengaluru,IN,remote,27500,37000,midmarket,python|sql|experimentation|pytorch|pandas
J70558,2025-01-20,Junior Data Scientist,junior,London,GB,hybrid,76000,101500,enterprise,sql|statistics|pandas
J71395,2025-01-20,Junior Data Engineer,junior,Berlin,DE,onsite,56500,75500,scaleup,airflow|python|sql
J71527,2025-01-20,Junior Data Analyst,junior,San Francisco,US,hybrid,,,scaleup,sql|excel|python|statistics|tableau
J71601,2025-01-20,Data Scientist,mid,Austin,US,hybrid,122000,163000,midmarket,experimentation|python|pytorch|pandas
J71766,2025-01-20,Junior Data Engineer,junior,London,GB,hybrid,62500,83500,midmarket,sql|spark|kafka|python|aws
J71041,2025-01-21,Data Platform Engineer,mid,San Francisco,US,remote,148000,197500,startup,observability|aws|python|terraform
J71848,2025-01-21,Junior BI Developer,junior,San Francisco,US,hybrid,75500,101000,startup,power bi|dax|sql
J72489,2025-01-21,Senior Analytics Engineer,senior,Austin,US,hybrid,121000,161000,enterprise,dbt|snowflake|git|airflow
J72686,2025-01-21,Junior Data Analyst,junior,San Francisco,US,remote,69000,91500,enterprise,python|looker|sql
J71781,2025-01-22,Staff Data Engineer,staff,New York,US,hybrid,186500,248500,enterprise,sql|aws|spark|kafka
J71858,2025-01-22,Junior Analytics Engineer,junior,London,GB,hybrid,61500,82000,startup,git|snowflake|sql|airflow|python
J72940,2025-01-22,Junior Data Scientist,junior,Amsterdam,NL,hybrid,68500,91500,scaleup,experimentation|pytorch|statistics|pandas
J70428,2025-01-23,Junior Data Scientist,junior,New York,US,hybrid,106000,141500,enterprise,experimentation|sql|statistics|python|pandas
J70515,2025-01-23,Lead Data Scientist,lead,London,GB,hybrid,,,enterprise,pandas|python|statistics
J70601,2025-01-23,Lead Analytics Engineer,lead,Amsterdam,NL,hybrid,131000,174500,enterprise,dbt|airflow|python|sql|git
J71134,2025-01-23,Senior Data Scientist,senior,Chicago,US,remote,134500,179000,midmarket,statistics|sql|pandas|experimentation|python
J72216,2025-01-23,BI Developer,mid,Toronto,CA,remote,,,enterprise,power bi|sql|excel|dax|modelling
J73478,2025-01-23,Data Engineer,mid,Austin,US,hybrid,111500,148500,scaleup,sql|spark|terraform|airflow|aws|kafka
J70303,2025-01-24,Data Engineer,mid,Bengaluru,IN,remote,,,midmarket,sql|spark|kafka|terraform|python
J71008,2025-01-24,Junior Data Engineer,junior,São Paulo,BR,remote,33000,44000,midmarket,kafka|airflow|spark|sql
J70309,2025-01-26,Senior Data Scientist,senior,New York,US,hybrid,167000,222500,scaleup,pytorch|sql|python|statistics
J70936,2025-01-26,Senior Data Analyst,senior,Toronto,CA,hybrid,74500,99500,enterprise,tableau|python|statistics|sql|excel|looker
J71143,2025-01-26,Data Engineer,mid,Berlin,DE,hybrid,88000,117500,scaleup,aws|python|sql|terraform|airflow
J71535,2025-01-26,Junior Data Analyst,junior,Toronto,CA,hybrid,44500,59500,startup,python|sql|looker
J71944,2025-01-26,Lead Data Analyst,lead,New York,US,hybrid,132500,176500,midmarket,tableau|looker|sql|excel|statistics|python
J71947,2025-01-26,Lead Data Platform Engineer,lead,San Francisco,US,remote,242000,322500,startup,observability|spark|kubernetes|python|terraform|aws
J71966,2025-01-26,Data Engineer,mid,Bengaluru,IN,remote,39500,52500,scaleup,terraform|airflow|python
J72061,2025-01-26,Junior Data Analyst,junior,San Francisco,US,remote,66000,87500,startup,python|statistics|excel|sql|looker
J71100,2025-01-27,Data Analyst,mid,Bengaluru,IN,hybrid,24000,32000,midmarket,statistics|tableau|excel
J71347,2025-01-27,BI Developer,mid,San Francisco,US,onsite,109000,145000,startup,power bi|sql|dax
J72370,2025-01-27,Staff BI Developer,staff,New York,US,hybrid,137500,183500,scaleup,power bi|sql|dax|excel|modelling
J72869,2025-01-27,Senior Data Platform Engineer,senior,Bengaluru,IN,hybrid,50500,67500,midmarket,python|observability|kubernetes|terraform
J71376,2025-01-28,Junior Data Scientist,junior,Toronto,CA,hybrid,,,midmarket,pytorch|pandas|experimentation|sql|statistics|python
J72844,2025-01-28,Senior Data Engineer,senior,San Francisco,US,hybrid,178000,237500,enterprise,terraform|python|aws|sql|airflow
J70507,2025-01-29,Machine Learning Engineer,mid,Berlin,DE,onsite,95000,127000,scaleup,mlflow|sql|kubernetes
J70616,2025-01-29,Senior Data Engineer,senior,Bengaluru,IN,hybrid,46500,62000,scaleup,airflow|spark|terraform|sql|aws
J71096,2025-01-29,Senior Data Analyst,senior,San Francisco,US,remote,126500,168500,midmarket,sql|looker|tableau|python|statistics
J71502,2025-01-29,Junior Data Platform Engineer,junior,London,GB,onsite,80000,107000,scaleup,kubernetes|observability|terraform
J73243,2025-01-29,Senior Data Scientist,senior,San Francisco,US,onsite,190000,253500,midmarket,sql|experimentation|pandas
J70214,2025-01-30,BI Developer,mid,New York,US,hybrid,98500,131000,scaleup,modelling|excel|dax|power bi
J70282,2025-01-30,Machine Learning Engineer,mid,Berlin,DE,hybrid,,,enterprise,sql|pytorch|kubernetes|python|aws
J70438,2025-01-30,Machine Learning Engineer,mid,Amsterdam,NL,remote,117000,156000,startup,pytorch|sql|mlflow|aws
J70464,2025-01-30,Senior Data Analyst,senior,Toronto,CA,remote,74500,99500,enterprise,sql|looker|excel|tableau|python|statistics
J70495,2025-01-30,Senior BI Developer,senior,Toronto,CA,hybrid,77500,103500,scaleup,power bi|dax|sql
J70771,2025-01-30,Senior Data Analyst,senior,Toronto,CA,hybrid,,,enterprise,python|statistics|sql|excel|looker
J71317,2025-01-30,Senior Data Analyst,senior,Austin,US,onsite,89000,118500,midmarket,statistics|excel|python|tableau|looker|sql
J72643,2025-01-30,Data Analyst,mid,San Francisco,US,hybrid,88000,117000,scaleup,looker|statistics|python|excel|sql
J70038,2025-01-31,Junior Data Analyst,junior,London,GB,hybrid,46000,61500,enterprise,excel|python|sql|statistics
J70519,2025-01-31,Junior Data Analyst,junior,London,GB,remote,,,midmarket,tableau|sql|statistics|looker|excel|python
J70954,2025-01-31,Research Scientist,mid,London,GB,hybrid,117500,157000,startup,research|jax|python|statistics
J71155,2025-01-31,Senior Machine Learning Engineer,senior,Toronto,CA,remote,144500,192500,midmarket,kubernetes|python|mlflow|pytorch
J71442,2025-01-31,Lead Machine Learning Engineer,lead,San Francisco,US,onsite,294500,393000,enterprise,aws|mlflow|sql
J71769,2025-01-31,Junior Analytics Engineer,junior,Chicago,US,remote,71500,95000,scaleup,snowflake|python|git|sql|dbt|airflow
J72717,2025-02-01,Junior Analytics Engineer,junior,New York,US,remote,85500,114000,startup,sql|dbt|snowflake
J73420,2025-02-01,Staff Research Scientist,staff,London,GB,hybrid,191000,254500,enterprise,pytorch|research|jax
J70199,2025-02-02,Senior Data Engineer,senior,Toronto,CA,remote,111000,147500,enterprise,kafka|python|terraform
J70940,2025-02-02,Data Engineer,mid,Chicago,US,remote,117500,157000,midmarket,airflow|aws|terraform|kafka
J71222,2025-02-02,Junior Data Engineer,junior,San Francisco,US,hybrid,,,midmarket,sql|python|kafka|spark
J72795,2025-02-02,Senior Data Engineer,senior,Chicago,US,hybrid,126500,168500,startup,sql|terraform|aws|kafka|python
J72837,2025-02-02,Data Engineer,mid,San Francisco,US,onsite,148500,198000,startup,spark|python|terraform|sql
J70062,2025-02-03,Data Engineer,mid,New York,US,hybrid,122500,163500,startup,spark|sql|airflow|aws
J70500,2025-02-03,Lead Data Engineer,lead,New York,US,hybrid,205500,274000,startup,sql|python|airflow|aws|kafka|terraform
J70867,2025-02-03,Junior Analytics Engineer,junior,New York,US,onsite,90500,120500,midmarket,sql|python|git|dbt
J71201,2025-02-03,Data Engineer,mid,Amsterdam,NL,remote,86000,114500,scaleup,aws|spark|airflow|sql|terraform|kafka
J71919,2025-02-03,Senior Data Analyst,senior,New York,US,remote,111500,149000,scaleup,sql|tableau|excel|python|looker
J72812,2025-02-03,Machine Learning Engineer,mid,Bengaluru,IN,hybrid,39500,53000,enterprise,sql|python|aws
J70302,2025-02-04,Junior Analytics Engineer,junior,Toronto,CA,onsite,54000,72000,enterprise,python|dbt|git|snowflake
J70897,2025-02-04,Analytics Engineer,mid,Toronto,CA,hybrid,77500,103500,midmarket,snowflake|python|sql|airflow
J70504,2025-02-05,Staff Data Analyst,staff,Bengaluru,IN,onsite,,,startup,looker|excel|tableau|python
J71618,2025-02-05,Research Scientist,mid,New York,US,hybrid,174000,232500,startup,jax|pytorch|research|statistics
J71747,2025-02-05,Data Analyst,mid,Berlin,DE,onsite,,,midmarket,looker|tableau|statistics
J72958,2025-02-05,Data Engineer,mid,Bengaluru,IN,remote,,,scaleup,spark|terraform|kafka|airflow|aws
J73211,2025-02-05,Data Analyst,mid,London,GB,remote,,,enterprise,looker|python|excel
J73379,2025-02-05,Senior Machine Learning Engineer,senior,Bengaluru,IN,onsite,54500,72500,midmarket,kubernetes|mlflow|pytorch
J70965,2025-02-06,Junior Data Analyst,junior,São Paulo,BR,hybrid,22500,30000,scaleup,python|sql|looker
J70992,2025-02-06,Analytics Engineer,mid,Chicago,US,hybrid,98500,131500,enterprise,airflow|snowflake|python|dbt
J72877,2025-02-06,Junior Analytics Engineer,junior,New York,US,onsite,92500,123500,scaleup,python|sql|git|snowflake
J73401,2025-02-06,Junior Data Analyst,junior,Austin,US,hybrid,52500,70000,startup,tableau|statistics|python|looker
J71931,2025-02-07,Junior Data Analyst,junior,São Paulo,BR,remote,,,midmarket,statistics|sql|tableau|excel|python
J72260,2025-02-07,Senior Data Platform Engineer,senior,New York,US,remote,200000,266500,midmarket,python|observability|spark
J73011,2025-02-07,Senior Data Engineer,senior,Amsterdam,NL,hybrid,,,scaleup,sql|python|aws
J72564,2025-02-08,Senior Data Scientist,senior,London,GB,hybrid,114000,152000,scaleup,pandas|sql|experimentation|statistics|pytorch|python
J72603,2025-02-08,Senior Analytics Engineer,senior,London,GB,onsite,105000,140000,enterprise,dbt|snowflake|sql|airflow
J70710,2025-02-09,Data Analyst,mid,New York,US,hybrid,90500,121000,scaleup,looker|sql|python|excel|tableau
J71010,2025-02-09,Junior Data Engineer,junior,Chicago,US,hybrid,76500,102000,midmarket,sql|terraform|aws|python
J71122,2025-02-09,Senior Data Scientist,senior,Berlin,DE,remote,121000,161000,scaleup,python|statistics|sql|pandas
J71396,2025-02-09,Data Scientist,mid,Amsterdam,NL,hybrid,,,scaleup,pytorch|experimentation|statistics|python
J70116,2025-02-10,Junior Machine Learning Engineer,junior,Austin,US,onsite,91500,122000,scaleup,pytorch|kubernetes|aws|python|sql
J70246,2025-02-10,Data Engineer,mid,San Francisco,US,remote,,,midmarket,airflow|spark|aws|kafka|terraform
J70879,2025-02-10,Staff Data Scientist,staff,New York,US,remote,229500,306000,midmarket,experimentation|statistics|pytorch
J71443,2025-02-10,Junior BI Developer,junior,São Paulo,BR,onsite,23500,31000,midmarket,sql|excel|modelling
J72431,2025-02-10,Senior Data Analyst,senior,San Francisco,US,remote,118000,157000,midmarket,statistics|excel|looker
J71928,2025-02-11,Analytics Engineer,mid,Austin,US,hybrid,100500,134000,enterprise,sql|snowflake|airflow|python|dbt
J72048,2025-02-11,Data Engineer,mid,San Francisco,US,onsite,129000,172000,enterprise,kafka|terraform|airflow
J72776,2025-02-11,Staff Data Platform Engineer,staff,São Paulo,BR,remote,76500,102000,startup,python|kubernetes|spark
J71057,2025-02-12,Senior Data Analyst,senior,London,GB,remote,84500,113000,startup,looker|statistics|tableau
J71549,2025-02-12,Junior BI Developer,junior,London,GB,hybrid,,,midmarket,sql|power bi|modelling|dax|excel
J71909,2025-02-12,Junior Data Scientist,junior,New York,US,hybrid,,,enterprise,python|statistics|sql
J73343,2025-02-12,Junior Analytics Engineer,junior,New York,US,hybrid,91000,121500,enterprise,python|git|snowflake
J71200,2025-02-13,Junior Analytics Engineer,junior,Bengaluru,IN,hybrid,25000,33500,startup,python|snowflake|dbt|git
J72571,2025-02-13,Junior Data Scientist,junior,New York,US,hybrid,100000,133500,midmarket,pandas|statistics|python
J70048,2025-02-14,Junior Data Scientist,junior,San Francisco,US,hybrid,107000,142500,enterprise,pandas|sql|experimentation|python
J70144,2025-02-14,BI Developer,mid,Bengaluru,IN,remote,27000,35500,startup,power bi|sql|excel
J70341,2025-02-14,Lead Data Analyst,lead,San Francisco,US,hybrid,162500,216500,startup,sql|tableau|statistics|looker|python
J73472,2025-02-14,Junior Analytics Engineer,junior,Toronto,CA,hybrid,,,startup,dbt|snowflake|airflow|python
J70166,2025-02-16,Lead Data Analyst,lead,Toronto,CA,remote,93500,124500,enterprise,sql|looker|excel|tableau|statistics
J71623,2025-02-16,Staff Analytics Engineer,staff,Amsterdam,NL,hybrid,124000,165000,enterprise,python|git|snowflake|dbt
J72967,2025-02-16,Junior Data Analyst,junior,Berlin,DE,hybrid,43500,58000,midmarket,tableau|python|excel|statistics
J70005,2025-02-17,Junior Data Scientist,junior,Berlin,DE,hybrid,,,scaleup,python|pytorch|experimentation
J70849,2025-02-17,Data Analyst,mid,São Paulo,BR,remote,30500,40500,enterprise,statistics|python|tableau|looker
J70047,2025-02-18,Junior Data Analyst,junior,London,GB,hybrid,44500,59000,scaleup,sql|tableau|python|looker
J70567,2025-02-18,Senior Data Analyst,senior,San Francisco,US,remote,131500,175000,midmarket,statistics|sql|looker|python|excel|tableau
J73019,2025-02-18,Senior Data Engineer,senior,Austin,US,remote,131000,175000,startup,aws|python|airflow|spark|terraform
J70436,2025-02-19,BI Developer,mid,San Francisco,US,onsite,106500,142000,scaleup,power bi|sql|dax|excel|modelling
J70589,2025-02-19,Senior Analytics Engineer,senior,Bengaluru,IN,remote,45000,60000,scaleup,sql|dbt|python|airflow
J72111,2025-02-19,BI Developer,mid,London,GB,onsite,61500,82000,scaleup,sql|excel|dax|power bi
J72899,2025-02-19,Junior Data Engineer,junior,São Paulo,BR,onsite,33500,44500,scaleup,python|terraform|spark
J73439,2025-02-19,Senior BI Developer,senior,Toronto,CA,remote,78500,104500,midmarket,modelling|dax|power bi|sql
J70913,2025-02-20,Junior Data Engineer,junior,Bengaluru,IN,hybrid,,,midmarket,airflow|spark|python|sql|terraform
J70952,2025-02-20,Senior Data Scientist,senior,New York,US,hybrid,175000,233500,enterprise,statistics|experimentation|pandas
J72098,2025-02-20,Senior Analytics Engineer,senior,Amsterdam,NL,hybrid,,,scaleup,snowflake|python|airflow
J72726,2025-02-20,Senior Data Analyst,senior,Austin,US,remote,97500,130500,midmarket,statistics|python|excel|tableau|looker|sql
J70665,2025-02-22,Junior Data Analyst,junior,Berlin,DE,hybrid,,,startup,excel|statistics|looker
J72406,2025-02-22,Senior Data Engineer,senior,Austin,US,hybrid,137000,182500,scaleup,kafka|spark|python
J73498,2025-02-22,Junior Data Analyst,junior,Bengaluru,IN,onsite,19500,25500,midmarket,excel|looker|python|tableau
J70753,2025-02-23,Staff BI Developer,staff,São Paulo,BR,remote,50500,67000,startup,dax|modelling|excel|sql|power bi
J71495,2025-02-23,Lead Data Analyst,lead,London,GB,hybrid,,,scaleup,tableau|excel|looker|python
J71708,2025-02-23,Junior BI Developer,junior,Austin,US,onsite,59000,79000,midmarket,sql|dax|modelling
J72472,2025-02-23,Junior BI Developer,junior,Amsterdam,NL,hybrid,44000,59000,midmarket,dax|sql|excel|modelling|power bi
J71189,2025-02-24,Data Analyst,mid,São Paulo,BR,hybrid,29000,39000,startup,tableau|statistics|looker|sql|excel
J71326,2025-02-24,Senior Data Analyst,senior,London,GB,hybrid,,,enterprise,looker|python|statistics
J72007,2025-02-24,Data Scientist,mid,Toronto,CA,onsite,95000,126500,enterprise,python|pandas|pytorch|experimentation|statistics|sql
J70220,2025-02-25,Senior Machine Learning Engineer,senior,Toronto,CA,remote,,,scaleup,aws|kubernetes|python
J70535,2025-02-25,Staff Analytics Engineer,staff,London,GB,remote,135000,180000,midmarket,snowflake|git|dbt|sql
J70611,2025-02-25,Junior Data Scientist,junior,San Francisco,US,remote,103500,138000,enterprise,python|statistics|pandas
J71001,2025-02-25,Staff Data Analyst,staff,Bengaluru,IN,hybrid,37500,49500,scaleup,looker|excel|tableau|python|sql|statistics
J71413,2025-02-25,Data Analyst,mid,London,GB,hybrid,,,enterprise,python|excel|looker|sql|statistics
J71525,2025-02-25,Data Scientist,mid,Bengaluru,IN,hybrid,37500,50000,scaleup,pandas|python|pytorch|statistics|experimentation
J71641,2025-02-25,Junior Data Engineer,junior,Toronto,CA,onsite,69500,92500,enterprise,spark|python|kafka|sql|airflow|terraform
J70509,2025-02-26,Senior Data Engineer,senior,San Francisco,US,remote,169500,226000,enterprise,python|sql|airflow
J70925,2025-02-26,Senior Data Scientist,senior,Toronto,CA,remote,111500,149000,enterprise,experimentation|statistics|python
J72264,2025-02-26,Staff Data Scientist,staff,Bengaluru,IN,onsite,55500,74000,startup,python|pandas|statistics|sql|pytorch|experimentation
J73279,2025-02-26,Data Engineer,mid,Berlin,DE,hybrid,80500,107000,scaleup,airflow|spark|kafka|python|terraform|aws
J70186,2025-02-27,Senior Data Engineer,senior,Berlin,DE,hybrid,112500,150000,scaleup,aws|sql|terraform
J70731,2025-02-27,Data Engineer,mid,New York,US,hybrid,132000,176000,enterprise,kafka|aws|python|terraform|airflow|spark
J71571,2025-02-27,Machine Learning Engineer,mid,Toronto,CA,remote,,,enterprise,sql|mlflow|pytorch|python|aws
J71602,2025-02-27,Data Analyst,mid,London,GB,hybrid,,,scaleup,tableau|excel|statistics|looker|python|sql
J71994,2025-02-27,Data Engineer,mid,Chicago,US,onsite,114000,152000,enterprise,spark|python|aws|kafka|terraform
J72253,2025-02-27,Lead Analytics Engineer,lead,London,GB,hybrid,,,midmarket,sql|git|snowflake
J72811,2025-02-27,Data Analyst,mid,San Francisco,US,hybrid,98000,131000,enterprise,python|looker|statistics|excel
J73191,2025-02-27,Data Engineer,mid,Chicago,US,hybrid,113500,151500,startup,spark|sql|kafka
J73216,2025-02-27,Junior Data Engineer,junior,London,GB,hybrid,,,enterprise,aws|kafka|python
J73261,2025-02-27,Senior Machine Learning Engineer,senior,New York,US,hybrid,194500,259500,enterprise,aws|pytorch|mlflow|kubernetes|sql
J73176,2025-02-28,Data Analyst,mid,Berlin,DE,hybrid,,,midmarket,excel|sql|looker
J73423,2025-02-28,Senior Data Analyst,senior,Chicago,US,remote,93500,124500,startup,looker|python|statistics|excel
J70425,2025-03-01,Senior Data Analyst,senior,Amsterdam,NL,hybrid,72500,96500,midmarket,looker|statistics|python|tableau
J71734,2025-03-01,BI Developer,mid,New York,US,hybrid,96500,128500,startup,power bi|excel|sql
J71153,2025-03-02,BI Developer,mid,Austin,US,hybrid,73000,97000,startup,excel|sql|dax|power bi
J70191,2025-03-03,Data Scientist,mid,Toronto,CA,remote,101500,135000,enterprise,pandas|sql|python|pytorch
J72716,2025-03-03,Senior BI Developer,senior,New York,US,onsite,129500,173000,scaleup,sql|power bi|excel
J73069,2025-03-03,Data Platform Engineer,mid,Amsterdam,NL,hybrid,93000,124000,startup,kubernetes|spark|observability|python|terraform
J70354,2025-03-04,Senior BI Developer,senior,London,GB,hybrid,87000,116000,enterprise,dax|modelling|power bi
J72108,2025-03-04,Junior Data Analyst,junior,Chicago,US,hybrid,48500,64500,enterprise,excel|tableau|statistics
J72300,2025-03-04,Senior Data Analyst,senior,Austin,US,remote,89000,118500,enterprise,statistics|tableau|looker
J73202,2025-03-04,Data Analyst,mid,Berlin,DE,remote,,,midmarket,statistics|tableau|sql|looker|excel
J71625,2025-03-05,Lead Analytics Engineer,lead,Bengaluru,IN,hybrid,,,enterprise,dbt|airflow|snowflake|git
J72427,2025-03-05,Junior Data Engineer,junior,Amsterdam,NL,hybrid,64500,86000,midmarket,terraform|spark|kafka|airflow|sql|aws
J72857,2025-03-05,Staff Data Analyst,staff,New York,US,remote,130000,173500,midmarket,excel|looker|tableau|statistics|sql|python
J70439,2025-03-06,Junior Data Scientist,junior,London,GB,onsite,,,enterprise,pytorch|experimentation|pandas|statistics|sql
J71591,2025-03-06,Junior Data Engineer,junior,New York,US,remote,98000,130500,scaleup,python|spark|airflow|aws|sql|kafka
J71926,2025-03-06,Data Analyst,mid,London,GB,remote,,,enterprise,tableau|looker|statistics|excel
J73299,2025-03-06,Data Analyst,mid,San Francisco,US,remote,92500,123000,midmarket,excel|tableau|looker
J70105,2025-03-07,Data Scientist,mid,Amsterdam,NL,hybrid,,,scaleup,sql|statistics|python|experimentation|pandas|pytorch
J71137,2025-03-07,Junior Machine Learning Engineer,junior,New York,US,hybrid,112500,150000,enterprise,pytorch|aws|mlflow|python|sql|kubernetes
J71292,2025-03-07,Senior Data Analyst,senior,Berlin,DE,onsite,64000,85000,enterprise,sql|looker|tableau
J71597,2025-03-07,Junior Data Scientist,junior,London,GB,onsite,72500,96500,startup,experimentation|pandas|statistics|sql
J72046,2025-03-07,Senior Data Engineer,senior,São Paulo,BR,remote,60000,80000,startup,spark|sql|airflow|python|terraform
J72177,2025-03-07,Staff Data Scientist,staff,San Francisco,US,onsite,243000,324000,startup,sql|experimentation|pytorch|statistics|python
J72546,2025-03-07,Senior Data Engineer,senior,New York,US,hybrid,162000,216000,enterprise,python|aws|kafka|sql
J73410,2025-03-07,Junior Data Analyst,junior,Berlin,DE,onsite,,,enterprise,statistics|looker|excel|python|sql|tableau
J70100,2025-03-08,Data Platform Engineer,mid,São Paulo,BR,hybrid,,,enterprise,observability|spark|aws|python|kubernetes|terraform
J71173,2025-03-08,Senior Data Scientist,senior,Berlin,DE,hybrid,116000,154500,scaleup,sql|pytorch|python|pandas|experimentation
J71793,2025-03-08,Staff Data Scientist,staff,New York,US,onsite,217500,290000,enterprise,python|sql|experimentation|pytorch
J70635,2025-03-09,Junior Data Scientist,junior,Austin,US,hybrid,91000,121000,scaleup,python|pytorch|pandas|experimentation|statistics|sql
J70908,2025-03-09,Analytics Engineer,mid,Chicago,US,hybrid,89500,119000,scaleup,git|dbt|python|sql|airflow
J71350,2025-03-09,Staff Data Platform Engineer,staff,San Francisco,US,hybrid,227000,302500,enterprise,python|aws|kubernetes
J71482,2025-03-09,Staff Data Analyst,staff,Bengaluru,IN,hybrid,35000,46500,scaleup,statistics|looker|python|tableau
J72641,2025-03-09,Senior Data Analyst,senior,San Francisco,US,hybrid,119500,159500,midmarket,excel|statistics|tableau|python|looker|sql
J73141,2025-03-09,Lead Data Analyst,lead,Berlin,DE,hybrid,,,midmarket,excel|looker|statistics|tableau|python
J70408,2025-03-11,Staff Analytics Engineer,staff,Bengaluru,IN,onsite,,,startup,git|python|snowflake|airflow|sql
J70698,2025-03-11,Senior Data Engineer,senior,Toronto,CA,onsite,113500,151000,startup,spark|python|sql|aws|terraform|kafka
J72291,2025-03-11,Data Scientist,mid,Amsterdam,NL,hybrid,89000,119000,scaleup,pytorch|pandas|statistics
J70284,2025-03-12,Junior Data Engineer,junior,London,GB,hybrid,,,scaleup,python|kafka|terraform|airflow
J71004,2025-03-12,Senior Data Analyst,senior,Bengaluru,IN,remote,33000,44000,enterprise,python|sql|tableau|statistics|looker|excel
J71187,2025-03-12,Data Scientist,mid,London,GB,hybrid,88500,117500,scaleup,statistics|python|pandas|sql|experimentation
J71217,2025-03-13,Staff BI Developer,staff,Amsterdam,NL,onsite,,,midmarket,dax|excel|modelling|power bi
J71849,2025-03-13,Junior Data Engineer,junior,Chicago,US,onsite,73500,98000,enterprise,spark|airflow|kafka
J72200,2025-03-13,Data Analyst,mid,New York,US,remote,90500,121000,scaleup,statistics|excel|tableau|sql
J70402,2025-03-14,Data Analyst,mid,Toronto,CA,hybrid,62500,83000,enterprise,statistics|sql|python|excel|tableau
J70754,2025-03-14,Junior Data Engineer,junior,Austin,US,onsite,75000,100000,scaleup,spark|airflow|terraform
J71252,2025-03-14,Machine Learning Engineer,mid,Chicago,US,hybrid,118000,157500,startup,kubernetes|python|pytorch|aws|mlflow
J72670,2025-03-14,Machine Learning Engineer,mid,Chicago,US,onsite,,,scaleup,python|sql|kubernetes
J70448,2025-03-15,Data Platform Engineer,mid,San Francisco,US,remote,171000,227500,enterprise,terraform|observability|aws|python|kubernetes
J70893,2025-03-15,Junior Machine Learning Engineer,junior,Berlin,DE,onsite,,,scaleup,kubernetes|sql|aws
J71751,2025-03-15,Senior Analytics Engineer,senior,London,GB,hybrid,97000,129000,midmarket,python|airflow|sql|git|dbt|snowflake
J71829,2025-03-15,Senior Machine Learning Engineer,senior,Bengaluru,IN,onsite,,,startup,mlflow|sql|python|kubernetes|aws
J72138,2025-03-15,Data Platform Engineer,mid,Berlin,DE,onsite,92500,123500,enterprise,spark|python|kubernetes|observability
J71198,2025-03-16,Junior Data Platform Engineer,junior,London,GB,remote,,,midmarket,terraform|python|kubernetes|observability|aws
J72710,2025-03-16,Senior Data Engineer,senior,New York,US,onsite,179000,238500,enterprise,sql|airflow|aws
J73122,2025-03-16,Senior Data Scientist,senior,Berlin,DE,hybrid,102500,137000,enterprise,pytorch|sql|statistics|python|pandas
J73182,2025-03-16,Junior BI Developer,junior,Amsterdam,NL,hybrid,,,startup,excel|sql|modelling|dax
J71358,2025-03-17,Senior Data Analyst,senior,Amsterdam,NL,onsite,75000,99500,enterprise,statistics|sql|excel|tableau|python
J71423,2025-03-17,Senior Data Scientist,senior,Chicago,US,remote,150500,200500,startup,sql|experimentation|pytorch|statistics
J72024,2025-03-17,Lead Research Scientist,lead,Chicago,US,onsite,202000,269000,startup,jax|research|python|pytorch
J72281,2025-03-17,Senior Data Analyst,senior,San Francisco,US,hybrid,112000,149000,scaleup,excel|statistics|python|sql|looker
J70113,2025-03-18,Staff Data Engineer,staff,London,GB,hybrid,,,scaleup,kafka|aws|sql|spark|airflow
J70248,2025-03-18,Lead BI Developer,lead,Austin,US,onsite,127000,169500,enterprise,power bi|sql|dax
J70397,2025-03-18,Data Engineer,mid,San Francisco,US,hybrid,134000,179000,enterprise,aws|spark|sql|kafka|airflow
J72544,2025-03-18,Senior Analytics Engineer,senior,San Francisco,US,remote,174500,233000,startup,snowflake|git|dbt|sql
J72999,2025-03-18,Junior Data Scientist,junior,London,GB,hybrid,,,scaleup,pandas|pytorch|statistics|sql
J70152,2025-03-19,Senior Data Analyst,senior,Austin,US,onsite,92000,122500,scaleup,python|sql|tableau
J70342,2025-03-19,Senior Analytics Engineer,senior,San Francisco,US,hybrid,145500,194000,midmarket,git|sql|dbt|snowflake|airflow|python
J70858,2025-03-19,Staff Data Engineer,staff,Bengaluru,IN,remote,54000,72000,scaleup,spark|terraform|kafka|aws|sql
J73183,2025-03-19,Data Engineer,mid,New York,US,hybrid,,,enterprise,spark|sql|kafka|python|airflow
J70499,2025-03-20,Senior Data Engineer,senior,New York,US,onsite,164000,219000,scaleup,airflow|terraform|kafka|aws|python
J72306,2025-03-20,Junior Data Analyst,junior,New York,US,hybrid,65500,87000,midmarket,statistics|sql|looker|tableau|excel
J72959,2025-03-20,Junior Data Analyst,junior,San Francisco,US,hybrid,69000,92000,midmarket,excel|tableau|statistics|looker|python
J73289,2025-03-20,Senior Data Analyst,senior,Bengaluru,IN,remote,,,enterprise,python|looker|sql|excel|statistics|tableau
J73425,2025-03-20,Lead Data Analyst,lead,New York,US,hybrid,140500,187000,scaleup,excel|tableau|looker|sql
J71067,2025-03-21,Junior Data Analyst,junior,Austin,US,hybrid,55500,74000,enterprise,python|excel|looker|statistics|tableau|sql
J71290,2025-03-21,Data Engineer,mid,New York,US,remote,,,enterprise,airflow|sql|spark|aws|kafka
J71303,2025-03-21,Junior Data Engineer,junior,Amsterdam,NL,hybrid,61500,82000,startup,aws|python|sql|spark|kafka|terraform
J71935,2025-03-21,Data Analyst,mid,Toronto,CA,onsite,61000,81000,scaleup,looker|excel|statistics
J70981,2025-03-22,Data Analyst,mid,New York,US,onsite,90500,121000,scaleup,python|sql|excel|tableau|statistics
J71803,2025-03-22,Data Analyst,mid,Amsterdam,NL,hybrid,,,startup,excel|sql|looker|python|statistics
J71860,2025-03-22,Junior Data Scientist,junior,Berlin,DE,remote,69000,92000,scaleup,experimentation|statistics|pytorch
J72011,2025-03-22,Lead Data Scientist,lead,Amsterdam,NL,hybrid,160000,213500,startup,pandas|python|statistics|pytorch|sql
J70881,2025-03-23,Senior BI Developer,senior,San Francisco,US,remote,125500,167000,enterprise,excel|power bi|dax|sql
J71145,2025-03-23,Senior Data Platform Engineer,senior,London,GB,remote,130500,174000,midmarket,kubernetes|terraform|spark
J72551,2025-03-23,Junior BI Developer,junior,Amsterdam,NL,onsite,,,startup,sql|power bi|excel|modelling|dax
J70739,2025-03-24,Senior Data Engineer,senior,San Francisco,US,hybrid,171500,229000,enterprise,terraform|airflow|sql
J70798,2025-03-24,Data Scientist,mid,Amsterdam,NL,hybrid,95500,127500,midmarket,pandas|statistics|pytorch|sql|python
J72748,2025-03-24,Staff Analytics Engineer,staff,London,GB,hybrid,132000,176000,midmarket,dbt|python|git|airflow|sql|snowflake
J73345,2025-03-24,Lead Data Scientist,lead,London,GB,remote,158500,211500,scaleup,pytorch|statistics|experimentation|python
J70853,2025-03-25,Junior Data Scientist,junior,London,GB,hybrid,66000,88500,midmarket,sql|experimentation|pytorch
J70226,2025-03-26,Senior Data Scientist,senior,Chicago,US,onsite,150500,201000,scaleup,experimentation|pandas|sql
J70019,2025-03-27,Senior Data Analyst,senior,New York,US,hybrid,120000,159500,scaleup,sql|tableau|statistics
J70188,2025-03-27,Junior Research Scientist,junior,Berlin,DE,hybrid,80000,106500,startup,statistics|pytorch|research|jax
J71124,2025-03-27,Lead Machine Learning Engineer,lead,London,GB,hybrid,,,scaleup,mlflow|pytorch|sql|aws|kubernetes|python
J72078,2025-03-27,Junior Data Engineer,junior,San Francisco,US,hybrid,111500,148500,enterprise,airflow|sql|aws
J72079,2025-03-27,Senior Data Analyst,senior,New York,US,onsite,,,enterprise,looker|statistics|tableau|sql
J70312,2025-03-28,Lead Research Scientist,lead,New York,US,remote,270500,360500,midmarket,python|jax|pytorch|research|statistics
J70926,2025-03-28,Data Engineer,mid,New York,US,remote,134500,179500,startup,aws|spark|kafka|python
J71621,2025-03-28,Senior Machine Learning Engineer,senior,London,GB,hybrid,128000,171000,scaleup,kubernetes|python|sql|aws|mlflow
J73118,2025-03-28,Junior Data Engineer,junior,San Francisco,US,hybrid,107000,142500,scaleup,spark|airflow|python
J70329,2025-03-29,Junior Data Analyst,junior,Berlin,DE,hybrid,42500,56500,enterprise,statistics|sql|excel
J71764,2025-03-29,Senior BI Developer,senior,New York,US,remote,123500,165000,midmarket,dax|power bi|excel|sql|modelling
J72416,2025-03-29,Analytics Engineer,mid,São Paulo,BR,onsite,38000,50500,enterprise,dbt|airflow|snowflake|sql
J72841,2025-03-29,Lead Data Engineer,lead,Berlin,DE,onsite,133000,177000,enterprise,spark|aws|python|airflow|terraform
J73031,2025-03-29,Staff Data Engineer,staff,London,GB,onsite,139000,185000,enterprise,spark|python|terraform|aws
J70842,2025-03-30,Junior Analytics Engineer,junior,Bengaluru,IN,hybrid,24500,33000,enterprise,dbt|python|git|snowflake|airflow|sql
J71911,2025-03-30,Lead Data Scientist,lead,Chicago,US,hybrid,175500,234000,scaleup,python|pandas|experimentation
J72951,2025-03-30,Junior Data Engineer,junior,Amsterdam,NL,hybrid,,,scaleup,terraform|sql|spark|airflow
J73321,2025-03-30,Data Engineer,mid,Chicago,US,onsite,102500,136500,startup,sql|aws|spark|terraform|airflow
J70923,2025-03-31,Data Scientist,mid,São Paulo,BR,hybrid,,,scaleup,pandas|experimentation|statistics|pytorch|python
J71420,2025-03-31,Junior Data Engineer,junior,London,GB,onsite,,,scaleup,airflow|python|kafka|spark|sql|terraform
J71774,2025-03-31,Junior Data Scientist,junior,Austin,US,remote,87000,116000,startup,python|statistics|pandas
J72452,2025-03-31,Senior Data Analyst,senior,São Paulo,BR,remote,37000,49500,midmarket,statistics|python|looker|excel
J72468,2025-03-31,Senior Analytics Engineer,senior,Bengaluru,IN,onsite,42000,56000,enterprise,sql|git|python|airflow|snowflake|dbt
J73226,2025-03-31,Data Analyst,mid,London,GB,hybrid,,,startup,excel|tableau|sql
J70461,2025-04-01,Junior Machine Learning Engineer,junior,Austin,US,hybrid,90000,120000,enterprise,pytorch|mlflow|python|aws|sql
J73102,2025-04-01,Junior Machine Learning Engineer,junior,San Francisco,US,hybrid,118000,157500,enterprise,mlflow|pytorch|sql
J70762,2025-04-02,Data Engineer,mid,Berlin,DE,onsite,78500,104500,startup,kafka|sql|spark|terraform
J71808,2025-04-02,Junior Machine Learning Engineer,junior,Amsterdam,NL,hybrid,,,midmarket,aws|sql|mlflow|pytorch|python|kubernetes
J72863,2025-04-02,Data Analyst,mid,San Francisco,US,onsite,93500,125000,midmarket,sql|python|statistics
J70050,2025-04-03,Senior Data Analyst,senior,London,GB,onsite,,,startup,tableau|statistics|excel|looker|python
J70548,2025-04-03,Senior Data Scientist,senior,Austin,US,hybrid,156000,208000,enterprise,sql|pytorch|statistics|pandas|experimentation
J71946,2025-04-03,Lead Data Analyst,lead,San Francisco,US,hybrid,161500,215000,enterprise,statistics|tableau|python|looker|sql
J72192,2025-04-03,Senior Analytics Engineer,senior,Austin,US,hybrid,118500,158000,scaleup,git|airflow|dbt|snowflake|sql|python
J72509,2025-04-03,Senior Data Scientist,senior,London,GB,hybrid,,,scaleup,sql|experimentation|pytorch|python|pandas
J70472,2025-04-04,Junior Data Analyst,junior,Toronto,CA,hybrid,46500,62000,enterprise,statistics|looker|tableau|excel|sql
J70522,2025-04-04,Analytics Engineer,mid,San Francisco,US,onsite,129500,172500,startup,python|snowflake|airflow|dbt|git
J70622,2025-04-04,Junior Analytics Engineer,junior,Berlin,DE,remote,57500,76500,enterprise,git|sql|snowflake|airflow|python
J72635,2025-04-04,Junior Analytics Engineer,junior,New York,US,remote,87000,116000,enterprise,airflow|snowflake|dbt|python
J72715,2025-04-04,Senior Machine Learning Engineer,senior,Bengaluru,IN,remote,61000,81000,startup,mlflow|kubernetes|aws
J72093,2025-04-05,Staff Data Platform Engineer,staff,Chicago,US,hybrid,,,scaleup,terraform|observability|spark|aws|kubernetes
J72469,2025-04-05,Senior Data Analyst,senior,Bengaluru,IN,remote,30000,40000,scaleup,python|statistics|looker
J71036,2025-04-06,Data Engineer,mid,New York,US,onsite,134000,179000,startup,aws|kafka|terraform|airflow
J71382,2025-04-06,Data Analyst,mid,Toronto,CA,hybrid,53000,71000,enterprise,statistics|excel|python|looker|sql|tableau
J71884,2025-04-06,Data Platform Engineer,mid,Amsterdam,NL,remote,107500,143500,midmarket,terraform|aws|python
J72952,2025-04-06,Lead Analytics Engineer,lead,San Francisco,US,hybrid,213000,284000,enterprise,airflow|snowflake|git
J70323,2025-04-07,Lead BI Developer,lead,New York,US,hybrid,165500,220500,midmarket,excel|power bi|sql|dax
J71832,2025-04-07,BI Developer,mid,Austin,US,remote,77000,102500,enterprise,sql|power bi|dax|modelling
J71943,2025-04-07,Analytics Engineer,mid,Chicago,US,remote,101000,135000,startup,dbt|snowflake|airflow|sql
J72429,2025-04-07,Junior Data Engineer,junior,Austin,US,hybrid,87500,116500,midmarket,airflow|spark|kafka|sql|aws|terraform
J70366,2025-04-08,Staff Data Platform Engineer,staff,Toronto,CA,remote,148000,197500,startup,terraform|spark|observability|python|kubernetes
J70513,2025-04-08,Senior Data Engineer,senior,Amsterdam,NL,remote,,,scaleup,python|terraform|spark|kafka|airflow|sql
J71671,2025-04-08,Data Engineer,mid,Austin,US,hybrid,111500,149000,scaleup,sql|terraform|python
J71830,2025-04-08,Senior Data Analyst,senior,Austin,US,hybrid,86000,114500,midmarket,looker|statistics|excel|python|tableau
J70202,2025-04-09,Senior Data Engineer,senior,Chicago,US,hybrid,137000,182500,enterprise,airflow|aws|kafka|sql
J70465,2025-04-09,Machine Learning Engineer,mid,Toronto,CA,remote,107500,143000,enterprise,python|mlflow|sql|pytorch|aws
J70972,2025-04-09,Senior BI Developer,senior,São Paulo,BR,hybrid,39000,51500,enterprise,power bi|modelling|dax
J71191,2025-04-09,Senior Data Scientist,senior,New York,US,onsite,163500,218000,scaleup,pytorch|sql|experimentation|statistics
J72042,2025-04-09,Senior Data Analyst,senior,San Francisco,US,remote,118000,157000,midmarket,looker|tableau|python|excel|sql
J72697,2025-04-09,Data Scientist,mid,New York,US,remote,140500,187500,scaleup,sql|pandas|python|pytorch|experimentation|statistics
J72895,2025-04-09,Machine Learning Engineer,mid,London,GB,remote,,,midmarket,python|aws|kubernetes
J70343,2025-04-10,Lead Data Analyst,lead,London,GB,hybrid,103500,138000,enterprise,looker|tableau|sql|python
J71792,2025-04-10,Data Engineer,mid,Bengaluru,IN,hybrid,33000,44000,scaleup,sql|aws|spark
J70142,2025-04-11,Senior Data Analyst,senior,Austin,US,onsite,,,enterprise,tableau|statistics|python|looker|excel
J70266,2025-04-11,Data Analyst,mid,Berlin,DE,remote,60500,80500,startup,tableau|python|looker|sql|excel|statistics
J70304,2025-04-11,Junior Data Engineer,junior,Amsterdam,NL,remote,65000,87000,scaleup,python|terraform|sql|spark|airflow|aws
J70973,2025-04-11,Data Engineer,mid,New York,US,remote,137000,182500,scaleup,python|airflow|kafka|terraform|spark|sql
J71523,2025-04-11,Junior Data Analyst,junior,Berlin,DE,onsite,,,enterprise,statistics|sql|python|excel|looker
J72170,2025-04-11,Junior Data Analyst,junior,San Francisco,US,hybrid,74000,98500,midmarket,sql|looker|python
J73451,2025-04-11,Data Analyst,mid,San Francisco,US,hybrid,94500,126000,midmarket,sql|tableau|python
J70677,2025-04-12,Staff Data Analyst,staff,London,GB,hybrid,,,midmarket,statistics|tableau|excel
J70882,2025-04-12,Junior Data Engineer,junior,Amsterdam,NL,hybrid,,,midmarket,python|airflow|sql|aws|kafka
J71566,2025-04-12,Junior Analytics Engineer,junior,New York,US,hybrid,89500,119000,scaleup,airflow|git|snowflake|sql|dbt|python
J70276,2025-04-13,Junior Data Platform Engineer,junior,New York,US,hybrid,111500,149000,midmarket,spark|terraform|python|kubernetes|observability|aws
J71386,2025-04-13,Staff Analytics Engineer,staff,Amsterdam,NL,onsite,,,enterprise,sql|snowflake|airflow|dbt|git
J71393,2025-04-13,Senior Data Engineer,senior,Austin,US,remote,145000,193500,enterprise,kafka|airflow|terraform
J71846,2025-04-13,Data Platform Engineer,mid,London,GB,onsite,,,midmarket,kubernetes|spark|aws|observability|terraform
J72506,2025-04-13,Staff Data Analyst,staff,Amsterdam,NL,hybrid,,,enterprise,looker|python|sql|statistics|excel|tableau
J70545,2025-04-14,Data Platform Engineer,mid,Berlin,DE,onsite,,,midmarket,observability|spark|kubernetes|terraform|python
J70795,2025-04-14,BI Developer,mid,Bengaluru,IN,onsite,,,enterprise,sql|modelling|dax
J71524,2025-04-14,Analytics Engineer,mid,New York,US,hybrid,114000,152000,startup,python|dbt|sql|snowflake|git|airflow
J73055,2025-04-14,Data Analyst,mid,New York,US,onsite,88500,118000,scaleup,python|looker|tableau|statistics
J73258,2025-04-14,Senior BI Developer,senior,New York,US,onsite,124500,166000,scaleup,dax|modelling|sql
J73445,2025-04-14,Junior Analytics Engineer,junior,London,GB,remote,60500,80500,scaleup,airflow|python|git|dbt|sql|snowflake
J70262,2025-04-15,Senior Data Analyst,senior,Amsterdam,NL,remote,,,scaleup,statistics|looker|tableau|python
J71125,2025-04-15,Senior Data Analyst,senior,London,GB,hybrid,76500,102500,enterprise,statistics|sql|excel|looker|python|tableau
J71228,2025-04-15,BI Developer,mid,San Francisco,US,remote,106000,141000,midmarket,power bi|modelling|dax|excel
J71869,2025-04-15,Machine Learning Engineer,mid,London,GB,hybrid,116000,154500,startup,pytorch|mlflow|kubernetes
J72088,2025-04-15,Staff Machine Learning Engineer,staff,Chicago,US,remote,206500,275000,midmarket,mlflow|aws|python|kubernetes
J71791,2025-04-16,Junior Data Scientist,junior,Austin,US,hybrid,85000,113000,enterprise,pandas|experimentation|python|statistics|pytorch|sql
J70033,2025-04-17,Data Engineer,mid,San Francisco,US,remote,155500,207000,startup,kafka|spark|aws
J71745,2025-04-17,Data Engineer,mid,Chicago,US,remote,109500,146000,scaleup,kafka|aws|sql|airflow|spark
J72889,2025-04-17,Machine Learning Engineer,mid,Amsterdam,NL,hybrid,,,scaleup,python|mlflow|kubernetes|aws
J72900,2025-04-17,Senior Analytics Engineer,senior,São Paulo,BR,remote,,,scaleup,sql|git|python
J73198,2025-04-17,Lead Data Analyst,lead,London,GB,remote,99000,132500,midmarket,looker|tableau|sql|excel
J70799,2025-04-18,Senior Data Platform Engineer,senior,Berlin,DE,hybrid,112000,149000,startup,kubernetes|aws|observability
J70813,2025-04-18,Senior BI Developer,senior,Bengaluru,IN,remote,32000,42500,startup,power bi|excel|sql
J71109,2025-04-18,Lead BI Developer,lead,London,GB,onsite,,,enterprise,modelling|excel|sql|dax
J71705,2025-04-18,Junior Machine Learning Engineer,junior,Amsterdam,NL,hybrid,81500,108500,startup,aws|mlflow|kubernetes|python|sql
J72825,2025-04-18,Lead Machine Learning Engineer,lead,Austin,US,onsite,225500,300500,scaleup,aws|pytorch|mlflow|kubernetes
J73248,2025-04-18,Junior Data Scientist,junior,Berlin,DE,remote,67500,90000,enterprise,python|statistics|pytorch
J73461,2025-04-18,Senior Data Analyst,senior,Austin,US,onsite,86000,114500,scaleup,statistics|python|looker|sql
J71207,2025-04-19,BI Developer,mid,New York,US,onsite,102500,136500,enterprise,modelling|excel|power bi|sql
J71934,2025-04-19,Data Platform Engineer,mid,San Francisco,US,onsite,,,scaleup,spark|aws|python|observability|terraform
J73013,2025-04-19,Research Scientist,mid,San Francisco,US,hybrid,182000,243000,startup,python|pytorch|statistics
J70044,2025-04-20,Junior Data Analyst,junior,New York,US,remote,68000,90500,midmarket,python|sql|looker
J70783,2025-04-20,Staff Analytics Engineer,staff,New York,US,hybrid,177500,236500,startup,airflow|git|sql|dbt
J71237,2025-04-20,Senior Data Platform Engineer,senior,Bengaluru,IN,hybrid,51000,68000,midmarket,observability|terraform|kubernetes|python|spark|aws
J71778,2025-04-20,Lead Data Engineer,lead,San Francisco,US,remote,,,startup,aws|sql|spark
J72167,2025-04-20,Data Engineer,mid,Chicago,US,remote,111000,148000,startup,airflow|terraform|python
J71933,2025-04-21,Data Engineer,mid,London,GB,onsite,,,scaleup,sql|python|airflow|spark
J71510,2025-04-22,Analytics Engineer,mid,Berlin,DE,remote,70500,94500,scaleup,sql|git|snowflake
J72317,2025-04-22,Senior Data Platform Engineer,senior,London,GB,hybrid,128000,170500,midmarket,kubernetes|aws|terraform|observability
J73079,2025-04-22,Senior Analytics Engineer,senior,Berlin,DE,onsite,,,scaleup,airflow|sql|snowflake
J73328,2025-04-22,Senior Data Engineer,senior,São Paulo,BR,hybrid,55000,73000,midmarket,terraform|spark|aws
J70702,2025-04-23,Junior Data Scientist,junior,Berlin,DE,hybrid,,,scaleup,sql|statistics|pytorch|python
J71361,2025-04-23,Data Engineer,mid,New York,US,onsite,141000,188000,midmarket,aws|airflow|terraform
J72740,2025-04-23,Analytics Engineer,mid,San Francisco,US,hybrid,130500,173500,midmarket,dbt|python|sql|git|airflow|snowflake
J71753,2025-04-24,BI Developer,mid,Chicago,US,remote,82500,110000,midmarket,excel|dax|power bi|sql
J72163,2025-04-24,Senior Data Analyst,senior,London,GB,hybrid,72000,96000,startup,excel|python|sql
J72270,2025-04-24,Data Analyst,mid,Chicago,US,hybrid,76500,102500,scaleup,python|tableau|sql|looker
J72601,2025-04-24,Data Analyst,mid,London,GB,hybrid,,,midmarket,sql|excel|statistics|tableau|looker
J73488,2025-04-24,Data Engineer,mid,San Francisco,US,onsite,130500,174000,enterprise,kafka|airflow|spark|terraform
J70143,2025-04-25,Senior Data Scientist,senior,San Francisco,US,remote,201000,268000,enterprise,pandas|pytorch|sql|statistics|python
J71006,2025-04-25,Data Scientist,mid,Austin,US,onsite,106500,142000,enterprise,experimentation|pandas|pytorch|statistics
J71980,2025-04-25,Senior Data Platform Engineer,senior,São Paulo,BR,remote,60000,80000,scaleup,kubernetes|terraform|aws|observability|spark
J72430,2025-04-25,Data Engineer,mid,Toronto,CA,remote,91500,122000,midmarket,sql|kafka|terraform|airflow|aws
J73215,2025-04-25,Junior Data Platform Engineer,junior,Berlin,DE,remote,70500,94000,enterprise,python|observability|terraform|aws|spark
J70527,2025-04-26,Data Engineer,mid,São Paulo,BR,onsite,42500,57000,midmarket,spark|python|kafka|aws|sql|terraform
J73033,2025-04-26,Data Engineer,mid,Austin,US,hybrid,104500,139500,enterprise,airflow|kafka|aws|spark
J72173,2025-04-28,Junior Data Platform Engineer,junior,New York,US,remote,117500,156500,startup,aws|spark|observability|kubernetes|python
J70296,2025-04-29,Junior Research Scientist,junior,San Francisco,US,remote,136500,182000,scaleup,python|research|statistics|pytorch
J70542,2025-04-29,Analytics Engineer,mid,London,GB,remote,86500,115500,midmarket,sql|git|dbt
J71473,2025-04-29,Senior Data Scientist,senior,Bengaluru,IN,hybrid,,,enterprise,python|experimentation|statistics
J72788,2025-04-29,Senior Data Analyst,senior,Chicago,US,remote,87500,116500,enterprise,excel|looker|tableau
J70348,2025-04-30,Senior Data Analyst,senior,Chicago,US,remote,93000,123500,enterprise,python|tableau|statistics|looker|sql
J71344,2025-04-30,Data Scientist,mid,New York,US,remote,131000,174500,enterprise,pandas|experimentation|python
J72268,2025-04-30,Data Analyst,mid,London,GB,remote,63500,84500,midmarket,tableau|statistics|excel|python|sql
J70563,2025-05-01,Junior Data Engineer,junior,New York,US,hybrid,94000,125000,startup,spark|airflow|sql|aws
J70247,2025-05-02,Senior Data Analyst,senior,Bengaluru,IN,onsite,28000,37500,startup,looker|tableau|statistics|sql
J70517,2025-05-02,Senior Data Analyst,senior,Austin,US,hybrid,90500,120500,enterprise,looker|python|sql|statistics|excel
J71144,2025-05-02,Lead Data Scientist,lead,Chicago,US,remote,190000,253500,midmarket,pytorch|python|pandas|sql
J72123,2025-05-02,Senior Machine Learning Engineer,senior,London,GB,hybrid,128500,171500,startup,sql|pytorch|mlflow|kubernetes|aws
J73050,2025-05-02,Senior Data Scientist,senior,San Francisco,US,hybrid,177000,236500,scaleup,pytorch|statistics|pandas|python
J70733,2025-05-03,Senior Data Scientist,senior,Amsterdam,NL,remote,123000,163500,enterprise,sql|statistics|pytorch|pandas|experimentation|python
J71186,2025-05-03,Senior BI Developer,senior,San Francisco,US,remote,128000,171000,startup,sql|modelling|power bi|dax
J71291,2025-05-03,Junior BI Developer,junior,Berlin,DE,onsite,47500,63500,midmarket,sql|excel|dax
J72702,2025-05-03,Senior Data Analyst,senior,New York,US,remote,110500,147500,enterprise,python|sql|excel|tableau|statistics
J73214,2025-05-03,Lead Data Analyst,lead,San Francisco,US,onsite,157500,210000,scaleup,excel|sql|looker|statistics|tableau|python
J72296,2025-05-04,Data Engineer,mid,Toronto,CA,remote,82500,110000,enterprise,kafka|aws|airflow|spark|terraform
J72712,2025-05-04,Junior Research Scientist,junior,New York,US,onsite,116500,155000,enterprise,jax|pytorch|research
J73172,2025-05-04,Senior Data Scientist,senior,San Francisco,US,remote,193500,258500,midmarket,experimentation|pandas|sql
J73212,2025-05-04,BI Developer,mid,São Paulo,BR,remote,31000,41000,scaleup,power bi|excel|modelling
J70551,2025-05-05,Senior Analytics Engineer,senior,London,GB,hybrid,104500,139000,midmarket,python|sql|git
J70586,2025-05-05,Data Engineer,mid,Bengaluru,IN,remote,,,midmarket,sql|terraform|python|kafka
J71162,2025-05-05,Senior Data Analyst,senior,São Paulo,BR,remote,40000,53500,enterprise,sql|python|excel|looker|statistics
J72056,2025-05-05,Senior Data Analyst,senior,Toronto,CA,hybrid,,,startup,sql|excel|looker|python|statistics
J72059,2025-05-06,Machine Learning Engineer,mid,San Francisco,US,hybrid,163500,218000,scaleup,python|pytorch|mlflow|sql|kubernetes|aws
J70260,2025-05-07,Junior BI Developer,junior,Chicago,US,remote,,,scaleup,excel|dax|sql|modelling
J72222,2025-05-07,Junior Machine Learning Engineer,junior,Toronto,CA,hybrid,75500,101000,startup,sql|kubernetes|mlflow
J70151,2025-05-08,Senior Machine Learning Engineer,senior,Berlin,DE,onsite,,,enterprise,kubernetes|mlflow|sql|python|aws|pytorch
J71429,2025-05-08,Data Analyst,mid,Berlin,DE,onsite,,,enterprise,tableau|looker|statistics|excel|sql
J71912,2025-05-08,Junior Data Scientist,junior,Berlin,DE,remote,,,startup,pandas|pytorch|sql|python|statistics|experimentation
J73218,2025-05-08,Senior Data Analyst,senior,New York,US,remote,112000,149000,scaleup,tableau|looker|statistics|excel|sql|python
J70488,2025-05-09,Junior Machine Learning Engineer,junior,San Francisco,US,onsite,122000,162500,enterprise,mlflow|python|aws|sql
J72031,2025-05-09,Lead Data Analyst,lead,Amsterdam,NL,hybrid,97500,130000,startup,statistics|python|sql|tableau
J73111,2025-05-09,Data Scientist,mid,São Paulo,BR,remote,43000,57500,scaleup,statistics|pytorch|experimentation|python|sql
J73185,2025-05-10,Research Scientist,mid,Austin,US,hybrid,125500,167000,enterprise,statistics|jax|python|pytorch
J70026,2025-05-11,Data Analyst,mid,London,GB,hybrid,,,startup,excel|looker|tableau|statistics|sql|python
J70514,2025-05-11,Senior Analytics Engineer,senior,New York,US,onsite,138000,183500,enterprise,python|git|sql|snowflake
J70872,2025-05-11,Junior Machine Learning Engineer,junior,Toronto,CA,hybrid,83000,110500,enterprise,sql|kubernetes|python|pytorch
J70915,2025-05-11,Analytics Engineer,mid,San Francisco,US,onsite,132000,176000,enterprise,airflow|git|dbt|python
J72234,2025-05-11,Senior Data Engineer,senior,Austin,US,onsite,133000,177500,scaleup,sql|terraform|kafka|python
J72493,2025-05-11,Staff Data Analyst,staff,Amsterdam,NL,hybrid,90500,120500,midmarket,statistics|python|excel|looker|tableau|sql
J73085,2025-05-11,Staff Analytics Engineer,staff,San Francisco,US,remote,204500,272500,scaleup,dbt|sql|airflow|python
J73134,2025-05-11,Senior Data Analyst,senior,Bengaluru,IN,onsite,,,startup,excel|python|sql
J73143,2025-05-11,Data Scientist,mid,Bengaluru,IN,hybrid,39500,53000,midmarket,pandas|experimentation|python|pytorch|statistics
J70417,2025-05-13,Data Platform Engineer,mid,London,GB,remote,104500,139500,startup,terraform|observability|spark|aws
J71387,2025-05-13,Data Engineer,mid,Bengaluru,IN,remote,34000,45500,midmarket,sql|terraform|aws|kafka|spark
J71932,2025-05-13,Junior Data Analyst,junior,New York,US,hybrid,61500,81500,scaleup,excel|statistics|looker|tableau
J71988,2025-05-13,Senior Analytics Engineer,senior,Amsterdam,NL,hybrid,94500,126000,enterprise,snowflake|python|sql|git|dbt|airflow
J71845,2025-05-14,Senior Analytics Engineer,senior,San Francisco,US,hybrid,152000,202500,enterprise,python|dbt|snowflake|airflow
J72157,2025-05-14,Junior Data Engineer,junior,São Paulo,BR,hybrid,31000,41000,scaleup,aws|kafka|python|sql
J72597,2025-05-14,BI Developer,mid,San Francisco,US,hybrid,100000,133500,startup,power bi|sql|excel|modelling|dax
J70477,2025-05-15,Junior Data Analyst,junior,Berlin,DE,hybrid,,,scaleup,statistics|looker|sql|excel|tableau
J72367,2025-05-15,Analytics Engineer,mid,London,GB,hybrid,79500,106000,enterprise,git|snowflake|airflow|python|sql
J70745,2025-05-16,Junior Analytics Engineer,junior,Bengaluru,IN,remote,,,enterprise,python|snowflake|dbt|sql|git|airflow
J71183,2025-05-16,Senior Data Analyst,senior,Chicago,US,remote,94000,125000,enterprise,looker|sql|python|statistics|tableau
J72887,2025-05-16,Junior Data Platform Engineer,junior,New York,US,remote,115500,154000,startup,aws|python|spark|observability|terraform
J73145,2025-05-16,Data Platform Engineer,mid,New York,US,hybrid,152000,202500,startup,kubernetes|observability|python|spark|aws|terraform
J70825,2025-05-17,Data Scientist,mid,Bengaluru,IN,onsite,36500,48500,startup,python|sql|statistics|experimentation|pytorch
J71583,2025-05-17,Junior Data Engineer,junior,Chicago,US,hybrid,74000,99000,midmarket,spark|aws|terraform|sql|python
J72815,2025-05-17,Data Platform Engineer,mid,London,GB,hybrid,,,midmarket,aws|terraform|kubernetes|python|observability
J73131,2025-05-17,Data Analyst,mid,São Paulo,BR,hybrid,26500,35500,scaleup,tableau|sql|excel|python|statistics|looker
J73283,2025-05-17,Senior Data Analyst,senior,Chicago,US,remote,88500,118000,scaleup,statistics|looker|python|excel|sql
J71065,2025-05-18,Junior Data Engineer,junior,London,GB,remote,,,scaleup,sql|aws|terraform|python|kafka|spark
J71856,2025-05-18,Staff Machine Learning Engineer,staff,Amsterdam,NL,remote,177000,236000,enterprise,aws|mlflow|sql
J72734,2025-05-18,Lead Data Scientist,lead,Chicago,US,hybrid,189000,252000,startup,experimentation|statistics|python|pytorch|sql|pandas
J72941,2025-05-18,Senior Data Analyst,senior,Bengaluru,IN,remote,,,midmarket,python|tableau|looker|excel
J73051,2025-05-18,Data Scientist,mid,New York,US,onsite,134000,179000,scaleup,statistics|pandas|python|sql|pytorch|experimentation
J73405,2025-05-18,Senior Data Engineer,senior,Austin,US,hybrid,140000,187000,midmarket,spark|terraform|python
J70865,2025-05-19,Junior Data Engineer,junior,Bengaluru,IN,hybrid,25000,33000,scaleup,aws|kafka|airflow|sql
J72236,2025-05-19,Junior Data Analyst,junior,San Francisco,US,hybrid,72000,95500,midmarket,looker|sql|tableau
J70578,2025-05-20,Senior Data Analyst,senior,New York,US,hybrid,109000,145000,startup,tableau|statistics|looker|excel|python|sql
J72384,2025-05-20,Senior Data Platform Engineer,senior,London,GB,hybrid,,,enterprise,python|aws|observability|spark
J73455,2025-05-20,Data Analyst,mid,New York,US,hybrid,92000,122500,midmarket,sql|looker|python
J71343,2025-05-21,Data Analyst,mid,Amsterdam,NL,remote,60500,80500,startup,looker|sql|statistics|tableau|python|excel
J71596,2025-05-21,Staff Data Analyst,staff,Amsterdam,NL,remote,90000,120000,enterprise,tableau|looker|python|statistics|excel
J71193,2025-05-22,Lead Research Scientist,lead,London,GB,onsite,200500,267000,enterprise,pytorch|statistics|python|jax
J72501,2025-05-22,Senior Data Scientist,senior,São Paulo,BR,onsite,60000,80000,enterprise,pandas|sql|statistics
J72642,2025-05-22,Machine Learning Engineer,mid,New York,US,hybrid,150500,201000,scaleup,kubernetes|python|pytorch|sql|aws
J71038,2025-05-23,Senior Data Engineer,senior,San Francisco,US,remote,192000,256000,midmarket,spark|sql|kafka|aws
J72283,2025-05-23,Junior Data Engineer,junior,São Paulo,BR,hybrid,33500,44500,scaleup,aws|python|terraform|sql|kafka
J70790,2025-05-24,Junior Machine Learning Engineer,junior,Amsterdam,NL,hybrid,77500,103000,midmarket,python|mlflow|kubernetes|aws|pytorch|sql
J71448,2025-05-24,Senior Analytics Engineer,senior,Berlin,DE,hybrid,96000,128000,enterprise,python|sql|git
J71595,2025-05-24,Staff Data Scientist,staff,Toronto,CA,hybrid,137000,183000,midmarket,sql|pytorch|python|pandas|statistics
J71973,2025-05-24,BI Developer,mid,Austin,US,hybrid,78000,104000,scaleup,excel|power bi|dax
J73442,2025-05-24,Junior Data Analyst,junior,Amsterdam,NL,hybrid,41000,55000,midmarket,excel|sql|tableau|python|looker|statistics
J70225,2025-05-25,Lead Data Analyst,lead,Bengaluru,IN,hybrid,38000,51000,startup,statistics|python|tableau|excel|sql|looker
J71294,2025-05-25,Junior Data Analyst,junior,San Francisco,US,onsite,73000,97500,scaleup,statistics|sql|excel
J71457,2025-05-25,Junior Data Analyst,junior,New York,US,hybrid,66500,88500,enterprise,sql|excel|tableau|looker|python|statistics
J71607,2025-05-25,Junior Data Engineer,junior,London,GB,hybrid,64000,85500,startup,sql|spark|aws|airflow|terraform
J72194,2025-05-26,Junior Machine Learning Engineer,junior,Chicago,US,hybrid,,,enterprise,pytorch|python|aws
J72651,2025-05-26,Senior Analytics Engineer,senior,São Paulo,BR,hybrid,50500,67000,enterprise,python|sql|git|dbt|snowflake|airflow
J72682,2025-05-26,Junior Data Scientist,junior,Bengaluru,IN,remote,,,scaleup,statistics|experimentation|python|pandas|sql|pytorch
J71079,2025-05-27,Senior Data Engineer,senior,San Francisco,US,hybrid,172000,229500,enterprise,airflow|python|spark
J72718,2025-05-27,Junior Data Platform Engineer,junior,London,GB,remote,76500,102000,enterprise,terraform|python|aws|spark|observability|kubernetes
J73245,2025-05-27,Staff Analytics Engineer,staff,Berlin,DE,hybrid,114500,152500,scaleup,snowflake|python|git|airflow|dbt
J70688,2025-05-28,Junior Data Scientist,junior,Chicago,US,onsite,75500,101000,startup,python|sql|pytorch|experimentation|pandas
J71282,2025-05-28,Junior Analytics Engineer,junior,San Francisco,US,hybrid,,,startup,airflow|git|sql|python|snowflake|dbt
J71388,2025-05-28,Junior Data Analyst,junior,Berlin,DE,onsite,,,startup,statistics|sql|looker|tableau
J72237,2025-05-28,Staff Data Analyst,staff,London,GB,hybrid,90000,120000,startup,python|sql|tableau|statistics
J72694,2025-05-28,Data Platform Engineer,mid,London,GB,remote,103000,137000,enterprise,spark|python|observability|kubernetes
J72695,2025-05-28,Senior Data Platform Engineer,senior,São Paulo,BR,remote,,,startup,aws|python|kubernetes|terraform|spark|observability
J72818,2025-05-28,Data Platform Engineer,mid,Bengaluru,IN,hybrid,37000,49500,enterprise,spark|kubernetes|terraform
J70068,2025-05-30,Data Platform Engineer,mid,Chicago,US,onsite,119000,158500,enterprise,terraform|observability|python|spark|kubernetes|aws
J70506,2025-05-30,Lead Data Engineer,lead,New York,US,onsite,231000,308500,enterprise,terraform|spark|python
J71017,2025-05-30,Data Scientist,mid,Berlin,DE,remote,92000,123000,enterprise,pandas|experimentation|statistics|python|pytorch|sql
J70221,2025-05-31,Senior Analytics Engineer,senior,Amsterdam,NL,onsite,97000,129500,midmarket,git|dbt|sql
J70766,2025-05-31,Senior Data Engineer,senior,New York,US,hybrid,152500,203500,midmarket,python|airflow|terraform
J70876,2025-05-31,Staff Machine Learning Engineer,staff,Chicago,US,remote,203000,270500,midmarket,sql|pytorch|kubernetes|python|aws
J71665,2025-05-31,Senior Data Engineer,senior,São Paulo,BR,onsite,56500,75000,scaleup,sql|terraform|spark|aws|python|airflow
J72474,2025-05-31,Junior Data Analyst,junior,Amsterdam,NL,remote,47500,63000,enterprise,sql|python|excel|looker|statistics
J73231,2025-05-31,Junior Data Scientist,junior,Berlin,DE,onsite,67000,89500,scaleup,statistics|pandas|sql|pytorch|experimentation|python
J70357,2025-06-01,Junior Data Engineer,junior,San Francisco,US,hybrid,96000,127500,midmarket,aws|python|sql
J71061,2025-06-01,Analytics Engineer,mid,São Paulo,BR,onsite,36000,48000,midmarket,git|airflow|snowflake|python|dbt
J71507,2025-06-01,Junior Data Scientist,junior,London,GB,remote,,,startup,pandas|python|pytorch
J73046,2025-06-01,Junior Data Platform Engineer,junior,Amsterdam,NL,remote,77000,102500,scaleup,python|kubernetes|aws|observability|spark
J70330,2025-06-02,Data Analyst,mid,Amsterdam,NL,onsite,61000,81000,enterprise,excel|looker|sql|statistics|python|tableau
J72379,2025-06-02,Data Engineer,mid,London,GB,remote,92500,123500,enterprise,spark|aws|kafka|sql|terraform
J72809,2025-06-02,Senior Data Engineer,senior,New York,US,hybrid,159500,212500,scaleup,sql|python|spark|airflow
J70227,2025-06-03,Data Engineer,mid,San Francisco,US,hybrid,130000,173000,enterprise,airflow|sql|aws|kafka|python
J71359,2025-06-03,Senior Data Engineer,senior,San Francisco,US,remote,195000,259500,scaleup,terraform|spark|aws|sql|kafka|airflow
J71794,2025-06-03,Data Scientist,mid,New York,US,remote,148000,197000,enterprise,pytorch|sql|pandas
J72847,2025-06-03,Senior Data Engineer,senior,Bengaluru,IN,onsite,,,enterprise,kafka|spark|terraform|python|sql
J70077,2025-06-04,Senior Data Engineer,senior,Amsterdam,NL,onsite,,,midmarket,python|sql|terraform|spark|airflow|kafka
J73005,2025-06-05,Senior Data Engineer,senior,Amsterdam,NL,onsite,,,scaleup,kafka|python|airflow|spark|terraform
J73407,2025-06-05,Staff Data Analyst,staff,Toronto,CA,hybrid,,,scaleup,statistics|python|tableau|sql|excel|looker
J70582,2025-06-06,Staff Machine Learning Engineer,staff,Berlin,DE,remote,,,scaleup,aws|python|sql|pytorch
J70700,2025-06-06,Staff Analytics Engineer,staff,Bengaluru,IN,onsite,,,midmarket,airflow|snowflake|sql|dbt
J72708,2025-06-06,Senior Data Analyst,senior,Toronto,CA,onsite,79000,105500,midmarket,looker|excel|statistics|tableau|sql|python
J72746,2025-06-06,Staff BI Developer,staff,San Francisco,US,remote,161000,215000,enterprise,sql|power bi|dax
J72848,2025-06-06,Data Analyst,mid,Bengaluru,IN,onsite,26000,35000,enterprise,sql|excel|python
J72858,2025-06-06,Senior Data Analyst,senior,New York,US,onsite,112500,150000,startup,statistics|looker|excel|python|tableau
J70336,2025-06-07,Data Engineer,mid,Bengaluru,IN,hybrid,,,midmarket,airflow|kafka|aws
J70729,2025-06-07,Junior Data Analyst,junior,Berlin,DE,hybrid,,,enterprise,statistics|sql|looker
J72304,2025-06-07,Staff Machine Learning Engineer,staff,São Paulo,BR,hybrid,85500,114000,scaleup,sql|kubernetes|aws
J72312,2025-06-07,Senior Data Engineer,senior,São Paulo,BR,hybrid,,,scaleup,kafka|aws|sql|python
J72322,2025-06-07,Data Scientist,mid,Bengaluru,IN,hybrid,34500,46500,enterprise,python|pytorch|pandas|experimentation|statistics|sql
J72647,2025-06-07,Machine Learning Engineer,mid,Austin,US,onsite,121500,162000,enterprise,kubernetes|sql|aws|python|mlflow
J70641,2025-06-08,Junior Analytics Engineer,junior,San Francisco,US,hybrid,97000,129000,scaleup,airflow|sql|snowflake|git
J71773,2025-06-08,Junior Analytics Engineer,junior,London,GB,remote,61500,82000,scaleup,sql|python|airflow|snowflake
J72392,2025-06-08,Junior Data Engineer,junior,New York,US,remote,103500,138000,midmarket,kafka|python|airflow|terraform
J72808,2025-06-08,Staff Machine Learning Engineer,staff,São Paulo,BR,hybrid,83500,111500,enterprise,sql|aws|mlflow|python|pytorch|kubernetes
J70314,2025-06-09,Data Scientist,mid,San Francisco,US,onsite,155000,206500,midmarket,python|experimentation|pytorch|pandas
J70391,2025-06-09,Senior Data Engineer,senior,San Francisco,US,hybrid,187500,249500,enterprise,kafka|spark|python|terraform|sql|airflow
J71322,2025-06-09,Staff Data Scientist,staff,San Francisco,US,hybrid,215500,287500,scaleup,statistics|experimentation|pandas
J71643,2025-06-09,Data Engineer,mid,San Francisco,US,remote,139000,185500,midmarket,python|spark|kafka
J72770,2025-06-09,Data Scientist,mid,San Francisco,US,remote,161000,215000,scaleup,experimentation|pandas|sql|statistics|python
J72139,2025-06-10,Lead Machine Learning Engineer,lead,San Francisco,US,remote,289500,386000,midmarket,pytorch|aws|kubernetes|python
J70375,2025-06-11,Lead Data Analyst,lead,San Francisco,US,onsite,158500,211000,scaleup,python|excel|tableau|looker|statistics|sql
J70904,2025-06-11,Junior Data Analyst,junior,New York,US,remote,61500,82000,midmarket,looker|python|tableau
J72627,2025-06-11,Data Scientist,mid,Bengaluru,IN,remote,39000,52000,startup,experimentation|statistics|sql|pytorch|pandas
J70851,2025-06-12,Junior Machine Learning Engineer,junior,Chicago,US,hybrid,100500,134000,scaleup,sql|python|kubernetes|mlflow|aws
J71363,2025-06-12,Data Analyst,mid,Chicago,US,hybrid,71500,95000,enterprise,sql|statistics|excel
J71584,2025-06-12,Staff Data Engineer,staff,Amsterdam,NL,hybrid,136500,182000,midmarket,python|airflow|sql|kafka|aws
J71801,2025-06-12,Lead Data Analyst,lead,London,GB,onsite,,,enterprise,sql|statistics|looker|python|tableau|excel
J71807,2025-06-12,Senior Data Engineer,senior,Amsterdam,NL,onsite,111000,148000,enterprise,airflow|spark|sql|terraform|aws|python
J70069,2025-06-13,Lead Data Engineer,lead,Austin,US,hybrid,165000,219500,scaleup,kafka|spark|sql|python|terraform|aws
J72685,2025-06-13,Junior BI Developer,junior,São Paulo,BR,hybrid,23500,31500,enterprise,power bi|excel|sql|modelling|dax
J73053,2025-06-13,Senior Data Analyst,senior,Austin,US,remote,96500,129000,startup,sql|excel|looker|statistics
J73352,2025-06-13,Data Platform Engineer,mid,Bengaluru,IN,onsite,,,scaleup,spark|kubernetes|aws
J72401,2025-06-14,Junior Data Analyst,junior,San Francisco,US,hybrid,71500,95500,startup,excel|sql|python|tableau
J71037,2025-06-15,Analytics Engineer,mid,Chicago,US,remote,102500,137000,midmarket,python|dbt|sql|snowflake|airflow
J72467,2025-06-15,Data Engineer,mid,London,GB,hybrid,,,enterprise,terraform|aws|python|kafka
J73255,2025-06-15,Data Scientist,mid,San Francisco,US,hybrid,155500,207500,midmarket,statistics|experimentation|pandas|python|sql
J71019,2025-06-16,Data Scientist,mid,Austin,US,remote,117500,157000,enterprise,pandas|pytorch|experimentation
J71116,2025-06-16,Senior Data Engineer,senior,Chicago,US,hybrid,144000,192000,midmarket,terraform|sql|airflow|aws
J72158,2025-06-16,Lead Data Analyst,lead,Bengaluru,IN,remote,,,startup,excel|looker|tableau|sql|python
J72265,2025-06-16,Senior Data Engineer,senior,London,GB,onsite,124500,166000,midmarket,sql|kafka|terraform|aws|airflow
J73309,2025-06-16,Data Engineer,mid,Bengaluru,IN,onsite,33500,44500,scaleup,aws|terraform|kafka|python|spark
J70027,2025-06-17,Staff Analytics Engineer,staff,San Francisco,US,hybrid,183500,245000,midmarket,git|sql|snowflake|python|airflow
J70196,2025-06-17,Senior Data Platform Engineer,senior,Bengaluru,IN,hybrid,,,scaleup,spark|terraform|kubernetes
J71501,2025-06-17,Junior Machine Learning Engineer,junior,New York,US,remote,,,startup,mlflow|aws|pytorch|python|sql
J72561,2025-06-17,Junior Analytics Engineer,junior,London,GB,hybrid,60000,80000,enterprise,git|airflow|python|snowflake|sql|dbt
J72924,2025-06-17,Junior Data Analyst,junior,Bengaluru,IN,remote,,,startup,sql|statistics|python
J73496,2025-06-17,Machine Learning Engineer,mid,Chicago,US,onsite,122500,163500,enterprise,aws|pytorch|python|sql
J71400,2025-06-18,Junior Machine Learning Engineer,junior,San Francisco,US,remote,131000,174500,enterprise,sql|python|pytorch|kubernetes|aws
J71762,2025-06-18,Senior Data Analyst,senior,Toronto,CA,remote,80500,107500,enterprise,excel|statistics|sql|looker
J71102,2025-06-19,Lead Data Scientist,lead,London,GB,onsite,,,startup,experimentation|statistics|sql
J71356,2025-06-19,Data Analyst,mid,São Paulo,BR,remote,28500,38000,enterprise,statistics|sql|tableau
J72669,2025-06-19,Data Scientist,mid,Bengaluru,IN,hybrid,,,enterprise,experimentation|python|pytorch|pandas
J70388,2025-06-20,Lead Machine Learning Engineer,lead,San Francisco,US,hybrid,290500,387500,startup,mlflow|kubernetes|python
J71825,2025-06-20,Research Scientist,mid,Austin,US,onsite,131500,175000,enterprise,jax|python|research
J72213,2025-06-20,Data Scientist,mid,Bengaluru,IN,hybrid,37500,50500,midmarket,pytorch|python|statistics|experimentation|pandas
J72242,2025-06-20,Data Scientist,mid,Amsterdam,NL,hybrid,88500,118000,startup,statistics|python|experimentation|sql|pandas
J72460,2025-06-20,Senior Data Analyst,senior,Bengaluru,IN,hybrid,,,midmarket,statistics|tableau|python|looker|sql
J72534,2025-06-20,Senior Data Platform Engineer,senior,Amsterdam,NL,hybrid,129500,173000,midmarket,terraform|aws|python|kubernetes
J72984,2025-06-20,Junior Data Engineer,junior,São Paulo,BR,hybrid,31500,42500,enterprise,sql|kafka|aws|airflow|spark
J71796,2025-06-21,Analytics Engineer,mid,San Francisco,US,hybrid,125000,166500,scaleup,snowflake|dbt|sql|airflow|git|python
J72299,2025-06-21,Staff Analytics Engineer,staff,Berlin,DE,hybrid,123500,165000,scaleup,dbt|airflow|snowflake
J72935,2025-06-21,Senior Analytics Engineer,senior,Austin,US,onsite,124500,165500,midmarket,dbt|airflow|python
J71547,2025-06-22,BI Developer,mid,Chicago,US,hybrid,78500,104500,scaleup,excel|power bi|modelling|sql|dax
J71741,2025-06-22,Senior Analytics Engineer,senior,New York,US,onsite,159500,212500,startup,git|airflow|snowflake
J73367,2025-06-22,Staff BI Developer,staff,São Paulo,BR,hybrid,52500,70000,midmarket,sql|excel|modelling
J70675,2025-06-23,Junior Machine Learning Engineer,junior,San Francisco,US,onsite,133000,177500,enterprise,sql|mlflow|aws|python|kubernetes|pytorch
J71192,2025-06-23,Junior Data Analyst,junior,London,GB,hybrid,46000,61000,startup,statistics|tableau|looker|excel
J71738,2025-06-23,Senior Data Analyst,senior,New York,US,hybrid,119500,159500,enterprise,looker|excel|statistics|python|sql|tableau
J72197,2025-06-23,Data Analyst,mid,Toronto,CA,remote,,,midmarket,sql|excel|python
J72845,2025-06-23,Data Scientist,mid,New York,US,remote,,,startup,pandas|pytorch|sql
J73454,2025-06-23,Data Analyst,mid,Chicago,US,hybrid,68500,91500,midmarket,excel|tableau|python
J70484,2025-06-24,Data Analyst,mid,San Francisco,US,hybrid,92500,123000,scaleup,python|sql|looker|tableau|statistics
J71752,2025-06-25,Research Scientist,mid,New York,US,hybrid,170000,226500,startup,python|jax|pytorch|research
J70155,2025-06-26,Analytics Engineer,mid,New York,US,hybrid,124000,165500,enterprise,git|sql|airflow
J70224,2025-06-26,Junior Data Analyst,junior,New York,US,onsite,61500,81500,startup,excel|statistics|looker
J71508,2025-06-26,Junior BI Developer,junior,São Paulo,BR,hybrid,22000,29500,scaleup,sql|modelling|excel|dax|power bi
J71582,2025-06-26,Senior Analytics Engineer,senior,Toronto,CA,remote,109500,146000,scaleup,python|git|airflow
J70104,2025-06-27,Data Engineer,mid,San Francisco,US,remote,135000,179500,enterprise,terraform|python|kafka|spark|airflow|aws
J71798,2025-06-27,Junior Data Analyst,junior,Toronto,CA,onsite,42000,55500,startup,looker|python|statistics
J72171,2025-06-27,Senior BI Developer,senior,Toronto,CA,hybrid,86000,114500,enterprise,modelling|sql|excel|dax|power bi
J73125,2025-06-27,Analytics Engineer,mid,Berlin,DE,onsite,73500,98000,scaleup,snowflake|git|airflow|python|sql
J71868,2025-06-28,Junior Data Engineer,junior,Toronto,CA,onsite,,,startup,kafka|spark|sql
J73044,2025-06-28,Data Scientist,mid,New York,US,remote,,,enterprise,python|statistics|pytorch
J70088,2025-06-29,Lead Data Engineer,lead,Chicago,US,remote,166500,222000,startup,spark|python|aws|sql|airflow|kafka
J71383,2025-06-29,Junior Data Engineer,junior,Berlin,DE,hybrid,64500,86000,scaleup,aws|kafka|sql
J72001,2025-06-29,Staff BI Developer,staff,New York,US,hybrid,154000,205500,startup,power bi|sql|modelling|dax|excel
J72475,2025-06-29,Junior Data Platform Engineer,junior,London,GB,onsite,,,scaleup,python|aws|kubernetes|terraform
J72872,2025-06-29,Data Engineer,mid,Bengaluru,IN,remote,35500,47500,startup,aws|spark|python|kafka|sql
J72914,2025-06-29,Junior Data Platform Engineer,junior,New York,US,remote,,,enterprise,terraform|aws|python|observability|kubernetes
J73362,2025-06-29,Senior Data Engineer,senior,Toronto,CA,hybrid,114500,152500,scaleup,aws|airflow|python
J71730,2025-06-30,Junior Machine Learning Engineer,junior,Toronto,CA,hybrid,74500,99500,midmarket,pytorch|python|mlflow|kubernetes|aws|sql
J72230,2025-06-30,Staff Data Analyst,staff,London,GB,hybrid,,,enterprise,excel|sql|looker|tableau|statistics
J72591,2025-06-30,Analytics Engineer,mid,San Francisco,US,remote,131500,175500,scaleup,git|dbt|airflow|sql|python
J70434,2025-07-01,Staff Data Engineer,staff,Berlin,DE,onsite,135000,180000,midmarket,terraform|sql|airflow|python|aws|kafka
J70759,2025-07-01,Staff Research Scientist,staff,Bengaluru,IN,remote,,,scaleup,research|pytorch|statistics|python
J70958,2025-07-01,Data Analyst,mid,Berlin,DE,onsite,51500,69000,enterprise,excel|python|sql|statistics|looker
J71664,2025-07-01,Data Scientist,mid,Berlin,DE,hybrid,84500,113000,enterprise,statistics|pytorch|python|sql|pandas
J70288,2025-07-02,Lead Research Scientist,lead,London,GB,onsite,,,scaleup,jax|research|python|pytorch
J72205,2025-07-02,Junior Data Analyst,junior,Berlin,DE,hybrid,43500,57500,midmarket,python|statistics|tableau|sql|looker|excel
J72648,2025-07-02,Senior Machine Learning Engineer,senior,Chicago,US,remote,153000,204000,midmarket,pytorch|mlflow|kubernetes|sql|aws
J73023,2025-07-02,Junior Data Scientist,junior,London,GB,hybrid,73000,97000,enterprise,statistics|experimentation|python|sql|pytorch
J73065,2025-07-02,Junior Research Scientist,junior,Austin,US,onsite,107500,143500,midmarket,jax|statistics|pytorch|python
J73234,2025-07-02,Senior Analytics Engineer,senior,Bengaluru,IN,hybrid,41000,54500,enterprise,sql|git|python
J70528,2025-07-03,Data Platform Engineer,mid,São Paulo,BR,hybrid,,,scaleup,spark|python|terraform|aws|observability|kubernetes
J73293,2025-07-03,Junior Machine Learning Engineer,junior,São Paulo,BR,remote,40500,54000,startup,python|kubernetes|mlflow|sql|pytorch|aws
J71887,2025-07-04,Data Platform Engineer,mid,Berlin,DE,hybrid,84000,112000,enterprise,observability|terraform|python|kubernetes|spark|aws
J72275,2025-07-04,Senior Data Scientist,senior,New York,US,hybrid,166500,221500,midmarket,pytorch|pandas|python|sql
J72652,2025-07-04,Junior Machine Learning Engineer,junior,São Paulo,BR,hybrid,37500,50500,midmarket,kubernetes|aws|sql|mlflow|python|pytorch
J71167,2025-07-06,Senior Research Scientist,senior,Austin,US,hybrid,161000,214500,enterprise,python|pytorch|statistics|jax
J72179,2025-07-07,Data Platform Engineer,mid,Chicago,US,onsite,110500,147000,enterprise,observability|kubernetes|aws|spark|python
J72974,2025-07-07,Lead Data Analyst,lead,London,GB,hybrid,100500,134000,scaleup,excel|tableau|statistics
J73128,2025-07-07,Analytics Engineer,mid,Chicago,US,remote,90500,121000,scaleup,sql|snowflake|dbt
J70459,2025-07-08,Data Analyst,mid,Bengaluru,IN,remote,,,scaleup,statistics|sql|tableau|excel
J70529,2025-07-08,BI Developer,mid,Chicago,US,hybrid,74000,98500,enterprise,sql|modelling|dax
J71453,2025-07-08,Data Scientist,mid,Berlin,DE,onsite,93000,124500,scaleup,statistics|python|pytorch|experimentation|sql|pandas
J71821,2025-07-08,Senior Data Scientist,senior,San Francisco,US,onsite,188000,250500,enterprise,experimentation|sql|python|pandas
J72491,2025-07-08,Senior Data Platform Engineer,senior,New York,US,hybrid,,,scaleup,python|terraform|spark|kubernetes|observability|aws
J72638,2025-07-08,Senior Data Engineer,senior,Chicago,US,hybrid,131000,174500,enterprise,python|aws|terraform|spark
J73232,2025-07-08,Lead Analytics Engineer,lead,Berlin,DE,onsite,116000,154500,enterprise,airflow|snowflake|dbt|git
J70997,2025-07-09,Machine Learning Engineer,mid,New York,US,hybrid,147000,196000,enterprise,sql|mlflow|pytorch|aws|kubernetes
J71165,2025-07-09,Data Analyst,mid,Toronto,CA,remote,64500,86000,enterprise,python|excel|sql|looker|tableau
J71491,2025-07-09,Staff Data Engineer,staff,San Francisco,US,remote,221500,295500,scaleup,aws|sql|airflow|terraform|python|kafka
J72277,2025-07-09,Senior Data Analyst,senior,New York,US,hybrid,116500,155500,scaleup,sql|statistics|excel|tableau
J70526,2025-07-10,Senior Data Analyst,senior,Bengaluru,IN,hybrid,,,startup,looker|statistics|python|excel|tableau|sql
J71203,2025-07-10,Junior Analytics Engineer,junior,London,GB,onsite,65500,87000,startup,dbt|snowflake|airflow
J73388,2025-07-10,Senior Data Scientist,senior,Berlin,DE,hybrid,107000,143000,enterprise,python|pytorch|experimentation|sql|pandas
J70719,2025-07-11,Data Scientist,mid,San Francisco,US,hybrid,,,scaleup,sql|experimentation|pytorch|python|statistics
J71728,2025-07-11,Machine Learning Engineer,mid,New York,US,hybrid,146000,194500,startup,mlflow|sql|pytorch|kubernetes|python|aws
J72842,2025-07-11,Data Analyst,mid,New York,US,remote,88500,117500,scaleup,tableau|statistics|excel|python|looker|sql
J73178,2025-07-11,Senior Analytics Engineer,senior,Austin,US,remote,130500,173500,startup,git|dbt|snowflake
J73348,2025-07-11,Junior Data Scientist,junior,Toronto,CA,remote,70500,94000,scaleup,pandas|experimentation|python|sql
J73382,2025-07-11,Data Analyst,mid,London,GB,hybrid,,,startup,excel|sql|looker|python|statistics
J72604,2025-07-12,Data Scientist,mid,Chicago,US,onsite,107000,142500,enterprise,python|experimentation|pytorch
J72665,2025-07-12,Junior Data Engineer,junior,Berlin,DE,onsite,59000,78500,startup,spark|sql|aws|airflow|terraform
J72882,2025-07-12,Senior Data Analyst,senior,Berlin,DE,remote,,,enterprise,tableau|looker|statistics|python|sql|excel
J70779,2025-07-13,Data Engineer,mid,San Francisco,US,hybrid,129000,172000,enterprise,python|kafka|airflow
J71639,2025-07-13,Staff Machine Learning Engineer,staff,San Francisco,US,hybrid,259000,345000,midmarket,aws|python|pytorch|sql
J71941,2025-07-13,Staff Data Scientist,staff,Amsterdam,NL,remote,137000,183000,scaleup,pandas|statistics|pytorch|python
J71970,2025-07-13,Junior Data Scientist,junior,London,GB,hybrid,67500,90500,enterprise,python|pytorch|sql|experimentation|statistics
J72898,2025-07-14,Senior Analytics Engineer,senior,London,GB,remote,110500,147500,enterprise,sql|python|git|dbt
J73363,2025-07-14,Junior Data Scientist,junior,Chicago,US,remote,88000,117500,scaleup,experimentation|sql|python|pandas|pytorch
J70452,2025-07-15,Data Analyst,mid,San Francisco,US,hybrid,95500,127500,scaleup,statistics|sql|excel|tableau|looker|python
J70620,2025-07-15,Junior Data Platform Engineer,junior,Berlin,DE,remote,64500,86000,midmarket,kubernetes|aws|python|spark|observability
J72035,2025-07-15,Senior Data Engineer,senior,London,GB,remote,126500,169000,midmarket,terraform|spark|kafka|aws|python|sql
J72199,2025-07-15,Data Analyst,mid,San Francisco,US,onsite,88500,118000,scaleup,python|statistics|looker|sql
J70709,2025-07-16,Junior Data Analyst,junior,London,GB,hybrid,44500,59500,midmarket,sql|excel|statistics|looker
J70726,2025-07-16,Analytics Engineer,mid,San Francisco,US,hybrid,134000,178500,scaleup,airflow|git|dbt|snowflake|sql|python
J71655,2025-07-16,Junior Machine Learning Engineer,junior,São Paulo,BR,hybrid,,,midmarket,aws|pytorch|sql|kubernetes|python|mlflow
J71298,2025-07-17,Staff Analytics Engineer,staff,Chicago,US,hybrid,139000,185500,scaleup,sql|git|snowflake|python|dbt|airflow
J71632,2025-07-17,Junior Analytics Engineer,junior,New York,US,hybrid,86500,115500,midmarket,git|sql|python
J71967,2025-07-17,Lead Analytics Engineer,lead,New York,US,hybrid,202000,269500,startup,snowflake|python|airflow
J72805,2025-07-17,Analytics Engineer,mid,Toronto,CA,remote,81000,108000,scaleup,airflow|sql|dbt|git
J70164,2025-07-18,Lead Data Scientist,lead,London,GB,hybrid,160500,214500,enterprise,pytorch|pandas|python
J70843,2025-07-18,Junior BI Developer,junior,Bengaluru,IN,remote,19000,25500,scaleup,modelling|excel|dax|power bi
J71397,2025-07-19,Senior Data Engineer,senior,San Francisco,US,remote,191500,255000,scaleup,sql|kafka|airflow
J72449,2025-07-19,Staff Data Scientist,staff,San Francisco,US,remote,238500,318000,startup,python|pytorch|experimentation|sql|pandas|statistics
J70029,2025-07-20,Senior Data Scientist,senior,Berlin,DE,hybrid,108000,144000,startup,python|pandas|experimentation|pytorch|statistics|sql
J71121,2025-07-20,Junior Analytics Engineer,junior,London,GB,remote,,,startup,snowflake|python|dbt|airflow
J72450,2025-07-20,Data Engineer,mid,Bengaluru,IN,hybrid,,,startup,kafka|python|spark|terraform|airflow
J71179,2025-07-21,Junior Data Analyst,junior,San Francisco,US,onsite,,,scaleup,excel|statistics|tableau|sql|looker
J70118,2025-07-22,Data Engineer,mid,Austin,US,hybrid,,,startup,kafka|aws|airflow
J70704,2025-07-22,Analytics Engineer,mid,New York,US,remote,121000,161000,startup,snowflake|dbt|python|sql|airflow
J71672,2025-07-22,Data Scientist,mid,Austin,US,onsite,113500,151000,enterprise,pytorch|experimentation|sql|statistics|pandas|python
J72252,2025-07-22,Staff Machine Learning Engineer,staff,Bengaluru,IN,onsite,,,midmarket,mlflow|python|pytorch|kubernetes|sql|aws
J72653,2025-07-22,Lead Data Engineer,lead,San Francisco,US,remote,249500,333000,scaleup,terraform|kafka|airflow|spark
J72766,2025-07-22,Staff Research Scientist,staff,São Paulo,BR,onsite,84500,113000,midmarket,jax|pytorch|statistics|research|python
J73062,2025-07-22,Data Analyst,mid,Chicago,US,hybrid,73500,98000,startup,python|tableau|statistics
J71837,2025-07-23,Senior Data Scientist,senior,Toronto,CA,remote,120000,160000,midmarket,statistics|experimentation|pytorch
J73416,2025-07-23,Staff Data Platform Engineer,staff,London,GB,remote,146000,195000,enterprise,observability|python|spark|kubernetes|aws|terraform
J71276,2025-07-24,Junior Data Analyst,junior,Berlin,DE,hybrid,37500,50000,scaleup,statistics|excel|tableau|looker|python|sql
J72843,2025-07-24,Senior Data Engineer,senior,Chicago,US,remote,130000,173500,midmarket,sql|terraform|aws|spark|kafka|airflow
J73038,2025-07-24,Data Engineer,mid,São Paulo,BR,hybrid,43000,57500,scaleup,airflow|aws|python|sql
J73374,2025-07-24,Junior Data Analyst,junior,San Francisco,US,remote,76500,102500,scaleup,looker|python|sql
J71205,2025-07-25,Data Engineer,mid,New York,US,hybrid,130000,173000,startup,python|spark|airflow|kafka
J72520,2025-07-25,Data Engineer,mid,Bengaluru,IN,onsite,37500,50000,scaleup,airflow|sql|python|spark
J73322,2025-07-25,Data Analyst,mid,Berlin,DE,remote,,,midmarket,tableau|excel|statistics|python|sql|looker
J71367,2025-07-26,Senior Data Analyst,senior,Toronto,CA,onsite,,,startup,sql|statistics|excel|python|tableau
J71645,2025-07-26,Staff Analytics Engineer,staff,Toronto,CA,hybrid,113000,150500,startup,dbt|sql|snowflake|airflow
J71748,2025-07-26,Junior Data Analyst,junior,San Francisco,US,hybrid,,,scaleup,excel|looker|tableau
J72508,2025-07-26,Analytics Engineer,mid,São Paulo,BR,remote,40000,53500,midmarket,sql|dbt|airflow
J70086,2025-07-27,Lead Analytics Engineer,lead,Toronto,CA,remote,127500,170000,startup,git|dbt|python|airflow|sql
J71982,2025-07-27,Data Engineer,mid,São Paulo,BR,onsite,46000,61500,midmarket,sql|python|terraform|airflow|spark
J73460,2025-07-27,Senior BI Developer,senior,New York,US,remote,128500,171500,midmarket,dax|power bi|modelling|sql|excel
J71080,2025-07-28,Research Scientist,mid,New York,US,hybrid,165000,220000,enterprise,python|jax|pytorch
J72607,2025-07-28,Junior Data Engineer,junior,Austin,US,hybrid,82500,110000,enterprise,terraform|aws|airflow|spark
J73205,2025-07-28,Senior Data Analyst,senior,Amsterdam,NL,onsite,69000,92000,midmarket,tableau|statistics|sql
J70918,2025-07-29,Staff Analytics Engineer,staff,New York,US,hybrid,171000,228000,scaleup,python|snowflake|git|sql
J72568,2025-07-29,Junior Data Analyst,junior,San Francisco,US,remote,72000,96000,startup,looker|tableau|statistics|python|sql
J72989,2025-07-29,Junior Data Platform Engineer,junior,São Paulo,BR,hybrid,33000,44000,startup,python|observability|aws|terraform|spark|kubernetes
J70618,2025-07-30,Junior Data Analyst,junior,Austin,US,remote,53500,71000,startup,sql|statistics|tableau
J71640,2025-07-30,Senior Data Analyst,senior,San Francisco,US,onsite,120000,160500,scaleup,tableau|python|sql
J72036,2025-07-30,Analytics Engineer,mid,London,GB,hybrid,79500,106000,startup,python|dbt|airflow|sql|snowflake
J70145,2025-08-01,Junior Data Scientist,junior,London,GB,remote,73500,98000,midmarket,python|pytorch|pandas|experimentation
J72725,2025-08-01,Junior Research Scientist,junior,San Francisco,US,onsite,124500,166000,enterprise,pytorch|research|python
J70474,2025-08-02,Senior BI Developer,senior,New York,US,hybrid,121000,161000,scaleup,modelling|dax|power bi|excel|sql
J70889,2025-08-02,Senior Data Platform Engineer,senior,London,GB,onsite,132000,176000,scaleup,terraform|aws|spark
J71674,2025-08-02,Senior Data Engineer,senior,Berlin,DE,hybrid,105500,140500,midmarket,sql|terraform|spark|aws|airflow
J73387,2025-08-02,Data Scientist,mid,Bengaluru,IN,hybrid,34500,46500,scaleup,python|sql|pytorch|statistics
J73428,2025-08-02,Senior Data Platform Engineer,senior,Chicago,US,onsite,144000,192000,scaleup,python|aws|observability|kubernetes|terraform
J70123,2025-08-03,Senior Data Scientist,senior,Bengaluru,IN,remote,53000,70500,startup,sql|experimentation|python
J72480,2025-08-03,Data Engineer,mid,Bengaluru,IN,remote,36500,48500,scaleup,spark|sql|aws|python|airflow|kafka
J72545,2025-08-03,Junior Machine Learning Engineer,junior,Austin,US,hybrid,95000,126500,scaleup,python|sql|aws|pytorch|mlflow|kubernetes
J70059,2025-08-04,Senior Data Engineer,senior,New York,US,remote,174500,232500,scaleup,aws|airflow|terraform|spark
J71847,2025-08-04,Senior Analytics Engineer,senior,San Francisco,US,hybrid,156000,208000,scaleup,sql|snowflake|git|python
J73155,2025-08-04,Junior Data Engineer,junior,Bengaluru,IN,remote,28500,38000,midmarket,terraform|python|spark
J73181,2025-08-04,Senior Data Analyst,senior,Amsterdam,NL,remote,,,enterprise,python|statistics|sql|looker
J70207,2025-08-05,Analytics Engineer,mid,London,GB,remote,83000,110500,scaleup,dbt|airflow|sql
J70782,2025-08-05,Senior Data Analyst,senior,San Francisco,US,remote,117500,156500,startup,statistics|sql|excel|python|looker
J71049,2025-08-05,Data Engineer,mid,New York,US,remote,124000,165500,scaleup,python|terraform|sql|airflow|kafka
J73259,2025-08-05,Data Engineer,mid,Berlin,DE,remote,,,scaleup,sql|kafka|terraform|spark|airflow
J70355,2025-08-06,Data Analyst,mid,London,GB,onsite,65500,87500,scaleup,tableau|looker|python
J70561,2025-08-06,Junior Data Analyst,junior,San Francisco,US,remote,,,enterprise,python|sql|looker|excel|statistics|tableau
J70615,2025-08-06,Data Engineer,mid,London,GB,remote,87000,116000,enterprise,sql|airflow|spark|terraform
J71404,2025-08-06,Data Engineer,mid,Austin,US,remote,,,startup,airflow|sql|spark|aws|kafka|terraform
J73087,2025-08-06,Lead Machine Learning Engineer,lead,San Francisco,US,onsite,274000,365500,scaleup,sql|kubernetes|python|mlflow|pytorch
J70003,2025-08-07,Senior Machine Learning Engineer,senior,Austin,US,hybrid,171500,229000,scaleup,python|mlflow|kubernetes|aws|sql|pytorch
J70358,2025-08-07,Senior Analytics Engineer,senior,New York,US,hybrid,137000,183000,startup,snowflake|dbt|git|sql
J70664,2025-08-07,Lead Analytics Engineer,lead,New York,US,remote,190000,253000,enterprise,python|git|sql|airflow|dbt
J71619,2025-08-07,Senior BI Developer,senior,San Francisco,US,hybrid,120000,159500,enterprise,modelling|sql|power bi
J73240,2025-08-07,Staff Data Analyst,staff,San Francisco,US,hybrid,133000,177500,midmarket,statistics|excel|sql|looker|tableau|python
J73318,2025-08-07,Data Platform Engineer,mid,Berlin,DE,onsite,,,startup,kubernetes|aws|observability|python|spark|terraform
J70927,2025-08-08,Junior Data Engineer,junior,Bengaluru,IN,onsite,,,scaleup,spark|aws|terraform|sql|python
J71213,2025-08-08,Staff BI Developer,staff,London,GB,hybrid,,,enterprise,sql|power bi|excel|modelling|dax
J72279,2025-08-08,Data Analyst,mid,San Francisco,US,hybrid,97000,129000,scaleup,excel|tableau|sql|python|statistics|looker
J72348,2025-08-08,Data Scientist,mid,London,GB,onsite,90500,120500,scaleup,sql|python|statistics|pytorch|pandas|experimentation
J71003,2025-08-09,Senior Data Engineer,senior,New York,US,remote,163000,217500,scaleup,spark|kafka|terraform|python|sql|airflow
J71948,2025-08-09,Data Analyst,mid,Chicago,US,remote,71000,94500,startup,looker|python|tableau
J72789,2025-08-09,Data Scientist,mid,San Francisco,US,hybrid,143500,191500,enterprise,sql|pandas|statistics|pytorch|experimentation
J72633,2025-08-10,Senior Analytics Engineer,senior,New York,US,remote,164000,218500,startup,sql|git|dbt|airflow|python
J73383,2025-08-10,Junior Analytics Engineer,junior,New York,US,hybrid,,,midmarket,git|python|sql|snowflake
J70352,2025-08-11,Data Analyst,mid,San Francisco,US,hybrid,100500,134000,midmarket,sql|tableau|statistics|looker|python
J71345,2025-08-11,Staff Data Platform Engineer,staff,Bengaluru,IN,hybrid,57500,76500,enterprise,kubernetes|spark|aws|terraform|python
J73080,2025-08-11,Senior Data Scientist,senior,Bengaluru,IN,hybrid,50000,66500,midmarket,pytorch|experimentation|pandas|statistics
J73394,2025-08-11,Senior BI Developer,senior,New York,US,hybrid,118500,158000,midmarket,modelling|sql|power bi|dax
J70101,2025-08-12,Senior Data Scientist,senior,Austin,US,onsite,135000,180000,startup,pytorch|pandas|python
J70114,2025-08-12,Senior Data Analyst,senior,Toronto,CA,onsite,77500,103500,enterprise,excel|python|sql
J70297,2025-08-12,Senior Data Analyst,senior,São Paulo,BR,onsite,,,enterprise,sql|excel|tableau
J70478,2025-08-12,Junior Data Engineer,junior,Toronto,CA,remote,,,midmarket,terraform|spark|kafka|sql|python
J71098,2025-08-12,Senior Data Engineer,senior,Bengaluru,IN,hybrid,45500,60500,midmarket,spark|airflow|python|terraform|aws|kafka
J72174,2025-08-12,Senior Data Analyst,senior,Berlin,DE,remote,,,enterprise,sql|tableau|excel|python|statistics
J71968,2025-08-13,BI Developer,mid,Chicago,US,onsite,71000,95000,enterprise,excel|sql|power bi|dax|modelling
J73127,2025-08-13,Senior Data Analyst,senior,San Francisco,US,onsite,113500,151500,scaleup,looker|tableau|python|sql|excel
J73166,2025-08-13,Analytics Engineer,mid,Bengaluru,IN,onsite,,,midmarket,snowflake|python|airflow|dbt|git
J70058,2025-08-14,BI Developer,mid,Bengaluru,IN,hybrid,24500,32500,enterprise,dax|modelling|power bi|excel|sql
J70713,2025-08-14,Senior Data Engineer,senior,Chicago,US,remote,133000,177500,enterprise,aws|kafka|terraform|sql|airflow
J72497,2025-08-14,Data Engineer,mid,London,GB,onsite,99000,132000,enterprise,python|terraform|airflow|spark|kafka
J71488,2025-08-15,Senior Analytics Engineer,senior,London,GB,onsite,103000,137500,scaleup,sql|python|dbt|snowflake
J71897,2025-08-15,Junior Analytics Engineer,junior,São Paulo,BR,hybrid,29000,38500,enterprise,snowflake|git|python|sql|dbt
J72769,2025-08-15,Senior Data Engineer,senior,Bengaluru,IN,hybrid,,,startup,aws|airflow|spark
J70662,2025-08-16,Senior Data Engineer,senior,Berlin,DE,hybrid,112500,150500,midmarket,airflow|spark|terraform|aws|kafka|python
J70757,2025-08-16,Lead Data Analyst,lead,London,GB,remote,98500,131000,enterprise,excel|tableau|python|looker
J70896,2025-08-16,Staff Data Engineer,staff,San Francisco,US,remote,238500,318000,enterprise,spark|terraform|airflow
J73489,2025-08-16,Data Analyst,mid,San Francisco,US,hybrid,92500,123500,enterprise,tableau|statistics|python
J70290,2025-08-17,Data Scientist,mid,London,GB,remote,104000,139000,midmarket,experimentation|python|pandas|pytorch|statistics
J71135,2025-08-17,Junior Data Analyst,junior,London,GB,remote,44000,58500,enterprise,tableau|python|looker
J71342,2025-08-17,Lead Data Scientist,lead,Berlin,DE,hybrid,132000,176000,scaleup,pandas|statistics|pytorch|sql|python|experimentation
J71587,2025-08-17,Junior Data Scientist,junior,San Francisco,US,onsite,104000,138500,scaleup,experimentation|python|pandas|statistics|sql
J72009,2025-08-17,Data Engineer,mid,Berlin,DE,hybrid,83000,110500,startup,spark|sql|python|terraform|aws|kafka
J72089,2025-08-17,Data Analyst,mid,London,GB,onsite,,,startup,statistics|python|excel|looker
J72198,2025-08-17,Data Engineer,mid,Berlin,DE,remote,85000,113500,enterprise,kafka|airflow|sql|spark|terraform
J70319,2025-08-18,Senior Analytics Engineer,senior,Berlin,DE,onsite,97500,130000,startup,sql|python|dbt|airflow|git
J71378,2025-08-18,Data Engineer,mid,New York,US,remote,144000,192000,enterprise,terraform|aws|spark|sql|python
J71984,2025-08-18,Machine Learning Engineer,mid,New York,US,remote,173000,231000,enterprise,pytorch|python|mlflow|kubernetes|aws|sql
J70594,2025-08-19,Senior Data Engineer,senior,Bengaluru,IN,onsite,,,startup,kafka|python|terraform|sql|aws
J71229,2025-08-19,Senior Analytics Engineer,senior,Toronto,CA,hybrid,101500,135000,scaleup,snowflake|python|dbt|sql|airflow
J71280,2025-08-19,Junior Data Analyst,junior,Toronto,CA,onsite,46000,61500,enterprise,looker|statistics|sql|excel|tableau
J71573,2025-08-19,Analytics Engineer,mid,Chicago,US,onsite,97500,130000,enterprise,snowflake|python|dbt|airflow|git|sql
J71644,2025-08-19,Junior Data Scientist,junior,New York,US,hybrid,,,enterprise,pandas|experimentation|pytorch|sql|statistics|python
J71820,2025-08-19,Staff Data Engineer,staff,Chicago,US,remote,,,enterprise,spark|terraform|kafka|sql|airflow
J72062,2025-08-19,Data Scientist,mid,Berlin,DE,remote,95000,127000,midmarket,python|pandas|statistics
J72361,2025-08-19,Data Scientist,mid,Bengaluru,IN,hybrid,36500,49000,enterprise,sql|pandas|python|experimentation
J73295,2025-08-19,Junior Data Analyst,junior,Toronto,CA,remote,,,scaleup,python|tableau|sql|statistics
J73452,2025-08-19,Data Scientist,mid,San Francisco,US,remote,147000,195500,startup,pytorch|sql|experimentation
J72378,2025-08-20,Senior Machine Learning Engineer,senior,Amsterdam,NL,hybrid,126500,168500,startup,mlflow|pytorch|python|sql|aws|kubernetes
J72754,2025-08-20,Staff Analytics Engineer,staff,London,GB,onsite,,,midmarket,sql|dbt|snowflake|git|airflow
J70817,2025-08-21,Senior Data Engineer,senior,Toronto,CA,remote,,,midmarket,terraform|spark|sql|aws
J71110,2025-08-21,Lead Data Analyst,lead,New York,US,remote,149000,199000,midmarket,excel|tableau|looker|sql|statistics|python
J71427,2025-08-21,Data Scientist,mid,New York,US,remote,131000,175000,scaleup,pytorch|statistics|sql|python
J71009,2025-08-22,Data Engineer,mid,New York,US,hybrid,134500,179000,startup,aws|terraform|spark|sql|kafka|airflow
J71348,2025-08-22,Lead Data Platform Engineer,lead,London,GB,remote,166500,222000,scaleup,terraform|kubernetes|observability|python|aws
J71532,2025-08-22,Analytics Engineer,mid,New York,US,onsite,115500,154000,startup,snowflake|sql|python|git
J70255,2025-08-23,BI Developer,mid,Berlin,DE,remote,60000,80000,scaleup,power bi|sql|excel|dax|modelling
J70467,2025-08-23,Junior Data Scientist,junior,Bengaluru,IN,remote,,,scaleup,experimentation|python|sql|statistics|pandas|pytorch
J71540,2025-08-23,Junior Analytics Engineer,junior,Toronto,CA,hybrid,60500,80500,midmarket,sql|git|python|dbt|airflow|snowflake
J72976,2025-08-23,Data Engineer,mid,Austin,US,remote,114500,153000,startup,sql|airflow|terraform|python|kafka|spark
J73253,2025-08-23,Senior Research Scientist,senior,Amsterdam,NL,hybrid,143000,191000,enterprise,python|research|statistics|pytorch|jax
J73467,2025-08-23,Senior Analytics Engineer,senior,San Francisco,US,remote,164000,218500,scaleup,snowflake|airflow|dbt|sql|python|git
J71804,2025-08-24,Senior Data Engineer,senior,London,GB,hybrid,123500,164500,startup,python|airflow|sql|spark|kafka
J72243,2025-08-24,Junior Data Platform Engineer,junior,San Francisco,US,remote,115500,153500,enterprise,observability|python|spark
J72326,2025-08-24,Senior Data Engineer,senior,Amsterdam,NL,remote,123000,164000,startup,terraform|sql|kafka|aws|airflow|spark
J70776,2025-08-25,Data Analyst,mid,Amsterdam,NL,remote,63500,84500,scaleup,excel|python|tableau
J70410,2025-08-26,Data Engineer,mid,London,GB,hybrid,,,scaleup,sql|spark|kafka
J70752,2025-08-26,Data Analyst,mid,Chicago,US,remote,73000,97000,midmarket,statistics|looker|python|excel|tableau|sql
J70874,2025-08-26,Data Scientist,mid,San Francisco,US,remote,162500,217000,scaleup,python|statistics|pandas|pytorch
J71287,2025-08-26,Data Engineer,mid,London,GB,remote,87500,117000,scaleup,terraform|airflow|spark|kafka|sql
J71809,2025-08-26,Data Engineer,mid,London,GB,onsite,93500,124500,midmarket,terraform|spark|kafka|aws
J71900,2025-08-26,Data Analyst,mid,London,GB,remote,67000,89500,scaleup,sql|excel|statistics|python|tableau
J70732,2025-08-27,Data Scientist,mid,New York,US,onsite,143500,191500,midmarket,statistics|experimentation|sql|python
J71489,2025-08-27,Senior Data Engineer,senior,Amsterdam,NL,hybrid,114000,151500,enterprise,airflow|kafka|sql|spark
J72113,2025-08-27,Junior Data Analyst,junior,London,GB,hybrid,48500,65000,scaleup,looker|tableau|python|sql|statistics
J72204,2025-08-27,Machine Learning Engineer,mid,Toronto,CA,remote,116000,154500,startup,kubernetes|mlflow|pytorch|aws|sql
J72229,2025-08-27,Senior Research Scientist,senior,San Francisco,US,hybrid,218500,291500,startup,pytorch|jax|research|python|statistics
J73082,2025-08-27,Staff Data Analyst,staff,San Francisco,US,remote,142500,190000,enterprise,statistics|excel|sql|python|looker
J71094,2025-08-28,Junior Data Analyst,junior,Toronto,CA,hybrid,,,enterprise,tableau|python|statistics
J71257,2025-08-28,Data Analyst,mid,Amsterdam,NL,hybrid,58500,78000,enterprise,excel|python|looker|tableau|statistics|sql
J71548,2025-08-28,Data Analyst,mid,Austin,US,hybrid,73500,98500,midmarket,excel|looker|sql
J71854,2025-08-28,Staff Analytics Engineer,staff,Chicago,US,hybrid,150000,200000,enterprise,sql|dbt|git|snowflake
J70840,2025-08-29,Data Analyst,mid,Amsterdam,NL,onsite,59500,79500,enterprise,looker|python|statistics
J71307,2025-08-29,Junior BI Developer,junior,Amsterdam,NL,hybrid,44000,58500,enterprise,excel|sql|power bi
J72151,2025-08-29,Staff Data Scientist,staff,New York,US,hybrid,200500,267500,scaleup,pandas|pytorch|python
J71073,2025-08-30,Senior Data Scientist,senior,London,GB,remote,129500,173000,scaleup,statistics|python|experimentation|pandas|pytorch|sql
J72405,2025-08-30,Senior Analytics Engineer,senior,São Paulo,BR,remote,47000,63000,enterprise,python|dbt|airflow|git|snowflake
J72750,2025-08-30,Junior Data Engineer,junior,Austin,US,hybrid,78000,104000,scaleup,kafka|airflow|terraform|sql|python|aws
J72801,2025-08-30,Data Analyst,mid,Chicago,US,hybrid,69000,92000,scaleup,excel|python|looker|sql|tableau
J70533,2025-08-31,Data Engineer,mid,Chicago,US,remote,,,startup,kafka|python|spark
J71227,2025-08-31,Data Engineer,mid,London,GB,hybrid,,,midmarket,airflow|kafka|python
J71783,2025-09-01,Analytics Engineer,mid,Amsterdam,NL,onsite,73000,97500,enterprise,python|dbt|git|airflow
J73385,2025-09-01,Data Engineer,mid,San Francisco,US,hybrid,,,enterprise,sql|airflow|aws
J70450,2025-09-02,Staff Data Analyst,staff,New York,US,remote,148500,198000,scaleup,statistics|excel|sql|python|looker
J71439,2025-09-02,Staff Data Engineer,staff,Berlin,DE,hybrid,,,enterprise,python|sql|aws|airflow
J70473,2025-09-03,Data Engineer,mid,Toronto,CA,hybrid,91000,121500,midmarket,terraform|airflow|kafka|python|aws|sql
J71958,2025-09-03,Senior BI Developer,senior,San Francisco,US,onsite,138500,185000,startup,sql|power bi|modelling|excel
J72084,2025-09-03,Lead Data Analyst,lead,Bengaluru,IN,hybrid,38500,51000,midmarket,sql|tableau|looker|excel|statistics|python
J72457,2025-09-03,Staff Data Engineer,staff,Bengaluru,IN,remote,57500,77000,midmarket,sql|kafka|python|aws|airflow
J72562,2025-09-03,Junior Data Scientist,junior,London,GB,hybrid,69000,92000,startup,experimentation|pandas|statistics|python|sql|pytorch
J73277,2025-09-03,Lead Data Analyst,lead,Austin,US,hybrid,126500,168500,scaleup,sql|looker|tableau|python|statistics|excel
J73286,2025-09-03,Machine Learning Engineer,mid,Bengaluru,IN,hybrid,41000,54500,enterprise,kubernetes|aws|mlflow|python|pytorch|sql
J70398,2025-09-04,Data Platform Engineer,mid,San Francisco,US,hybrid,148500,198000,midmarket,observability|kubernetes|terraform
J70841,2025-09-04,Staff Analytics Engineer,staff,Berlin,DE,remote,122000,162500,scaleup,dbt|airflow|sql|python
J71043,2025-09-04,Junior Data Engineer,junior,London,GB,remote,74500,99500,midmarket,python|terraform|sql|kafka|aws|spark
J71328,2025-09-04,Senior Data Engineer,senior,Bengaluru,IN,onsite,48000,64500,midmarket,sql|spark|airflow|kafka|terraform
J71704,2025-09-04,BI Developer,mid,New York,US,remote,94500,125500,startup,power bi|excel|modelling
J72074,2025-09-04,Data Analyst,mid,Chicago,US,onsite,73500,98000,scaleup,tableau|statistics|excel|looker|python
J72263,2025-09-04,Senior Data Analyst,senior,Berlin,DE,remote,,,midmarket,tableau|looker|sql|python
J72819,2025-09-04,BI Developer,mid,Toronto,CA,onsite,66000,88000,enterprise,sql|excel|dax|modelling|power bi
J73119,2025-09-04,Data Analyst,mid,Bengaluru,IN,remote,25000,33500,startup,excel|looker|statistics
J73386,2025-09-04,Staff Data Scientist,staff,Chicago,US,hybrid,177000,236000,enterprise,pandas|experimentation|statistics|python|sql
J71086,2025-09-05,Staff Analytics Engineer,staff,London,GB,onsite,116500,155500,startup,git|python|dbt|airflow|sql|snowflake
J71780,2025-09-05,Junior Data Analyst,junior,Berlin,DE,remote,44000,59000,midmarket,looker|statistics|python|excel|sql
J72057,2025-09-05,Junior Data Analyst,junior,San Francisco,US,remote,65000,87000,enterprise,python|looker|sql|statistics|tableau
J72404,2025-09-05,Junior Data Engineer,junior,Chicago,US,hybrid,78000,104000,midmarket,terraform|kafka|spark|sql|aws|airflow
J72490,2025-09-05,Data Analyst,mid,Austin,US,remote,75500,101000,startup,sql|excel|statistics|looker|tableau|python
J72881,2025-09-05,Machine Learning Engineer,mid,Berlin,DE,onsite,,,midmarket,aws|pytorch|sql|mlflow|python
J70744,2025-09-06,Senior Machine Learning Engineer,senior,London,GB,remote,149000,199000,midmarket,python|pytorch|aws|kubernetes|mlflow
J72424,2025-09-06,Senior Data Analyst,senior,Bengaluru,IN,hybrid,31000,41000,scaleup,excel|sql|python|statistics
J70340,2025-09-07,Senior Data Analyst,senior,Berlin,DE,hybrid,70500,94000,midmarket,sql|statistics|excel|python|looker|tableau
J70873,2025-09-07,Machine Learning Engineer,mid,Bengaluru,IN,hybrid,,,midmarket,python|pytorch|kubernetes|mlflow|sql
J73360,2025-09-07,Senior Data Analyst,senior,New York,US,hybrid,108500,144500,midmarket,python|sql|excel|looker
J73490,2025-09-07,Lead Data Analyst,lead,San Francisco,US,onsite,154000,205500,startup,python|statistics|excel
J70291,2025-09-08,Data Engineer,mid,Chicago,US,remote,,,enterprise,kafka|aws|sql|airflow|spark|python
J71460,2025-09-08,Senior BI Developer,senior,San Francisco,US,remote,128000,170500,scaleup,sql|power bi|excel|modelling
J72570,2025-09-09,Lead BI Developer,lead,Berlin,DE,hybrid,,,startup,sql|excel|modelling|power bi
J70712,2025-09-10,Junior Data Analyst,junior,Chicago,US,remote,57000,76000,startup,excel|tableau|python|looker|sql|statistics
J71626,2025-09-10,Junior Data Analyst,junior,London,GB,onsite,47000,62500,enterprise,sql|excel|statistics|python|tableau|looker
J73001,2025-09-10,Lead Data Engineer,lead,New York,US,remote,225500,300500,scaleup,terraform|aws|airflow|kafka|python
J70483,2025-09-11,Lead Data Platform Engineer,lead,São Paulo,BR,onsite,79000,105500,startup,aws|observability|kubernetes|terraform
J72679,2025-09-11,Analytics Engineer,mid,Berlin,DE,remote,,,midmarket,dbt|python|snowflake
J72215,2025-09-12,Senior Data Analyst,senior,San Francisco,US,onsite,117500,156500,midmarket,sql|tableau|looker|excel
J70863,2025-09-13,Data Analyst,mid,Toronto,CA,remote,,,scaleup,statistics|python|sql|excel|tableau
J71964,2025-09-13,Data Platform Engineer,mid,Austin,US,remote,132500,177000,enterprise,observability|aws|python|spark|kubernetes|terraform
J72677,2025-09-13,Senior BI Developer,senior,Chicago,US,hybrid,99500,133000,startup,excel|sql|power bi|dax
J73340,2025-09-13,Junior Data Engineer,junior,San Francisco,US,remote,112000,149500,enterprise,aws|kafka|spark
J71349,2025-09-14,Data Scientist,mid,London,GB,remote,97500,130000,scaleup,sql|statistics|python|experimentation|pandas
J72950,2025-09-14,Junior BI Developer,junior,Bengaluru,IN,hybrid,20500,27500,enterprise,dax|modelling|sql|power bi
J71066,2025-09-15,Junior Machine Learning Engineer,junior,New York,US,onsite,123500,164500,startup,python|sql|kubernetes
J71768,2025-09-15,Senior Analytics Engineer,senior,Toronto,CA,hybrid,100500,133500,enterprise,git|python|sql|snowflake|airflow|dbt
J73305,2025-09-15,Staff Analytics Engineer,staff,Toronto,CA,remote,,,enterprise,airflow|python|sql
J71226,2025-09-16,Data Analyst,mid,Bengaluru,IN,remote,23000,30500,scaleup,sql|looker|statistics|python|tableau
J72862,2025-09-16,Senior Data Analyst,senior,Berlin,DE,hybrid,70500,94500,enterprise,tableau|python|excel|looker
J70277,2025-09-17,Senior Analytics Engineer,senior,Chicago,US,onsite,115000,153500,enterprise,sql|git|python
J70372,2025-09-17,Data Engineer,mid,New York,US,onsite,133500,178000,scaleup,airflow|spark|aws|sql|terraform
J70550,2025-09-17,Data Scientist,mid,Chicago,US,remote,112500,150000,enterprise,python|pandas|statistics|experimentation
J71576,2025-09-17,Staff Data Analyst,staff,Bengaluru,IN,remote,35500,47500,enterprise,python|statistics|tableau|sql|excel
J70663,2025-09-18,Senior Data Analyst,senior,Chicago,US,onsite,88500,118000,midmarket,python|excel|tableau|looker|statistics|sql
J71106,2025-09-18,Data Analyst,mid,Amsterdam,NL,hybrid,62000,83000,scaleup,looker|statistics|python|tableau
J71242,2025-09-18,Senior Data Scientist,senior,New York,US,hybrid,174500,232500,scaleup,pandas|pytorch|sql|experimentation|python|statistics
J71976,2025-09-18,Junior Machine Learning Engineer,junior,San Francisco,US,onsite,133000,177500,enterprise,python|sql|pytorch
J73292,2025-09-18,Staff Data Scientist,staff,Toronto,CA,remote,154000,205500,scaleup,experimentation|pytorch|python|sql|statistics|pandas
J71286,2025-09-19,Senior Data Platform Engineer,senior,São Paulo,BR,onsite,,,enterprise,terraform|observability|kubernetes|python
J72284,2025-09-19,Junior Data Analyst,junior,Bengaluru,IN,onsite,17500,23000,midmarket,sql|tableau|python
J70293,2025-09-20,Staff Analytics Engineer,staff,San Francisco,US,remote,196000,261500,midmarket,git|snowflake|airflow|sql|dbt|python
J70877,2025-09-21,Data Analyst,mid,San Francisco,US,remote,99500,133000,midmarket,excel|sql|statistics|tableau|python|looker
J71942,2025-09-21,Junior Data Platform Engineer,junior,São Paulo,BR,remote,37000,49500,enterprise,spark|terraform|aws|python|kubernetes|observability
J72064,2025-09-22,Staff Data Scientist,staff,New York,US,onsite,227000,302500,enterprise,pandas|python|experimentation|sql
J73306,2025-09-22,Senior Data Engineer,senior,New York,US,remote,184000,245500,scaleup,sql|kafka|airflow|spark|terraform
J72539,2025-09-23,Lead Research Scientist,lead,London,GB,onsite,,,scaleup,statistics|research|jax|python|pytorch
J70185,2025-09-24,Staff Data Analyst,staff,Toronto,CA,hybrid,85500,114000,enterprise,tableau|python|looker
J71062,2025-09-24,Data Analyst,mid,Bengaluru,IN,remote,,,scaleup,tableau|sql|statistics|python|excel
J71324,2025-09-24,Senior Data Scientist,senior,New York,US,hybrid,160500,214000,enterprise,sql|pytorch|statistics|python|experimentation
J71838,2025-09-24,Data Engineer,mid,Chicago,US,hybrid,111500,148500,startup,sql|kafka|python
J72792,2025-09-24,Senior Data Platform Engineer,senior,Toronto,CA,onsite,115500,153500,startup,terraform|observability|kubernetes|aws|spark|python
J71015,2025-09-25,Staff Machine Learning Engineer,staff,London,GB,hybrid,,,enterprise,kubernetes|mlflow|pytorch|sql
J71560,2025-09-25,Junior Data Platform Engineer,junior,Amsterdam,NL,remote,,,enterprise,aws|terraform|kubernetes|observability|spark|python
J71726,2025-09-25,Senior Data Engineer,senior,Bengaluru,IN,onsite,42000,56000,startup,aws|terraform|sql|airflow|python
J72412,2025-09-25,Senior Research Scientist,senior,New York,US,hybrid,211000,281500,scaleup,jax|research|python|statistics
J73170,2025-09-25,Senior Analytics Engineer,senior,San Francisco,US,hybrid,162500,217000,enterprise,sql|git|dbt|airflow|python
J73357,2025-09-25,Staff BI Developer,staff,Austin,US,hybrid,118500,158500,scaleup,dax|power bi|modelling|sql|excel
J70140,2025-09-26,Junior BI Developer,junior,Chicago,US,hybrid,54500,72500,scaleup,sql|power bi|excel|dax|modelling
J70458,2025-09-26,Staff Data Engineer,staff,Amsterdam,NL,remote,,,startup,sql|terraform|spark|airflow|kafka|aws
J70660,2025-09-26,Data Analyst,mid,San Francisco,US,hybrid,90000,120000,enterprise,looker|sql|statistics|python|excel
J70846,2025-09-26,Staff Data Engineer,staff,San Francisco,US,hybrid,206000,275000,startup,spark|kafka|airflow|sql
J71334,2025-09-26,Junior Data Analyst,junior,Bengaluru,IN,hybrid,,,enterprise,tableau|sql|looker
J71585,2025-09-26,Staff Data Platform Engineer,staff,San Francisco,US,hybrid,248500,331500,scaleup,terraform|kubernetes|aws
J72666,2025-09-26,Junior Data Scientist,junior,Berlin,DE,remote,63000,84000,scaleup,experimentation|sql|pandas|pytorch|python|statistics
J72676,2025-09-26,Staff Data Engineer,staff,New York,US,hybrid,209000,279000,midmarket,python|kafka|aws|airflow|terraform|sql
J73434,2025-09-26,Senior Data Analyst,senior,Toronto,CA,hybrid,,,enterprise,excel|statistics|python
J70928,2025-09-27,Analytics Engineer,mid,Berlin,DE,remote,71500,95500,enterprise,python|sql|airflow|snowflake
J71441,2025-09-27,Data Scientist,mid,São Paulo,BR,hybrid,43500,57500,scaleup,experimentation|statistics|pandas|python
J72155,2025-09-27,Data Analyst,mid,New York,US,onsite,90500,120500,scaleup,excel|tableau|python|sql|statistics
